horizon_day,pair,source_n,source_prevalence,target_n,target_prevalence,auroc_mean,auroc_sd,average_precision_mean,average_precision_sd,brier_mean,brier_sd,log_loss_mean,log_loss_sd,ece_mean,ece_sd,aurc_mean,aurc_sd,marginal_coverage_mean,marginal_coverage_sd,marginal_class0_coverage_mean,marginal_class0_coverage_sd,marginal_class1_coverage_mean,marginal_class1_coverage_sd,marginal_avg_set_size_mean,marginal_avg_set_size_sd,marginal_singleton_rate_mean,marginal_singleton_rate_sd,marginal_singleton_accuracy_mean,marginal_singleton_accuracy_sd,label_conditional_coverage_mean,label_conditional_coverage_sd,label_conditional_class0_coverage_mean,label_conditional_class0_coverage_sd,label_conditional_class1_coverage_mean,label_conditional_class1_coverage_sd,label_conditional_avg_set_size_mean,label_conditional_avg_set_size_sd,label_conditional_singleton_rate_mean,label_conditional_singleton_rate_sd,label_conditional_singleton_accuracy_mean,label_conditional_singleton_accuracy_sd
14,AAA-J,370,0.2486486486486486,318,0.2578616352201258,0.5684993799090534,0.05193179810189828,0.3429999415118239,0.04403297434300124,0.1903729243896903,0.0052313328606850016,0.5693335838776428,0.014285470527132993,0.04574058222447025,0.02808367094108549,0.22124779881478926,0.03664742826704416,0.9223270440251572,0.047576860052300794,0.9991525423728813,0.0017865975481177237,0.7012195121951219,0.18272346419233781,1.6446540880503147,0.18366861833108789,0.35534591194968546,0.18366861833108794,0.7823994299475067,0.054541225819366726,0.9172955974842767,0.038056233693597286,0.9266949152542374,0.03939893204973513,0.8902439024390244,0.09516016187576928,1.7544025157232706,0.13005044700914334,0.24559748427672953,0.1300504470091434,0.613707909094903,0.1642848063429041
14,BBB-B,1606,0.5006226650062267,1257,0.4272076372315035,0.6941759776536314,0.006009292477233108,0.6322773167889497,0.006613615910399047,0.22487812475881125,0.0055196126895758835,0.6467563198407142,0.01634143939125951,0.08483686003927701,0.021582849631213555,0.27958704267050427,0.011705709115860517,0.8688146380270485,0.03755191261490419,0.8755555555555554,0.03142833204084627,0.8597765363128491,0.05503240534385828,1.5373110580747813,0.10837607734804983,0.4626889419252188,0.10837607734804983,0.7193215227176719,0.01716276870287853,0.8635640413683374,0.0391199111427524,0.8640277777777777,0.042220851585940064,0.8629422718808195,0.05778615852536367,1.5249801113762929,0.10565846605403881,0.47501988862370725,0.10565846605403885,0.7160884176417435,0.019999062873517083
14,BBB-J,1851,0.4219340896812534,1760,0.3585227272727272,0.6426028110651475,0.01309398119259021,0.5049019129098362,0.01306039038955683,0.2254371827542041,0.010037419383282948,0.653565359838703,0.03408153399081243,0.08830850770594431,0.03826842306466447,0.26118128212763747,0.009816924157565483,0.787159090909091,0.0503725218249453,0.9797165633303807,0.010883749879918532,0.44263074484944537,0.13364308677699574,1.2889204545454542,0.12587995198047253,0.7110795454545455,0.1258799519804725,0.7044754051051416,0.024651681528340075,0.8061931818181819,0.055176048957480725,0.9528786536758191,0.018667427425598623,0.5437400950871633,0.15507248283518782,1.346818181818182,0.1461515614888183,0.6531818181818182,0.1461515614888183,0.7083307611140424,0.025238807915193572
14,DDD-B,1197,0.5747702589807853,1008,0.5337301587301587,0.6726283318832557,0.011828114904171965,0.707161739915877,0.010640932267970516,0.22707632672203704,0.0030061347000189587,0.6448421412956135,0.006759447595522574,0.04866281108325304,0.013996205530589105,0.2821897859231333,0.012261517417136606,0.8935515873015873,0.03145552290003883,0.8768085106382978,0.0423333565026807,0.90817843866171,0.04476600718859189,1.6136904761904762,0.08229437584375035,0.38630952380952377,0.08229437584375038,0.7285772618858252,0.02707226018760727,0.8818452380952382,0.048401335331979864,0.9257446808510638,0.04816903071835739,0.8434944237918216,0.093331668385847,1.611607142857143,0.1051111440200882,0.3883928571428571,0.10511114402008823,0.7047624221402369,0.041680149398696194
14,DDD-J,1675,0.5068656716417911,1381,0.445329471397538,0.7054675327432125,0.008175600718093761,0.6560262997826112,0.011408989048789652,0.21698599226236542,0.0035945579267254754,0.6252837608339339,0.00811652864967419,0.04501299745449708,0.014358058425900072,0.25591758903871004,0.013818609084296739,0.9154236060825488,0.022531176856003348,0.9327676240208878,0.03333600327437453,0.8938211382113821,0.016898925878450384,1.640622737146995,0.05673404388067396,0.35937726285300503,0.056734043880673976,0.7683742952511905,0.028843657980724583,0.9166545981173062,0.02120894327191603,0.9328981723237598,0.02993578827034963,0.8964227642276423,0.02925875584863903,1.645257060101376,0.054330941794141094,0.35474293989862415,0.054330941794141066,0.7681617752258718,0.024379717832869734
14,EEE-J,933,0.3483386923901393,1003,0.3240279162512463,0.7145159972770593,0.009280877873411718,0.5461240720941519,0.016315092064244693,0.19366800531204026,0.0040157894828685495,0.5725561404130505,0.009732487244022689,0.058116604878287584,0.01519049450732493,0.19188924402996335,0.01049387780962177,0.8982053838484546,0.0331819138951088,0.9753687315634219,0.012242776383154635,0.7372307692307694,0.09334122254625755,1.492023928215354,0.12329834395185978,0.507976071784646,0.1232983439518598,0.8036389007217535,0.022568880990620505,0.8900299102691923,0.04346382323312049,0.8957227138643067,0.047279765079361706,0.8781538461538462,0.08511213935517502,1.5738783649052839,0.1621182781458888,0.42612163509471584,0.1621182781458888,0.7367214553494588,0.06396667249412459
14,FFF-B,1520,0.4861842105263158,1264,0.495253164556962,0.7277724919126263,0.006362723677712353,0.7263360907938663,0.006176056673858961,0.2114235515568214,0.0011157203635624468,0.6099896993884671,0.0027138246352501876,0.04286756802340939,0.010191589623223573,0.22887865366397606,0.006764523027310188,0.8952531645569619,0.017804832291031237,0.9159874608150471,0.014744284159378881,0.8741214057507987,0.025266787745547293,1.5388449367088608,0.06060290683496443,0.4611550632911392,0.0606029068349644,0.7738494254355516,0.00981905881274574,0.8988132911392406,0.018730870115693982,0.9012539184952978,0.038122124027073566,0.8963258785942493,0.04016935785815624,1.5541930379746833,0.06399078177464457,0.44580696202531644,0.06399078177464457,0.7741521112553508,0.012342497542695516
14,FFF-J,1998,0.4519519519519519,1800,0.3927777777777778,0.7332169094572507,0.003974409393150489,0.637065349851196,0.006651910195988902,0.2013648728432043,0.001209463210850011,0.5892093882010311,0.002247925453327966,0.036095476178039654,0.006742860870070532,0.21059905146664493,0.0030601439382363016,0.9067222222222222,0.011931014557347063,0.9690759377859104,0.004372905966193311,0.8103253182461103,0.028767360576589976,1.5378888888888889,0.03705721672475497,0.46211111111111103,0.03705721672475497,0.7988073920120529,0.011436926249365887,0.9194444444444445,0.012947080216998853,0.9423604757548032,0.020863228272628324,0.884016973125884,0.03636786567784419,1.5950000000000002,0.04925299319655917,0.40499999999999997,0.04925299319655915,0.8016166655412205,0.0153178430674305
14,GGG-J,926,0.3606911447084233,717,0.3821478382147838,0.6104957901501046,0.08195057842201071,0.5092792597729198,0.06502186445725683,0.22579284352451845,0.005451555238843792,0.6441996449559034,0.011304709448312005,0.038768480350061904,0.01224273441927224,0.31184307114906396,0.06065304537497153,0.9132496513249653,0.024677391944262037,0.9972911963882618,0.00580895682938111,0.7773722627737226,0.05969753842523258,1.6973500697350068,0.09874503252952117,0.30264993026499304,0.09874503252952117,0.7008108278812346,0.1000169026362071,0.9172942817294281,0.02813355989064361,0.9232505643340858,0.035420924893724046,0.9076642335766423,0.027476147822342645,1.7552301255230127,0.07019297935958993,0.24476987447698742,0.07019297935958996,0.6566649118250655,0.11487694534884547
56,AAA-J,365,0.2383561643835616,315,0.2476190476190476,0.606150600454398,0.08653574794047689,0.3948007730389847,0.07456491172288758,0.17785894996449833,0.005664036147723317,0.5423987649214552,0.01643244307798101,0.05060402886891926,0.020527449003223643,0.2067601875659974,0.05459382048640486,0.9425396825396826,0.026495207580755943,1.0,0.0,0.7679487179487179,0.1069998767684375,1.6952380952380952,0.13644639932025007,0.30476190476190473,0.13644639932025013,0.8029030011018315,0.07298062600091938,0.8993650793650794,0.05370930718544479,0.8987341772151899,0.059339024218646924,0.9012820512820513,0.08924362156515735,1.757142857142857,0.15528717444775977,0.24285714285714283,0.1552871744477598,0.5387414033451686,0.13600065444104412
56,BBB-B,1470,0.454421768707483,1216,0.40625,0.7441127322888513,0.020700330313361295,0.714834957847156,0.039725756951749784,0.20100961234319178,0.015074032582192693,0.5850276072390534,0.039161267897504494,0.09286049582395307,0.03090116534201827,0.2001788175323354,0.04740529402297786,0.9186677631578949,0.02977344711297942,0.9383656509695291,0.043639189334118325,0.8898785425101213,0.05485294604151901,1.5700657894736842,0.0979211789985999,0.42993421052631575,0.0979211789985999,0.8141258328893821,0.0450217896728524,0.8740953947368422,0.04793693931121471,0.8195290858725762,0.08534236476027694,0.9538461538461538,0.030637547608902863,1.5601151315789474,0.0858765549235521,0.43988486842105257,0.08587655492355208,0.719304658037869,0.07086914753111306
56,BBB-J,1785,0.3994397759103641,1723,0.3383633197910621,0.7070814901748368,0.0127466900947058,0.5895221235588669,0.01578384349065624,0.21314166660555794,0.0150328033260579,0.6616325986717014,0.07132085970527816,0.1309359977215407,0.0513073442327701,0.19743767149185526,0.010098950078465053,0.8084155542658156,0.045301655753115753,0.9787719298245612,0.01186860798684057,0.47530017152658666,0.15473867926619536,1.229483459082995,0.1326285548110652,0.7705165409170053,0.1326285548110652,0.7546432736891872,0.022694305746731414,0.8175275681950087,0.036550515868494796,0.9429824561403508,0.045514586446832074,0.5722126929674098,0.17371803818391607,1.2716192687173535,0.13161037997055483,0.7283807312826466,0.13161037997055486,0.7487121983195275,0.027885730177887084
56,DDD-B,1085,0.5299539170506913,933,0.4962486602357985,0.7538008363586232,0.00935466082411289,0.775972787453985,0.0072762722829758895,0.199979708719844,0.0035837317280316165,0.5875242517740021,0.008616314200212928,0.058254595662175016,0.016041334434796977,0.19761379283110134,0.007264158918635534,0.8945337620578779,0.03145684685143644,0.9114893617021277,0.024469626840111027,0.8773218142548597,0.052951751623294976,1.5175777063236873,0.08487929452142125,0.482422293676313,0.08487929452142125,0.7850593673671542,0.024797542701802674,0.8869239013933548,0.02871641142665853,0.8672340425531916,0.04884048616546348,0.9069114470842333,0.042120630159671754,1.5064308681672025,0.07696711804924575,0.4935691318327974,0.07696711804924579,0.7734223821684773,0.02726023324441163
56,DDD-J,1574,0.4739517153748411,1331,0.4237415477084899,0.7323037162380834,0.00942880207796246,0.6934110730706862,0.009146818349029032,0.20612964391563873,0.0034489483500467644,0.5993356104175573,0.008350934491377601,0.06426413803676474,0.017525985687658736,0.21675428180445744,0.010212582819573145,0.9038317054845979,0.024604205541327598,0.9354628422425032,0.029732368455784548,0.8608156028368794,0.04400791926473325,1.5577761081893313,0.08315621545945988,0.4422238918106687,0.08315621545945995,0.7849498956699977,0.020665394168632157,0.8859504132231404,0.0269911577742141,0.8636245110821381,0.06635549212195226,0.9163120567375888,0.04594597771062825,1.556123215627348,0.05342946504063484,0.4438767843726521,0.053429465040634776,0.7447380305895359,0.039388003576372906
56,EEE-J,906,0.3278145695364238,974,0.3039014373716632,0.7910413178665392,0.010145747007920208,0.6862422501975157,0.01326685751058309,0.1580049580401845,0.0033031335169201445,0.48990442866636874,0.007896627945856462,0.059385721493894185,0.01990348113313948,0.12120579096746482,0.005104089756166888,0.9161190965092402,0.020084344625606092,0.985250737463127,0.007488469130642964,0.7577702702702702,0.05482395588711274,1.3875770020533884,0.07197158617236436,0.6124229979466119,0.07197158617236432,0.8645445725096087,0.016495251678066106,0.8915811088295686,0.031734277184060654,0.8780235988200589,0.0438254177501394,0.9226351351351353,0.05745340546220574,1.508829568788501,0.10449573430715511,0.491170431211499,0.10449573430715506,0.7779280927128717,0.060522066301010466
56,FFF-B,1407,0.4442075337597725,1214,0.4728171334431631,0.7904428898083624,0.00722324263266292,0.7942336380367722,0.00843071649110362,0.18555461487146765,0.003231370322724101,0.54631331480875,0.008004766945491463,0.042799493275373426,0.014721279880427858,0.16062600726055384,0.007186597012876657,0.9157331136738056,0.01852533010876447,0.94359375,0.020365182749064105,0.8846689895470383,0.030814301753792805,1.5075782537067546,0.06200374122185174,0.4924217462932455,0.06200374122185169,0.830606868935081,0.016932899424141713,0.9080724876441515,0.013630621508862613,0.87953125,0.03147876337156173,0.9398954703832754,0.029840764054996353,1.520840197693575,0.06206845477650078,0.4791598023064251,0.06206845477650073,0.8079865342812068,0.014254193008693976
56,FFF-J,1915,0.4281984334203655,1714,0.3605600933488915,0.7810273604516571,0.005361229576432676,0.7012786479161555,0.008115172643024443,0.17579882447718584,0.003127110040909451,0.5270738781982418,0.008085501009920636,0.03710266247200162,0.015521260825327772,0.1453142892132603,0.004790544694209466,0.9051925320886814,0.017147632274848747,0.9718978102189781,0.01043679347422246,0.7868932038834952,0.04156368298428636,1.4273045507584599,0.057605345118064935,0.5726954492415403,0.057605345118065,0.835590495676508,0.01482483699145899,0.9146441073512251,0.016851282211281925,0.9282846715328468,0.023886606510301167,0.8904530744336571,0.029454480787570504,1.5145274212368727,0.05844503598820356,0.48547257876312716,0.05844503598820352,0.825187614324768,0.01911276448837433
56,GGG-J,919,0.3558215451577802,696,0.3635057471264368,0.7075223726121753,0.01618789995359267,0.601686861166814,0.01933857661977809,0.20358175365461667,0.004063741034279892,0.5953517247004291,0.00924836869213826,0.05637884103413585,0.010835909052116299,0.2163334021450142,0.013452216436800847,0.942816091954023,0.024633810523245737,0.9939051918735892,0.003693886443531491,0.8533596837944664,0.07052010622574505,1.7022988505747125,0.0989487246252335,0.29770114942528736,0.0989487246252335,0.811124674430442,0.024326565316929002,0.9260057471264369,0.023814290977877028,0.9049661399548533,0.03352311253228616,0.9628458498023715,0.026165357759802676,1.721551724137931,0.06457814341493606,0.2784482758620689,0.06457814341493599,0.735615618470058,0.05542347294699044
