target_definition,domain,metric,n_repeats,mean,sd,min,q25,median,q75,max
cpi_constant_2018usd,id_test,prevalence,5,0.3875121099015365,0.003933418159103407,0.38244303062403084,0.3844110540279727,0.388719454585308,0.390331276068443,0.39165573420192795
cpi_constant_2018usd,id_test,auroc,5,0.8827026779530028,0.0022445209072339853,0.8794568090052322,0.8813859480665056,0.8835326698386925,0.884232091426439,0.8849058714281444
cpi_constant_2018usd,id_test,average_precision,5,0.8185509674771417,0.0028032687922650065,0.8155360249731627,0.8160703796886297,0.8189057076990967,0.8199275518682532,0.8223151731565659
cpi_constant_2018usd,id_test,brier,5,0.13464441135322874,0.0011436536203145355,0.1336144756043312,0.13390231936996483,0.13394972988670067,0.13565936634272402,0.1360961655624231
cpi_constant_2018usd,id_test,log_loss,5,0.41797276347387663,0.0028409936857112703,0.41530570016962387,0.41578594755383275,0.4168870923131032,0.42005603466353636,0.421829042669287
cpi_constant_2018usd,id_test,ece,5,0.013114335350681114,0.0031213619031957613,0.009216537565568422,0.012226004355320525,0.012998011517695533,0.013224718973224523,0.017906404341596568
cpi_constant_2018usd,id_test,calibration_intercept,5,-0.003118110019724573,0.049716190290325896,-0.0670572745276324,-0.03995970199784833,0.009132643728304265,0.027501067982885544,0.05479271471566806
cpi_constant_2018usd,id_test,calibration_slope,5,1.0085321088882624,0.03268781815622832,0.9784725726219012,0.9790986135988546,1.0033239911447167,1.0270294599599654,1.0547359071158742
cpi_constant_2018usd,id_test,hcep_090,5,0.015508875876771688,0.0019548788152995715,0.013220853238613254,0.014604325269451907,0.014665460238271722,0.017092708908087246,0.017961031729434324
cpi_constant_2018usd,id_test,aurc,5,0.07876282688071598,0.0012563727845134299,0.07739840638585249,0.07783019949496436,0.07859736659749067,0.07948265998467806,0.08050550194059433
cpi_constant_2018usd,ood_test,prevalence,5,0.3973446685669603,0.0007816892279417435,0.39643843370540915,0.3967488525413399,0.3972589390238189,0.3981353235360613,0.3981417940281724
cpi_constant_2018usd,ood_test,auroc,5,0.874788262245428,0.0016685385477021148,0.8726706390198989,0.8739915871416088,0.8743054323086898,0.8764040640126529,0.8765695887442901
cpi_constant_2018usd,ood_test,average_precision,5,0.806649126710375,0.0019058926423094502,0.8044037761376744,0.805300146489287,0.8067759770659129,0.807477174123605,0.8092885597353952
cpi_constant_2018usd,ood_test,brier,5,0.14023593024423736,0.0009009145805508659,0.1392415818368384,0.13943232989627674,0.14048991507626127,0.14058621002540447,0.1414296143864059
cpi_constant_2018usd,ood_test,log_loss,5,0.43394421060895816,0.002228596650133827,0.4315014107586928,0.4318419116175349,0.43470772934887747,0.4349005208422714,0.43676948047741454
cpi_constant_2018usd,ood_test,ece,5,0.012270842198775972,0.0028944933125101082,0.008762124687811911,0.009706765197231416,0.01325620249070206,0.014216709694287052,0.015412408923847425
cpi_constant_2018usd,ood_test,calibration_intercept,5,-0.07607884448191769,0.04094243487026427,-0.11409654600773579,-0.09896278396026213,-0.09602191600701804,-0.05879143692312693,-0.01252153951144558
cpi_constant_2018usd,ood_test,calibration_slope,5,0.9658505532017545,0.023922271592474013,0.9347189016187873,0.9485345066528017,0.9694167656962707,0.9879885038959672,0.9885940881449458
cpi_constant_2018usd,ood_test,hcep_090,5,0.01735694027460276,0.0014751385939583243,0.01567397567219498,0.01618066712277531,0.01726007098532875,0.018601029034772617,0.01906895855794213
cpi_constant_2018usd,ood_test,aurc,5,0.08682959538314772,0.0010054772511543263,0.08586285305928991,0.08587273004373026,0.08685281328660886,0.08733963329037647,0.08821994723573308
survey_year_adjusted_50000,id_test,prevalence,5,0.3875121099015365,0.003933418159103407,0.38244303062403084,0.3844110540279727,0.388719454585308,0.390331276068443,0.39165573420192795
survey_year_adjusted_50000,id_test,auroc,5,0.8827026779530028,0.0022445209072339853,0.8794568090052322,0.8813859480665056,0.8835326698386925,0.884232091426439,0.8849058714281444
survey_year_adjusted_50000,id_test,average_precision,5,0.8185509674771417,0.0028032687922650065,0.8155360249731627,0.8160703796886297,0.8189057076990967,0.8199275518682532,0.8223151731565659
survey_year_adjusted_50000,id_test,brier,5,0.13464441135322874,0.0011436536203145355,0.1336144756043312,0.13390231936996483,0.13394972988670067,0.13565936634272402,0.1360961655624231
survey_year_adjusted_50000,id_test,log_loss,5,0.41797276347387663,0.0028409936857112703,0.41530570016962387,0.41578594755383275,0.4168870923131032,0.42005603466353636,0.421829042669287
survey_year_adjusted_50000,id_test,ece,5,0.013114335350681114,0.0031213619031957613,0.009216537565568422,0.012226004355320525,0.012998011517695533,0.013224718973224523,0.017906404341596568
survey_year_adjusted_50000,id_test,calibration_intercept,5,-0.003118110019724573,0.049716190290325896,-0.0670572745276324,-0.03995970199784833,0.009132643728304265,0.027501067982885544,0.05479271471566806
survey_year_adjusted_50000,id_test,calibration_slope,5,1.0085321088882624,0.03268781815622832,0.9784725726219012,0.9790986135988546,1.0033239911447167,1.0270294599599654,1.0547359071158742
survey_year_adjusted_50000,id_test,hcep_090,5,0.015508875876771688,0.0019548788152995715,0.013220853238613254,0.014604325269451907,0.014665460238271722,0.017092708908087246,0.017961031729434324
survey_year_adjusted_50000,id_test,aurc,5,0.07876282688071598,0.0012563727845134299,0.07739840638585249,0.07783019949496436,0.07859736659749067,0.07948265998467806,0.08050550194059433
survey_year_adjusted_50000,ood_test,prevalence,5,0.5104900939839709,0.0020616414074085495,0.5079535510713501,0.5092412475790963,0.5107236007031852,0.5111159627861519,0.5134161077800712
survey_year_adjusted_50000,ood_test,auroc,5,0.8718021024995085,0.0017152814143959404,0.8696654933060803,0.8709246040003621,0.8713293873348636,0.8732893573206066,0.8738016705356297
survey_year_adjusted_50000,ood_test,average_precision,5,0.8641834728817284,0.0021640695477118887,0.861653568941855,0.8629684449720264,0.8638937332382265,0.865053454024526,0.8673481632320081
survey_year_adjusted_50000,ood_test,brier,5,0.15909533557289723,0.002980618380609025,0.15619959210811898,0.15643368912552585,0.1586660882917797,0.16109807705783386,0.1630792312812277
survey_year_adjusted_50000,ood_test,log_loss,5,0.48746381401311556,0.008051117545645596,0.47941452745350666,0.48039522808182206,0.4868565051570129,0.49212354928060703,0.4985292600926292
survey_year_adjusted_50000,ood_test,ece,5,0.10394658696826742,0.007097969926314556,0.09717586824327658,0.0983818558304026,0.10222455108612287,0.10758829697297874,0.11436236270855636
survey_year_adjusted_50000,ood_test,calibration_intercept,5,0.6960129106625278,0.045110426219577796,0.6606441692210993,0.6628087693906742,0.6727430958053233,0.7192702514825458,0.7645982674129961
survey_year_adjusted_50000,ood_test,calibration_slope,5,0.9309039113110098,0.02098060208174549,0.9033040908970602,0.9151698185414227,0.9362113976608628,0.9495587168154734,0.9502755326402297
survey_year_adjusted_50000,ood_test,hcep_090,5,0.027215081974201628,0.002088294706865193,0.02525052364395568,0.025873459548582358,0.026440657324496505,0.028059756141662045,0.03045101321231155
survey_year_adjusted_50000,ood_test,aurc,5,0.11390951139636551,0.003523978359962598,0.10993674695834511,0.11121536584159292,0.11333015860055634,0.1173866898652329,0.1176785957161004
unadjusted_reported_income_50000,id_test,prevalence,5,0.3593885165266925,0.0030688453980230327,0.355106025895461,0.3577422540924747,0.359560377819601,0.3621647260334535,0.36236919879247254
unadjusted_reported_income_50000,id_test,auroc,5,0.8837693893661228,0.0024817829386687734,0.8808546368531212,0.8823362552724641,0.8839550632519957,0.8842087209980942,0.8874922704549393
unadjusted_reported_income_50000,id_test,average_precision,5,0.8042156412886479,0.0024805089707845805,0.8017532486151039,0.8021223738477523,0.803681979821689,0.8060779674407808,0.8074426367179133
unadjusted_reported_income_50000,id_test,brier,5,0.1313540322282848,0.0011519253779486913,0.12968800695479493,0.13093377984315696,0.13128531599986346,0.13231162341777222,0.13255143492583643
unadjusted_reported_income_50000,id_test,log_loss,5,0.4084820360378833,0.0030800827940329722,0.4041565913665356,0.4069782461171578,0.4087443427588688,0.4104250725330713,0.4121059274137829
unadjusted_reported_income_50000,id_test,ece,5,0.011539993033592932,0.00326211285682546,0.008286013148804552,0.008802663663118307,0.011284860684328537,0.013096361080399549,0.01623006659131371
unadjusted_reported_income_50000,id_test,calibration_intercept,5,0.004732541238655561,0.04183300385352307,-0.06284758826426645,-0.008140833120911316,0.026124868157196373,0.028542106523718754,0.039984152897540454
unadjusted_reported_income_50000,id_test,calibration_slope,5,1.0094046613641772,0.03576404371478896,0.9732929428495084,0.9794945125250851,1.008536962864674,1.0244139599878537,1.0612849285937636
unadjusted_reported_income_50000,id_test,hcep_090,5,0.015554360318581087,0.0013724303271711292,0.014184643523910336,0.014321632090461818,0.015404788641480888,0.016524568603886534,0.017336168733165864
unadjusted_reported_income_50000,id_test,aurc,5,0.0741722131921585,0.0014076811356684032,0.07217451004701249,0.07349503251255837,0.07446617229723557,0.07483539006286341,0.0758899610411227
unadjusted_reported_income_50000,ood_test,prevalence,5,0.4808612648318447,0.0015091119796066903,0.4788842697509583,0.4797654606175404,0.48124094865345907,0.4818688652257192,0.48254677991154643
unadjusted_reported_income_50000,ood_test,auroc,5,0.8725866095125042,0.001859121176554234,0.8702586443710585,0.8717749698146636,0.871908812343195,0.8744683156356772,0.8745223053979269
unadjusted_reported_income_50000,ood_test,average_precision,5,0.8518626155867036,0.0021048302243408456,0.8491625952660625,0.8506183853682815,0.8521215358505593,0.8526990120715177,0.8547115493770963
unadjusted_reported_income_50000,ood_test,brier,5,0.15880121598071423,0.002581221173587955,0.1556985785735142,0.15733294729425212,0.15804420059144647,0.16123913114271335,0.16169122230164498
unadjusted_reported_income_50000,ood_test,log_loss,5,0.4861491721220467,0.007113470245081409,0.47789655223670646,0.4815862440902718,0.48440630868338996,0.4919336295020879,0.4949231260977776
unadjusted_reported_income_50000,ood_test,ece,5,0.10330068656582991,0.006153202443998408,0.09631804956294261,0.09891893269413296,0.1022445288887047,0.10789229896231427,0.11112962272105499
unadjusted_reported_income_50000,ood_test,calibration_intercept,5,0.6965089776388033,0.03906550061028982,0.6560885241026281,0.6580112439309875,0.7001904456698109,0.7256205863616662,0.7426340881289238
unadjusted_reported_income_50000,ood_test,calibration_slope,5,0.934315256202874,0.02385648129804365,0.902277524967766,0.9163448202529371,0.9441721961995031,0.950930073623743,0.9578516659704207
unadjusted_reported_income_50000,ood_test,hcep_090,5,0.028458308215493344,0.0022754688126720027,0.026709767987355446,0.027195521714050517,0.027247898722837338,0.028883591697003302,0.03225476095622014
unadjusted_reported_income_50000,ood_test,aurc,5,0.11161941398145421,0.0030210419666198613,0.10816315534825689,0.10995247277185914,0.11046711898299393,0.11413923745621596,0.11537508534794508
