repeat,target_definition,marginal_coverage,marginal_worst_class_coverage,marginal_avg_set_size,marginal_singleton_rate,marginal_ambiguous_rate,marginal_empty_rate,label_conditional_coverage,label_conditional_worst_class_coverage,label_conditional_avg_set_size,label_conditional_singleton_rate,label_conditional_ambiguous_rate,label_conditional_empty_rate,domain_family,condition_id,delta_coverage,delta_worst_class_coverage,delta_avg_set_size,delta_singleton_rate,delta_ambiguous_rate,delta_empty_rate,analysis_id,horizon_day,scenario,heldout_site
0,unadjusted_reported_income_50000,0.876063176638702,0.7956653206090248,1.2471025869573995,0.7528974130426004,0.2471025869573996,0.0,0.890025147275916,0.8425070834273226,1.2563631810272538,0.7436368189727464,0.2563631810272536,0.0,ACSIncome,unadjusted_reported_income_50000,0.013961970637213938,0.04684176281829777,0.009260594069854244,-0.009260594069854022,0.009260594069853995,0.0,,,,
0,survey_year_adjusted_50000,0.8767217094396245,0.8116564153719116,1.2506743178334108,0.7493256821665891,0.2506743178334108,0.0,0.8840388378065094,0.8346467996451616,1.2542091648711322,0.7457908351288678,0.2542091648711322,0.0,ACSIncome,survey_year_adjusted_50000,0.007317128366884917,0.022990384273250064,0.0035348470377214447,-0.0035348470377213337,0.003534847037721389,0.0,,,,
0,cpi_constant_2018usd,0.9005212874134965,0.8709043716080024,1.2506743178334108,0.7493256821665891,0.2506743178334108,0.0,0.8997709826217107,0.8888955224446359,1.2542091648711322,0.7457908351288678,0.2542091648711322,0.0,ACSIncome,cpi_constant_2018usd,-0.0007503047917857275,0.017991150836633496,0.0035348470377214447,-0.0035348470377213337,0.003534847037721389,0.0,,,,
1,unadjusted_reported_income_50000,0.8665891564266087,0.7787464582863387,1.2229561758736438,0.7770438241263563,0.2229561758736437,0.0,0.883927311081918,0.838064962819341,1.2361318330905042,0.7638681669094957,0.2361318330905043,0.0,ACSIncome,unadjusted_reported_income_50000,0.0173381546553093,0.05931850453300225,0.013175657216860426,-0.013175657216860648,0.01317565721686062,0.0,,,,
1,survey_year_adjusted_50000,0.8684438508577618,0.8001251504566151,1.2278809809800673,0.7721190190199326,0.2278809809800673,0.0,0.8814003305542091,0.8391306214947136,1.2380740484938704,0.7619259515061296,0.2380740484938703,0.0,ACSIncome,survey_year_adjusted_50000,0.01295647969644731,0.03900547103809848,0.010193067513803111,-0.010193067513803,0.010193067513803,0.0,,,,
1,cpi_constant_2018usd,0.8927162921415044,0.8620293057857558,1.2278809809800673,0.7721190190199326,0.2278809809800673,0.0,0.8929607257138992,0.8929013980746467,1.2380740484938704,0.7619259515061296,0.2380740484938703,0.0,ACSIncome,cpi_constant_2018usd,0.0002444335723947866,0.030872092288890984,0.010193067513803111,-0.010193067513803,0.010193067513803,0.0,,,,
2,unadjusted_reported_income_50000,0.8618657745862353,0.7723286710277717,1.2097351327811927,0.7902648672188073,0.2097351327811926,0.0,0.8777590830202687,0.8258179679788664,1.2224718098074252,0.7775281901925749,0.2224718098074251,0.0,ACSIncome,unadjusted_reported_income_50000,0.01589330843403347,0.05348929695109472,0.01273667702623249,-0.01273667702623238,0.01273667702623249,0.0,,,,
2,survey_year_adjusted_50000,0.8668362156281699,0.7962764058261218,1.224514299238955,0.7754857007610448,0.2245142992389551,0.0,0.875715468319096,0.8260582882116858,1.225914384734442,0.774085615265558,0.225914384734442,0.0,ACSIncome,survey_year_adjusted_50000,0.008879252690926043,0.029781882385564007,0.0014000854954869801,-0.0014000854954868691,0.0014000854954868969,0.0,,,,
2,cpi_constant_2018usd,0.8921072712048624,0.8592274181916737,1.224514299238955,0.7754857007610448,0.2245142992389551,0.0,0.8901760584380032,0.8820338987334015,1.225914384734442,0.774085615265558,0.225914384734442,0.0,ACSIncome,cpi_constant_2018usd,-0.0019312127668592582,0.022806480541727847,0.0014000854954869801,-0.0014000854954868691,0.0014000854954868969,0.0,,,,
3,unadjusted_reported_income_50000,0.8703846909315645,0.7859713585707189,1.227879230560623,0.7721207694393769,0.2278792305606231,0.0,0.8878698808201916,0.8459655431844586,1.2420364979958325,0.7579635020041677,0.2420364979958322,0.0,ACSIncome,unadjusted_reported_income_50000,0.01748518988862713,0.05999418461373973,0.014157267435209508,-0.014157267435209175,0.01415726743520912,0.0,,,,
3,survey_year_adjusted_50000,0.8761705773746034,0.812625227141944,1.2439308269244018,0.7560691730755983,0.2439308269244017,0.0,0.889511024079145,0.8525386524731325,1.2549879764938674,0.7450120235061326,0.2549879764938673,0.0,ACSIncome,survey_year_adjusted_50000,0.013340446704541598,0.03991342533118858,0.011057149569465574,-0.011057149569465685,0.011057149569465574,0.0,,,,
3,cpi_constant_2018usd,0.8978090124846166,0.8707874946734127,1.2439308269244018,0.7560691730755983,0.2439308269244017,0.0,0.8979894307173356,0.8948873842180632,1.2549879764938674,0.7450120235061326,0.2549879764938673,0.0,ACSIncome,cpi_constant_2018usd,0.00018041823271897073,0.024099889544650588,0.011057149569465574,-0.011057149569465685,0.011057149569465574,0.0,,,,
4,unadjusted_reported_income_50000,0.8748283807507374,0.7925912500603053,1.2430807482242932,0.7569192517757067,0.2430807482242932,0.0,0.887535550706338,0.8435329905819429,1.246622721969752,0.753377278030248,0.246622721969752,0.0,ACSIncome,unadjusted_reported_income_50000,0.012707169955600617,0.05094174052163758,0.0035419737454589484,-0.0035419737454587263,0.003541973745458782,0.0,,,,
4,survey_year_adjusted_50000,0.8758890099039982,0.8089104671179445,1.2510837909534072,0.7489162090465928,0.2510837909534072,0.0,0.8854469252194557,0.8430905291778474,1.2514183711271814,0.7485816288728186,0.2514183711271813,0.0,ACSIncome,survey_year_adjusted_50000,0.009557915315457466,0.03418006205990298,0.00033458017377419047,-0.00033458017377419047,0.00033458017377407945,0.0,,,,
4,cpi_constant_2018usd,0.9005829271839264,0.8691095209530335,1.2510837909534072,0.7489162090465928,0.2510837909534072,0.0,0.8973170195908194,0.8954036723996383,1.2514183711271814,0.7485816288728186,0.2514183711271813,0.0,ACSIncome,cpi_constant_2018usd,-0.0032659075931069648,0.02629415144660474,0.00033458017377419047,-0.00033458017377419047,0.00033458017377407945,0.0,,,,
5,unadjusted_reported_income_50000,0.8668134601753945,0.7800049808913709,1.2211351145018126,0.7788648854981876,0.2211351145018125,0.0,0.8830184683004665,0.8321035399533987,1.237267605249908,0.762732394750092,0.237267605249908,0.0,ACSIncome,unadjusted_reported_income_50000,0.016205008125071974,0.05209855906202776,0.01613249074809553,-0.01613249074809553,0.0161324907480955,0.0,,,,
5,survey_year_adjusted_50000,0.8676535364786787,0.7986768406626104,1.226905372199813,0.7730946278001867,0.2269053721998133,0.0,0.8774001220042352,0.8286533197385583,1.2310812478440143,0.7689187521559854,0.2310812478440146,0.0,ACSIncome,survey_year_adjusted_50000,0.009746585525556517,0.029976479075947915,0.004175875644201188,-0.004175875644201299,0.004175875644201299,0.0,,,,
5,cpi_constant_2018usd,0.8918950953622262,0.8604795808098181,1.226905372199813,0.7730946278001867,0.2269053721998133,0.0,0.8913172068856999,0.8840059600918969,1.2310812478440143,0.7689187521559854,0.2310812478440146,0.0,ACSIncome,cpi_constant_2018usd,-0.0005778884765262893,0.02352637928207879,0.004175875644201188,-0.004175875644201299,0.004175875644201299,0.0,,,,
6,unadjusted_reported_income_50000,0.8711269938058908,0.7850583690058167,1.2373882591616017,0.7626117408383984,0.2373882591616016,0.0,0.888262099805666,0.8433040260466718,1.247429790363516,0.7525702096364841,0.2474297903635158,0.0,ACSIncome,unadjusted_reported_income_50000,0.01713510599977519,0.05824565704085505,0.010041531201914422,-0.010041531201914311,0.0100415312019142,0.0,,,,
6,survey_year_adjusted_50000,0.8734065400421576,0.8073561475253951,1.2413688380078076,0.7586311619921924,0.2413688380078076,0.0,0.8846902438996944,0.841221615692395,1.2471788552331853,0.7528211447668147,0.2471788552331852,0.0,ACSIncome,survey_year_adjusted_50000,0.011283703857536853,0.03386546816699987,0.005810017225377662,-0.005810017225377662,0.005810017225377606,0.0,,,,
6,cpi_constant_2018usd,0.8972206214914249,0.8674495525982532,1.2413688380078076,0.7586311619921924,0.2413688380078076,0.0,0.8973363992346666,0.894801914128305,1.2471788552331853,0.7528211447668147,0.2471788552331852,0.0,ACSIncome,cpi_constant_2018usd,0.000115777743241674,0.027352361530051827,0.005810017225377662,-0.005810017225377662,0.005810017225377606,0.0,,,,
7,unadjusted_reported_income_50000,0.8681631585968788,0.7843936416705023,1.221159995463913,0.7788400045360869,0.221159995463913,0.0,0.8860136860295148,0.8410193355073664,1.2399920080849374,0.7600079919150626,0.2399920080849373,0.0,ACSIncome,unadjusted_reported_income_50000,0.017850527432636043,0.05662569383686411,0.018832012621024408,-0.018832012621024297,0.018832012621024324,0.0,,,,
7,survey_year_adjusted_50000,0.872234259134345,0.8079767465543748,1.232186887782985,0.767813112217015,0.232186887782985,0.0,0.882555107267579,0.8389065776380673,1.2385496624628676,0.7614503375371323,0.2385496624628676,0.0,ACSIncome,survey_year_adjusted_50000,0.010320848133233973,0.030929831083692516,0.006362774679882666,-0.006362774679882666,0.00636277467988261,0.0,,,,
7,cpi_constant_2018usd,0.8945641099248407,0.868212095625549,1.232186887782985,0.767813112217015,0.232186887782985,0.0,0.8943798157633523,0.8927657283975888,1.2385496624628676,0.7614503375371323,0.2385496624628676,0.0,ACSIncome,cpi_constant_2018usd,-0.00018429416148835198,0.024553632772039813,0.006362774679882666,-0.006362774679882666,0.00636277467988261,0.0,,,,
8,unadjusted_reported_income_50000,0.8687635524662597,0.7842773339452963,1.227247579201166,0.7727524207988339,0.2272475792011661,0.0,0.8866124545094118,0.8406469421629846,1.2432931741268505,0.7567068258731499,0.2432931741268501,0.0,ACSIncome,unadjusted_reported_income_50000,0.01784890204315215,0.05636960821768833,0.01604559492568458,-0.016045594925684026,0.016045594925683998,0.0,,,,
8,survey_year_adjusted_50000,0.8697574156207181,0.7995651635115255,1.2334860741005065,0.7665139258994936,0.2334860741005063,0.0,0.8825269755265105,0.8407057994966989,1.2408829715820653,0.7591170284179346,0.2408829715820653,0.0,ACSIncome,survey_year_adjusted_50000,0.012769559905792427,0.04114063598517337,0.007396897481558806,-0.007396897481559028,0.007396897481558973,0.0,,,,
8,cpi_constant_2018usd,0.8946126215494388,0.8615611662801831,1.2334860741005065,0.7665139258994936,0.2334860741005063,0.0,0.8937244087114374,0.8934535092584162,1.2408829715820653,0.7591170284179346,0.2408829715820653,0.0,ACSIncome,cpi_constant_2018usd,-0.0008882128380013343,0.03189234297823307,0.007396897481558806,-0.007396897481559028,0.007396897481558973,0.0,,,,
9,unadjusted_reported_income_50000,0.8666544220658875,0.779527754126512,1.221832281560469,0.778167718439531,0.2218322815604689,0.0,0.8809233412556484,0.8254520941258079,1.2343083961494272,0.7656916038505727,0.2343083961494273,0.0,ACSIncome,unadjusted_reported_income_50000,0.01426891918976092,0.045924339999295904,0.012476114588958254,-0.012476114588958365,0.012476114588958392,0.0,,,,
9,survey_year_adjusted_50000,0.8723916718543681,0.8054447810419144,1.237598059434992,0.7624019405650079,0.2375980594349921,0.0,0.8791791733094043,0.8267851424322623,1.2408998506267064,0.7591001493732936,0.2408998506267064,0.0,ACSIncome,survey_year_adjusted_50000,0.00678750145503626,0.021340361390347895,0.003301791191714365,-0.003301791191714254,0.0033017911917143095,0.0,,,,
9,cpi_constant_2018usd,0.8961798721018525,0.865415578052786,1.237598059434992,0.7624019405650079,0.2375980594349921,0.0,0.8950572280882807,0.8816870585329165,1.2408998506267064,0.7591001493732936,0.2408998506267064,0.0,ACSIncome,cpi_constant_2018usd,-0.0011226440135717608,0.016271480480130496,0.003301791191714365,-0.003301791191714254,0.0033017911917143095,0.0,,,,
0,,0.9182389937106918,0.6829268292682927,1.6163522012578615,0.3836477987421384,0.6163522012578616,0.0,0.9654088050314464,0.9634146341463414,1.89937106918239,0.10062893081761,0.89937106918239,0.0,OULAD,AAA-J|14,0.047169811320754595,0.2804878048780487,0.28301886792452846,-0.2830188679245284,0.28301886792452835,0.0,AAA-J,14.0,,
1,,0.940251572327044,0.7682926829268293,1.720125786163522,0.279874213836478,0.720125786163522,0.0,0.8930817610062893,0.8048780487804879,1.6729559748427674,0.3270440251572327,0.6729559748427673,0.0,OULAD,AAA-J|14,-0.047169811320754707,0.03658536585365857,-0.047169811320754595,0.047169811320754707,-0.047169811320754707,0.0,AAA-J,14.0,,
2,,0.9685534591194968,0.8780487804878049,1.8176100628930816,0.1823899371069182,0.8176100628930818,0.0,0.9308176100628932,0.9152542372881356,1.836477987421384,0.1635220125786163,0.8364779874213837,0.0,OULAD,AAA-J|14,-0.03773584905660354,0.037205456800330716,0.018867924528302327,-0.01886792452830191,0.018867924528301883,0.0,AAA-J,14.0,,
3,,0.9748427672955976,0.902439024390244,1.8553459119496856,0.1446540880503144,0.8553459119496856,0.0,0.9371069182389936,0.923728813559322,1.8427672955974843,0.1572327044025157,0.8427672955974843,0.0,OULAD,AAA-J|14,-0.03773584905660399,0.021289789169077977,-0.012578616352201255,0.012578616352201283,-0.012578616352201255,0.0,AAA-J,14.0,,
4,,0.8867924528301887,0.5609756097560976,1.4748427672955975,0.5251572327044025,0.4748427672955975,0.0,0.8773584905660378,0.847457627118644,1.7264150943396226,0.2735849056603773,0.7264150943396226,0.0,OULAD,AAA-J|14,-0.009433962264150941,0.2864820173625464,0.2515723270440251,-0.2515723270440252,0.2515723270440251,0.0,AAA-J,14.0,,
5,,0.8930817610062893,0.5975609756097561,1.5220125786163523,0.4779874213836478,0.5220125786163522,0.0,0.949685534591195,0.8414634146341463,1.7955974842767295,0.2044025157232704,0.7955974842767296,0.0,OULAD,AAA-J|14,0.05660377358490565,0.24390243902439024,0.2735849056603772,-0.2735849056603774,0.2735849056603774,0.0,AAA-J,14.0,,
6,,0.8301886792452831,0.3414634146341463,1.330188679245283,0.6698113207547169,0.330188679245283,0.0,0.8679245283018868,0.8048780487804879,1.6383647798742138,0.3616352201257861,0.6383647798742138,0.0,OULAD,AAA-J|14,0.037735849056603765,0.46341463414634154,0.30817610062893075,-0.30817610062893086,0.3081761006289308,0.0,AAA-J,14.0,,
7,,0.8867924528301887,0.573170731707317,1.5377358490566038,0.4622641509433962,0.5377358490566038,0.0,0.8679245283018868,0.7195121951219512,1.5754716981132075,0.4245283018867924,0.5754716981132075,0.0,OULAD,AAA-J|14,-0.018867924528301883,0.14634146341463417,0.037735849056603765,-0.037735849056603765,0.037735849056603765,0.0,AAA-J,14.0,,
8,,0.9685534591194968,0.8780487804878049,1.9056603773584904,0.0943396226415094,0.9056603773584906,0.0,0.9622641509433962,0.9533898305084746,1.9528301886792447,0.0471698113207547,0.9528301886792452,0.0,OULAD,AAA-J|14,-0.0062893081761005165,0.07534105002066971,0.04716981132075437,-0.0471698113207547,0.047169811320754595,0.0,AAA-J,14.0,,
9,,0.9559748427672956,0.8292682926829268,1.6666666666666667,0.3333333333333333,0.6666666666666666,0.0,0.9213836477987422,0.8658536585365854,1.6037735849056605,0.3962264150943396,0.6037735849056604,0.0,OULAD,AAA-J|14,-0.03459119496855345,0.03658536585365857,-0.06289308176100628,0.06289308176100628,-0.06289308176100628,0.0,AAA-J,14.0,,
0,,0.9156722354813048,0.8972222222222223,1.6937151949085123,0.3062848050914876,0.6937151949085123,0.0,0.9069212410501192,0.8770949720670391,1.6443914081145583,0.3556085918854415,0.6443914081145584,0.0,OULAD,BBB-B|14,-0.008750994431185655,-0.02012725015518313,-0.049323786793953994,0.04932378679395394,-0.04932378679395388,0.0,BBB-B,14.0,,
1,,0.9045346062052506,0.9027777777777778,1.6260938743038982,0.3739061256961018,0.6260938743038982,0.0,0.8933969769291965,0.8597222222222223,1.6133651551312649,0.386634844868735,0.6133651551312649,0.0,OULAD,BBB-B|14,-0.011137629276054106,-0.043055555555555514,-0.012728719172633296,0.012728719172633185,-0.012728719172633296,0.0,BBB-B,14.0,,
2,,0.8456642800318218,0.8044692737430168,1.447096260938743,0.552903739061257,0.447096260938743,0.0,0.843277645186953,0.8379888268156425,1.4653937947494031,0.5346062052505967,0.4653937947494033,0.0,OULAD,BBB-B|14,-0.0023866348448687846,0.03351955307262566,0.018297533810660127,-0.01829753381066035,0.018297533810660294,0.0,BBB-B,14.0,,
3,,0.8050914876690533,0.8041666666666667,1.3834526650755767,0.6165473349244233,0.3834526650755768,0.0,0.7796340493237868,0.7411545623836127,1.3150357995226731,0.684964200477327,0.315035799522673,0.0,OULAD,BBB-B|14,-0.02545743834526648,-0.06301210428305404,-0.0684168655529036,0.06841686555290372,-0.06841686555290377,0.0,BBB-B,14.0,,
4,,0.8790771678599841,0.8625,1.573587907716786,0.426412092283214,0.573587907716786,0.0,0.8790771678599841,0.8566108007448789,1.5481304693715194,0.4518695306284805,0.5481304693715194,0.0,OULAD,BBB-B|14,0.0,-0.0058891992551211025,-0.025457438345266592,0.025457438345266536,-0.025457438345266592,0.0,BBB-B,14.0,,
5,,0.883054892601432,0.8791666666666667,1.5823389021479717,0.4176610978520286,0.5823389021479713,0.0,0.8591885441527446,0.8111111111111111,1.5425616547334924,0.4574383452665075,0.5425616547334925,0.0,OULAD,BBB-B|14,-0.023866348448687402,-0.06805555555555554,-0.0397772474144793,0.03977724741447891,-0.039777247414478856,0.0,BBB-B,14.0,,
6,,0.8321400159108989,0.7970204841713222,1.426412092283214,0.573587907716786,0.426412092283214,0.0,0.8520286396181385,0.8472222222222222,1.4836913285600637,0.5163086714399363,0.4836913285600636,0.0,OULAD,BBB-B|14,0.01988862370723954,0.0502017380509,0.05727923627684972,-0.05727923627684972,0.05727923627684961,0.0,BBB-B,14.0,,
7,,0.9101034208432776,0.9013035381750466,1.6523468575974545,0.3476531424025457,0.6523468575974543,0.0,0.9148766905330152,0.8975791433891993,1.669848846459825,0.330151153540175,0.669848846459825,0.0,OULAD,BBB-B|14,0.00477326968973768,-0.003724394785847296,0.01750198886237042,-0.0175019888623707,0.017501988862370754,0.0,BBB-B,14.0,,
8,,0.8345266507557677,0.7932960893854749,1.4272076372315037,0.5727923627684964,0.4272076372315035,0.0,0.8408910103420844,0.8081936685288641,1.4399363564041368,0.5600636435958631,0.4399363564041368,0.0,OULAD,BBB-B|14,0.006364359586316648,0.014897579143389184,0.012728719172633074,-0.012728719172633296,0.012728719172633296,0.0,BBB-B,14.0,,
9,,0.8782816229116945,0.8584729981378026,1.5608591885441527,0.4391408114558472,0.5608591885441527,0.0,0.8663484486873508,0.8486111111111111,1.5274463007159904,0.4725536992840095,0.5274463007159904,0.0,OULAD,BBB-B|14,-0.011933174224343701,-0.009861887026691551,-0.03341288782816232,0.03341288782816226,-0.03341288782816232,0.0,BBB-B,14.0,,
0,,0.727840909090909,0.2868462757527734,1.152840909090909,0.8471590909090909,0.152840909090909,0.0,0.7363636363636363,0.3534072900158478,1.174431818181818,0.8255681818181818,0.1744318181818182,0.0,OULAD,BBB-J|14,0.008522727272727293,0.06656101426307443,0.021590909090908994,-0.021590909090909105,0.02159090909090919,0.0,BBB-J,14.0,,
1,,0.7698863636363636,0.3819334389857369,1.2329545454545454,0.7670454545454546,0.2329545454545454,0.0,0.7795454545454545,0.4992076069730586,1.2698863636363635,0.7301136363636364,0.2698863636363636,0.0,OULAD,BBB-J|14,0.009659090909090895,0.11727416798732171,0.03693181818181812,-0.03693181818181823,0.036931818181818205,0.0,BBB-J,14.0,,
2,,0.7835227272727273,0.4374009508716323,1.2857954545454546,0.7142045454545455,0.2857954545454545,0.0,0.7948863636363637,0.4690966719492868,1.3125,0.6875,0.3125,0.0,OULAD,BBB-J|14,0.011363636363636354,0.031695721077654504,0.02670454545454537,-0.02670454545454548,0.02670454545454548,0.0,BBB-J,14.0,,
3,,0.7477272727272727,0.3137876386687797,1.1852272727272728,0.8147727272727273,0.1852272727272727,0.0,0.7642045454545454,0.4278922345483359,1.2352272727272726,0.7647727272727273,0.2352272727272727,0.0,OULAD,BBB-J|14,0.01647727272727273,0.11410459587955624,0.04999999999999982,-0.050000000000000044,0.04999999999999999,0.0,BBB-J,14.0,,
4,,0.7607954545454545,0.3771790808240887,1.2210227272727272,0.7789772727272727,0.2210227272727272,0.0,0.7806818181818181,0.4516640253565768,1.2863636363636364,0.7136363636363636,0.2863636363636364,0.0,OULAD,BBB-J|14,0.019886363636363646,0.0744849445324881,0.06534090909090917,-0.06534090909090906,0.06534090909090917,0.0,BBB-J,14.0,,
5,,0.7556818181818182,0.3518225039619651,1.2068181818181818,0.7931818181818182,0.2068181818181818,0.0,0.790340909090909,0.4706814580031696,1.3,0.7,0.3,0.0,OULAD,BBB-J|14,0.034659090909090806,0.11885895404120445,0.09318181818181825,-0.09318181818181825,0.0931818181818182,0.0,BBB-J,14.0,,
6,,0.78125,0.4643423137876387,1.2784090909090908,0.7215909090909091,0.2784090909090909,0.0,0.7920454545454545,0.5800316957210776,1.3107954545454543,0.6892045454545455,0.3107954545454545,0.0,OULAD,BBB-J|14,0.010795454545454497,0.11568938193343892,0.03238636363636349,-0.0323863636363636,0.0323863636363636,0.0,BBB-J,14.0,,
7,,0.8988636363636363,0.7194928684627575,1.5664772727272729,0.4335227272727273,0.5664772727272728,0.0,0.915340909090909,0.8462757527733756,1.65,0.35,0.65,0.0,OULAD,BBB-J|14,0.01647727272727273,0.12678288431061813,0.08352272727272703,-0.0835227272727273,0.08352272727272725,0.0,BBB-J,14.0,,
8,,0.8045454545454546,0.4976228209191759,1.3289772727272726,0.6710227272727273,0.3289772727272727,0.0,0.8204545454545454,0.5673534072900158,1.3744318181818185,0.6255681818181819,0.3744318181818182,0.0,OULAD,BBB-J|14,0.015909090909090873,0.0697305863708399,0.04545454545454586,-0.045454545454545414,0.045454545454545525,0.0,BBB-J,14.0,,
9,,0.8414772727272727,0.595879556259905,1.4306818181818182,0.5693181818181818,0.4306818181818181,0.0,0.8880681818181818,0.7717908082408875,1.5545454545454545,0.4454545454545454,0.5545454545454546,0.0,OULAD,BBB-J|14,0.04659090909090913,0.17591125198098256,0.12386363636363629,-0.12386363636363645,0.12386363636363645,0.0,BBB-J,14.0,,
0,,0.9097222222222222,0.8553191489361702,1.6517857142857142,0.3482142857142857,0.6517857142857143,0.0,0.9236111111111112,0.9200743494423792,1.7132936507936507,0.2867063492063492,0.7132936507936508,0.0,OULAD,DDD-B|14,0.01388888888888895,0.06475520050620898,0.06150793650793651,-0.06150793650793651,0.06150793650793651,0.0,DDD-B,14.0,,
1,,0.9107142857142856,0.8936170212765957,1.6438492063492065,0.3561507936507936,0.6438492063492064,0.0,0.9087301587301588,0.8921933085501859,1.6736111111111112,0.3263888888888889,0.6736111111111112,0.0,OULAD,DDD-B|14,-0.001984126984126755,-0.0014237127264098426,0.029761904761904656,-0.02976190476190471,0.029761904761904767,0.0,DDD-B,14.0,,
2,,0.9166666666666666,0.9042553191489362,1.6488095238095235,0.3511904761904761,0.6488095238095238,0.0,0.8998015873015873,0.8643122676579925,1.6398809523809523,0.3601190476190476,0.6398809523809523,0.0,OULAD,DDD-B|14,-0.016865079365079305,-0.03994305149094368,-0.008928571428571175,0.008928571428571508,-0.008928571428571508,0.0,DDD-B,14.0,,
3,,0.9305555555555556,0.9106382978723404,1.7162698412698412,0.2837301587301587,0.7162698412698413,0.0,0.9285714285714286,0.9200743494423792,1.7142857142857142,0.2857142857142857,0.7142857142857143,0.0,OULAD,DDD-B|14,-0.001984126984126977,0.009436051570038795,-0.001984126984126977,0.001984126984126977,-0.001984126984126977,0.0,DDD-B,14.0,,
4,,0.933531746031746,0.902127659574468,1.7281746031746033,0.2718253968253968,0.7281746031746031,0.0,0.9285714285714286,0.9144981412639404,1.7251984126984128,0.2748015873015873,0.7251984126984127,0.0,OULAD,DDD-B|14,-0.004960317460317443,0.012370481689472301,-0.0029761904761904656,0.002976190476190521,-0.0029761904761904656,0.0,DDD-B,14.0,,
5,,0.8819444444444444,0.8568773234200744,1.6021825396825398,0.3978174603174603,0.6021825396825397,0.0,0.7916666666666666,0.6617100371747212,1.443452380952381,0.5565476190476191,0.4434523809523809,0.0,OULAD,DDD-B|14,-0.09027777777777779,-0.19516728624535318,-0.15873015873015883,0.15873015873015878,-0.15873015873015878,0.0,DDD-B,14.0,,
6,,0.8373015873015873,0.8063829787234043,1.4513888888888888,0.5486111111111112,0.4513888888888889,0.0,0.8452380952380952,0.7957446808510639,1.4791666666666667,0.5208333333333334,0.4791666666666667,0.0,OULAD,DDD-B|14,0.007936507936507908,-0.010638297872340385,0.0277777777777779,-0.02777777777777779,0.02777777777777779,0.0,DDD-B,14.0,,
7,,0.8799603174603174,0.8723404255319149,1.570436507936508,0.429563492063492,0.5704365079365079,0.0,0.9007936507936508,0.8475836431226765,1.6378968253968254,0.3621031746031746,0.6378968253968254,0.0,OULAD,DDD-B|14,0.02083333333333337,-0.024756782409238398,0.06746031746031744,-0.06746031746031739,0.06746031746031744,0.0,DDD-B,14.0,,
8,,0.8700396825396826,0.8345724907063197,1.5575396825396826,0.4424603174603174,0.5575396825396826,0.0,0.8184523809523809,0.6895910780669146,1.492063492063492,0.5079365079365079,0.492063492063492,0.0,OULAD,DDD-B|14,-0.051587301587301626,-0.14498141263940512,-0.06547619047619047,0.06547619047619052,-0.06547619047619058,0.0,DDD-B,14.0,,
9,,0.8650793650793651,0.8021276595744681,1.566468253968254,0.433531746031746,0.566468253968254,0.0,0.873015873015873,0.8364312267657993,1.5972222222222223,0.4027777777777778,0.5972222222222222,0.0,OULAD,DDD-B|14,0.007936507936507908,0.03430356719133121,0.030753968253968367,-0.0307539682539682,0.030753968253968256,0.0,DDD-B,14.0,,
0,,0.9341057204923968,0.8943089430894309,1.6857349746560464,0.3142650253439537,0.6857349746560464,0.0,0.9377262853005068,0.8943089430894309,1.6980448950036209,0.3019551049963794,0.6980448950036205,0.0,OULAD,DDD-J|14,0.003620564808110016,0.0,0.012309920347574499,-0.012309920347574277,0.012309920347574166,0.0,DDD-J,14.0,,
1,,0.9275887038377988,0.8991869918699187,1.6611151339608978,0.3388848660391021,0.6611151339608979,0.0,0.939174511223751,0.9268929503916448,1.7096307023895727,0.2903692976104272,0.7096307023895728,0.0,OULAD,DDD-J|14,0.011585807385952163,0.027705958521726082,0.04851556842867488,-0.04851556842867494,0.04851556842867488,0.0,DDD-J,14.0,,
2,,0.8870383779869659,0.8798955613577023,1.5995655322230269,0.4004344677769732,0.5995655322230268,0.0,0.8812454742939899,0.8617886178861789,1.5727733526430123,0.4272266473569877,0.5727733526430123,0.0,OULAD,DDD-J|14,-0.005792903692976026,-0.018106943471523418,-0.026792179580014563,0.026792179580014452,-0.026792179580014452,0.0,DDD-J,14.0,,
3,,0.9022447501810282,0.8845528455284553,1.5952208544532946,0.4047791455467053,0.5952208544532948,0.0,0.9036929761042722,0.8845528455284553,1.5988414192614049,0.4011585807385952,0.5988414192614048,0.0,OULAD,DDD-J|14,0.0014482259232440065,0.0,0.003620564808110238,-0.0036205648081100716,0.003620564808110016,0.0,DDD-J,14.0,,
4,,0.9522085445329472,0.9317073170731708,1.7465604634322955,0.2534395365677045,0.7465604634322954,0.0,0.9326574945691528,0.9242819843342036,1.6828385228095584,0.3171614771904417,0.6828385228095583,0.0,OULAD,DDD-J|14,-0.01955104996379442,-0.007425332738967172,-0.06372194062273717,0.06372194062273717,-0.06372194062273717,0.0,DDD-J,14.0,,
5,,0.8942795076031861,0.8903394255874674,1.5872556118754526,0.4127443881245474,0.5872556118754526,0.0,0.9138305575669804,0.8780487804878049,1.6307023895727732,0.3692976104272266,0.6307023895727734,0.0,OULAD,DDD-J|14,0.01955104996379431,-0.01229064509966249,0.04344677769732064,-0.043446777697320804,0.04344677769732075,0.0,DDD-J,14.0,,
6,,0.9326574945691528,0.8926829268292683,1.6806661839246924,0.3193338160753077,0.6806661839246922,0.0,0.9377262853005068,0.8926829268292683,1.702389572773353,0.2976104272266474,0.7023895727733527,0.0,OULAD,DDD-J|14,0.005068790731354023,0.0,0.02172338884866054,-0.02172338884866032,0.02172338884866043,0.0,DDD-J,14.0,,
7,,0.9000724112961622,0.8813008130081301,1.5916002896451846,0.4083997103548153,0.5916002896451846,0.0,0.8906589427950761,0.8894308943089431,1.5669804489500363,0.4330195510499638,0.5669804489500362,0.0,OULAD,DDD-J|14,-0.009413468501086153,0.008130081300812941,-0.02461984069514833,0.0246198406951485,-0.024619840695148443,0.0,DDD-J,14.0,,
8,,0.8928312816799421,0.865040650406504,1.5821868211440986,0.4178131788559015,0.5821868211440985,0.0,0.9029688631426502,0.8878048780487805,1.6205648081100652,0.3794351918899348,0.6205648081100652,0.0,OULAD,DDD-J|14,0.010137581462708156,0.02276422764227648,0.038377986965966615,-0.038377986965966726,0.038377986965966726,0.0,DDD-J,14.0,,
9,,0.9312092686459088,0.8943089430894309,1.67632150615496,0.3236784938450398,0.6763215061549602,0.0,0.9268645908761768,0.8780487804878049,1.669804489500362,0.3301955104996379,0.6698044895003621,0.0,OULAD,DDD-J|14,-0.004344677769732019,-0.016260162601625994,-0.006517016654597807,0.0065170166545980845,-0.00651701665459814,0.0,DDD-J,14.0,,
0,,0.8584247258225324,0.5938461538461538,1.3768693918245265,0.6231306081754736,0.3768693918245264,0.0,0.9142572283150548,0.8676923076923077,1.5872382851445663,0.4127617148554337,0.5872382851445663,0.0,OULAD,EEE-J|14,0.05583250249252247,0.27384615384615385,0.21036889332003983,-0.21036889332003988,0.21036889332003994,0.0,EEE-J,14.0,,
1,,0.913260219341974,0.76,1.5204386839481556,0.4795613160518445,0.5204386839481555,0.0,0.9032901296111664,0.9011799410029498,1.6031904287138583,0.3968095712861416,0.6031904287138584,0.0,OULAD,EEE-J|14,-0.009970089730807596,0.14117994100294984,0.08275174476570268,-0.0827517447657029,0.0827517447657029,0.0,EEE-J,14.0,,
2,,0.86839481555334,0.6430769230769231,1.38185443668993,0.6181455633100698,0.3818544366899302,0.0,0.8055832502492523,0.7507692307692307,1.3010967098703887,0.6989032901296112,0.3010967098703888,0.0,OULAD,EEE-J|14,-0.06281156530408771,0.10769230769230764,-0.08075772681954119,0.08075772681954141,-0.08075772681954141,0.0,EEE-J,14.0,,
3,,0.910269192422732,0.796923076923077,1.5732801595214356,0.4267198404785643,0.5732801595214357,0.0,0.8753738783649053,0.8200589970501475,1.694915254237288,0.3050847457627119,0.6949152542372882,0.0,OULAD,EEE-J|14,-0.03489531405782664,0.023135920127070553,0.12163509471585243,-0.12163509471585243,0.12163509471585243,0.0,EEE-J,14.0,,
4,,0.9531405782652044,0.8984615384615384,1.7228315054835492,0.2771684945164506,0.7228315054835494,0.0,0.9441674975074776,0.9323076923076924,1.7577268195413758,0.2422731804586241,0.7577268195413759,0.0,OULAD,EEE-J|14,-0.008973080757726737,0.03384615384615397,0.03489531405782653,-0.034895314057826504,0.03489531405782653,0.0,EEE-J,14.0,,
5,,0.9441674975074776,0.8430769230769231,1.6400797607178466,0.3599202392821535,0.6400797607178464,0.0,0.872382851445663,0.8495575221238938,1.568295114656032,0.4317048853439681,0.5682951146560319,0.0,OULAD,EEE-J|14,-0.07178464606181467,0.006480599046970736,-0.07178464606181456,0.07178464606181462,-0.07178464606181456,0.0,EEE-J,14.0,,
6,,0.8853439680957128,0.6984615384615385,1.4217347956131603,0.5782652043868395,0.4217347956131605,0.0,0.9332003988035892,0.915929203539823,1.7866400797607178,0.2133599202392821,0.7866400797607178,0.0,OULAD,EEE-J|14,0.047856430707876374,0.21746766507828452,0.3649052841475575,-0.3649052841475574,0.3649052841475573,0.0,EEE-J,14.0,,
7,,0.8933200398803589,0.7230769230769231,1.4556331006979062,0.5443668993020937,0.4556331006979063,0.0,0.8763708873379861,0.8061538461538461,1.468594217347956,0.5314057826520439,0.4685942173479561,0.0,OULAD,EEE-J|14,-0.016949152542372836,0.08307692307692305,0.012961116650049842,-0.012961116650049842,0.012961116650049787,0.0,EEE-J,14.0,,
8,,0.8993020937188435,0.7538461538461538,1.485543369890329,0.514456630109671,0.485543369890329,0.0,0.9302093718843468,0.8892307692307693,1.6281156530408774,0.3718843469591226,0.6281156530408774,0.0,OULAD,EEE-J|14,0.030907278165503316,0.13538461538461544,0.14257228315054826,-0.14257228315054843,0.14257228315054837,0.0,EEE-J,14.0,,
9,,0.8564307078763709,0.6615384615384615,1.3419740777667,0.6580259222333001,0.3419740777666999,0.0,0.8454636091724825,0.7476923076923077,1.3429710867397806,0.6570289132602194,0.3429710867397806,0.0,OULAD,EEE-J|14,-0.010967098703888345,0.08615384615384614,0.0009970089730806375,-0.0009970089730807485,0.000997008973080693,0.0,EEE-J,14.0,,
0,,0.8939873417721519,0.8769968051118211,1.5379746835443038,0.4620253164556962,0.5379746835443038,0.0,0.9200949367088608,0.9090909090909092,1.6052215189873418,0.3947784810126582,0.6052215189873418,0.0,OULAD,FFF-B|14,0.02610759493670889,0.03209410397908807,0.067246835443038,-0.067246835443038,0.067246835443038,0.0,FFF-B,14.0,,
1,,0.8734177215189873,0.8322683706070287,1.4501582278481011,0.5498417721518988,0.4501582278481013,0.0,0.879746835443038,0.8514376996805112,1.4715189873417722,0.5284810126582279,0.4715189873417721,0.0,OULAD,FFF-B|14,0.006329113924050667,0.019169329073482455,0.02136075949367111,-0.02136075949367089,0.021360759493670833,0.0,FFF-B,14.0,,
2,,0.9066455696202532,0.8929712460063898,1.576740506329114,0.423259493670886,0.5767405063291139,0.0,0.8876582278481012,0.8401253918495298,1.5284810126582278,0.4715189873417721,0.5284810126582279,0.0,OULAD,FFF-B|14,-0.018987341772152,-0.05284585415685994,-0.04825949367088622,0.04825949367088611,-0.048259493670886,0.0,FFF-B,14.0,,
3,,0.9082278481012658,0.9009584664536742,1.5854430379746836,0.4145569620253164,0.5854430379746836,0.0,0.9066455696202532,0.8824451410658307,1.5696202531645569,0.430379746835443,0.569620253164557,0.0,OULAD,FFF-B|14,-0.0015822784810125556,-0.01851332538784345,-0.015822784810126667,0.01582278481012661,-0.015822784810126556,0.0,FFF-B,14.0,,
4,,0.9200949367088608,0.902555910543131,1.6313291139240509,0.3686708860759494,0.6313291139240507,0.0,0.9264240506329114,0.8934169278996865,1.6606012658227849,0.3393987341772151,0.6606012658227848,0.0,OULAD,FFF-B|14,0.006329113924050667,-0.009138982643444482,0.029272151898734,-0.029272151898734278,0.02927215189873411,0.0,FFF-B,14.0,,
5,,0.8718354430379747,0.8402555910543131,1.4707278481012658,0.5292721518987342,0.4707278481012658,0.0,0.8900316455696202,0.854632587859425,1.5324367088607596,0.4675632911392405,0.5324367088607594,0.0,OULAD,FFF-B|14,0.018196202531645556,0.014376996805111841,0.06170886075949378,-0.06170886075949372,0.06170886075949367,0.0,FFF-B,14.0,,
6,,0.9074367088607594,0.8769968051118211,1.5664556962025316,0.4335443037974683,0.5664556962025317,0.0,0.9113924050632912,0.854632587859425,1.6028481012658229,0.3971518987341772,0.6028481012658228,0.0,OULAD,FFF-B|14,0.003955696202531778,-0.022364217252396124,0.03639240506329133,-0.036392405063291056,0.03639240506329111,0.0,FFF-B,14.0,,
7,,0.8860759493670886,0.8610223642172524,1.5110759493670889,0.4889240506329114,0.5110759493670886,0.0,0.8710443037974683,0.8510971786833855,1.4746835443037976,0.5253164556962026,0.4746835443037974,0.0,OULAD,FFF-B|14,-0.015031645569620222,-0.009925185533866898,-0.03639240506329133,0.03639240506329117,-0.03639240506329117,0.0,FFF-B,14.0,,
8,,0.9106012658227848,0.8977635782747604,1.5870253164556962,0.4129746835443038,0.5870253164556962,0.0,0.9113924050632912,0.8833865814696485,1.6028481012658229,0.3971518987341772,0.6028481012658228,0.0,OULAD,FFF-B|14,0.0007911392405064444,-0.014376996805111841,0.015822784810126667,-0.015822784810126556,0.015822784810126556,0.0,FFF-B,14.0,,
9,,0.8742088607594937,0.8594249201277955,1.4715189873417722,0.5284810126582279,0.4715189873417721,0.0,0.8837025316455697,0.8690095846645367,1.4936708860759491,0.5063291139240507,0.4936708860759494,0.0,OULAD,FFF-B|14,0.009493670886076,0.009584664536741228,0.02215189873417689,-0.022151898734177222,0.022151898734177278,0.0,FFF-B,14.0,,
0,,0.8933333333333333,0.7878359264497878,1.4838888888888888,0.5161111111111111,0.4838888888888888,0.0,0.9038888888888889,0.8444130127298444,1.52,0.48,0.52,0.0,OULAD,FFF-J|14,0.01055555555555554,0.05657708628005653,0.036111111111111205,-0.036111111111111094,0.036111111111111205,0.0,FFF-J,14.0,,
1,,0.9016666666666666,0.7934936350777935,1.5355555555555556,0.4644444444444444,0.5355555555555556,0.0,0.9283333333333332,0.8896746817538896,1.617222222222222,0.3827777777777778,0.6172222222222222,0.0,OULAD,FFF-J|14,0.026666666666666616,0.09618104667609617,0.08166666666666633,-0.08166666666666661,0.08166666666666667,0.0,FFF-J,14.0,,
2,,0.8927777777777778,0.7765205091937766,1.4905555555555556,0.5094444444444445,0.4905555555555556,0.0,0.9388888888888888,0.9123055162659124,1.6594444444444445,0.3405555555555555,0.6594444444444445,0.0,OULAD,FFF-J|14,0.04611111111111099,0.1357850070721358,0.16888888888888887,-0.16888888888888898,0.16888888888888892,0.0,FFF-J,14.0,,
3,,0.9166666666666666,0.8330975954738331,1.5655555555555556,0.4344444444444444,0.5655555555555556,0.0,0.9172222222222224,0.8910891089108911,1.5788888888888888,0.4211111111111111,0.5788888888888889,0.0,OULAD,FFF-J|14,0.0005555555555557534,0.057991513437057995,0.013333333333333197,-0.013333333333333308,0.013333333333333308,0.0,FFF-J,14.0,,
4,,0.915,0.8302687411598303,1.556111111111111,0.4438888888888889,0.5561111111111111,0.0,0.9233333333333332,0.8557284299858557,1.586111111111111,0.4138888888888888,0.5861111111111111,0.0,OULAD,FFF-J|14,0.008333333333333193,0.02545968882602545,0.030000000000000027,-0.030000000000000082,0.030000000000000027,0.0,FFF-J,14.0,,
5,,0.8983333333333333,0.7892503536067893,1.521111111111111,0.4788888888888888,0.5211111111111111,0.0,0.9022222222222224,0.8797736916548797,1.5483333333333331,0.4516666666666666,0.5483333333333333,0.0,OULAD,FFF-J|14,0.0038888888888890527,0.09052333804809043,0.027222222222222037,-0.027222222222222203,0.02722222222222226,0.0,FFF-J,14.0,,
6,,0.9277777777777778,0.8656294200848657,1.6077777777777778,0.3922222222222222,0.6077777777777778,0.0,0.9138888888888888,0.9002744739249772,1.626111111111111,0.3738888888888889,0.6261111111111111,0.0,OULAD,FFF-J|14,-0.013888888888889062,0.03464505384011152,0.018333333333333313,-0.018333333333333313,0.018333333333333313,0.0,FFF-J,14.0,,
7,,0.8972222222222223,0.7934936350777935,1.515,0.485,0.515,0.0,0.9055555555555556,0.8189533239038189,1.5361111111111112,0.4638888888888889,0.5361111111111111,0.0,OULAD,FFF-J|14,0.008333333333333304,0.02545968882602545,0.021111111111111303,-0.02111111111111108,0.02111111111111108,0.0,FFF-J,14.0,,
8,,0.9072222222222224,0.7977369165487977,1.5477777777777777,0.4522222222222222,0.5477777777777778,0.0,0.9272222222222222,0.8868458274398868,1.6194444444444445,0.3805555555555555,0.6194444444444445,0.0,OULAD,FFF-J|14,0.019999999999999796,0.08910891089108908,0.07166666666666677,-0.07166666666666671,0.07166666666666666,0.0,FFF-J,14.0,,
9,,0.9172222222222224,0.8359264497878359,1.5555555555555556,0.4444444444444444,0.5555555555555556,0.0,0.9338888888888888,0.9264497878359264,1.6583333333333334,0.3416666666666667,0.6583333333333333,0.0,OULAD,FFF-J|14,0.016666666666666385,0.09052333804809043,0.10277777777777786,-0.10277777777777775,0.10277777777777775,0.0,FFF-J,14.0,,
0,,0.9093444909344492,0.7737226277372263,1.665271966527197,0.3347280334728033,0.6652719665271967,0.0,0.902370990237099,0.8984198645598194,1.7140864714086472,0.2859135285913529,0.7140864714086471,0.0,OULAD,GGG-J|14,-0.0069735006973502545,0.12469723682259304,0.04881450488145034,-0.04881450488145039,0.04881450488145045,0.0,GGG-J,14.0,,
1,,0.8758716875871687,0.7043795620437956,1.5690376569037656,0.4309623430962343,0.5690376569037657,0.0,0.8758716875871687,0.8645598194130926,1.6401673640167365,0.3598326359832636,0.6401673640167364,0.0,OULAD,GGG-J|14,0.0,0.16018025736929697,0.07112970711297084,-0.07112970711297073,0.07112970711297062,0.0,GGG-J,14.0,,
2,,0.9721059972105998,0.927007299270073,1.8800557880055788,0.1199442119944212,0.8800557880055788,0.0,0.9595536959553695,0.9593679458239278,1.8661087866108788,0.1338912133891213,0.8661087866108786,0.0,OULAD,GGG-J|14,-0.012552301255230214,0.032360646553854844,-0.013947001394700065,0.013947001394700106,-0.013947001394700176,0.0,GGG-J,14.0,,
3,,0.8967921896792189,0.7335766423357665,1.610878661087866,0.3891213389121339,0.6108786610878661,0.0,0.8967921896792189,0.8905109489051095,1.6903765690376569,0.309623430962343,0.6903765690376569,0.0,OULAD,GGG-J|14,0.0,0.15693430656934304,0.07949790794979084,-0.07949790794979089,0.07949790794979072,0.0,GGG-J,14.0,,
4,,0.9191073919107392,0.7883211678832117,1.6861924686192469,0.3138075313807531,0.6861924686192469,0.0,0.9609483960948396,0.937956204379562,1.815899581589958,0.1841004184100418,0.8158995815899581,0.0,OULAD,GGG-J|14,0.04184100418410042,0.14963503649635024,0.12970711297071102,-0.12970711297071133,0.12970711297071125,0.0,GGG-J,14.0,,
5,,0.9260808926080892,0.8065693430656934,1.7531380753138075,0.2468619246861924,0.7531380753138075,0.0,0.9121338912133892,0.9006772009029346,1.7336122733612274,0.2663877266387726,0.7336122733612274,0.0,OULAD,GGG-J|14,-0.013947001394700065,0.09410785783724118,-0.019525801952580135,0.01952580195258019,-0.019525801952580135,0.0,GGG-J,14.0,,
6,,0.9037656903765692,0.7481751824817519,1.6541143654114363,0.3458856345885635,0.6541143654114365,0.0,0.9079497907949792,0.8941605839416058,1.7182705718270572,0.2817294281729428,0.7182705718270572,0.0,OULAD,GGG-J|14,0.004184100418409997,0.14598540145985395,0.06415620641562092,-0.0641562064156207,0.0641562064156207,0.0,GGG-J,14.0,,
7,,0.9121338912133892,0.7700729927007299,1.6708507670850767,0.3291492329149233,0.6708507670850767,0.0,0.9330543933054394,0.8868613138686131,1.7545327754532776,0.2454672245467224,0.7545327754532776,0.0,OULAD,GGG-J|14,0.02092050209205021,0.11678832116788318,0.08368200836820083,-0.08368200836820092,0.08368200836820083,0.0,GGG-J,14.0,,
8,,0.9093444909344492,0.7627737226277372,1.6429567642956764,0.3570432357043235,0.6429567642956764,0.0,0.9302649930264992,0.9051094890510948,1.782426778242678,0.2175732217573222,0.7824267782426778,0.0,OULAD,GGG-J|14,0.020920502092049986,0.14233576642335755,0.13947001394700154,-0.13947001394700131,0.13947001394700143,0.0,GGG-J,14.0,,
9,,0.9079497907949792,0.7591240875912408,1.8410041841004183,0.1589958158995816,0.8410041841004184,0.0,0.8940027894002789,0.8686131386861314,1.8368200836820083,0.1631799163179916,0.8368200836820083,0.0,OULAD,GGG-J|14,-0.013947001394700287,0.1094890510948906,-0.004184100418409997,0.004184100418410025,-0.004184100418410108,0.0,GGG-J,14.0,,
0,,0.9428571428571428,0.7692307692307693,1.6444444444444444,0.3555555555555555,0.6444444444444445,0.0,0.923809523809524,0.9156118143459916,1.8,0.2,0.8,0.0,OULAD,AAA-J|56,-0.01904761904761887,0.14638104511522232,0.15555555555555567,-0.1555555555555555,0.15555555555555556,0.0,AAA-J,56.0,,
1,,0.926984126984127,0.7051282051282052,1.596825396825397,0.4031746031746032,0.5968253968253968,0.0,0.9492063492063492,0.9324894514767932,1.8888888888888888,0.1111111111111111,0.8888888888888888,0.0,OULAD,AAA-J|56,0.022222222222222143,0.227361246348588,0.2920634920634919,-0.2920634920634921,0.292063492063492,0.0,AAA-J,56.0,,
2,,0.9396825396825396,0.7564102564102564,1.8412698412698407,0.1587301587301587,0.8412698412698413,0.0,0.9555555555555556,0.8974358974358975,1.9428571428571428,0.0571428571428571,0.9428571428571428,0.0,OULAD,AAA-J|56,0.01587301587301604,0.14102564102564108,0.10158730158730211,-0.10158730158730159,0.10158730158730156,0.0,AAA-J,56.0,,
3,,0.9873015873015872,0.9487179487179488,1.9142857142857144,0.0857142857142857,0.9142857142857144,0.0,0.9492063492063492,0.9324894514767932,1.8888888888888888,0.1111111111111111,0.8888888888888888,0.0,OULAD,AAA-J|56,-0.03809523809523807,-0.016228497241155604,-0.02539682539682553,0.025396825396825404,-0.02539682539682553,0.0,AAA-J,56.0,,
4,,0.946031746031746,0.782051282051282,1.66984126984127,0.3301587301587301,0.6698412698412698,0.0,0.8571428571428571,0.8354430379746836,1.7396825396825395,0.2603174603174603,0.7396825396825397,0.0,OULAD,AAA-J|56,-0.0888888888888889,0.05339175592340151,0.0698412698412696,-0.06984126984126982,0.06984126984126993,0.0,AAA-J,56.0,,
5,,0.9396825396825396,0.7564102564102564,1.6793650793650794,0.3206349206349206,0.6793650793650794,0.0,0.8380952380952381,0.8270042194092827,1.6634920634920636,0.3365079365079365,0.6634920634920635,0.0,OULAD,AAA-J|56,-0.10158730158730145,0.07059396299902632,-0.015873015873015817,0.015873015873015872,-0.015873015873015928,0.0,AAA-J,56.0,,
6,,0.907936507936508,0.6282051282051282,1.5047619047619047,0.4952380952380952,0.5047619047619047,0.0,0.8,0.7974683544303798,1.4412698412698413,0.5587301587301587,0.4412698412698412,0.0,OULAD,AAA-J|56,-0.107936507936508,0.16926322622525158,-0.06349206349206349,0.06349206349206354,-0.06349206349206354,0.0,AAA-J,56.0,,
7,,0.9682539682539684,0.8717948717948718,1.8634920634920635,0.1365079365079365,0.8634920634920635,0.0,0.8857142857142857,0.8717948717948718,1.746031746031746,0.2539682539682539,0.746031746031746,0.0,OULAD,AAA-J|56,-0.08253968253968269,0.0,-0.11746031746031749,0.1174603174603174,-0.11746031746031749,0.0,AAA-J,56.0,,
8,,0.9015873015873016,0.6025641025641025,1.5523809523809524,0.4476190476190476,0.5523809523809524,0.0,0.8952380952380953,0.717948717948718,1.596825396825397,0.4031746031746032,0.5968253968253968,0.0,OULAD,AAA-J|56,-0.006349206349206327,0.11538461538461542,0.04444444444444451,-0.0444444444444444,0.0444444444444444,0.0,AAA-J,56.0,,
9,,0.9650793650793652,0.8589743589743589,1.6857142857142855,0.3142857142857143,0.6857142857142857,0.0,0.9396825396825396,0.9282700421940928,1.8634920634920635,0.1365079365079365,0.8634920634920635,0.0,OULAD,AAA-J|56,-0.02539682539682564,0.0692956832197339,0.17777777777777803,-0.17777777777777778,0.1777777777777778,0.0,AAA-J,56.0,,
0,,0.9317434210526316,0.9238227146814404,1.638157894736842,0.3618421052631579,0.6381578947368421,0.0,0.8807565789473685,0.814404432132964,1.6110197368421053,0.3889802631578947,0.6110197368421053,0.0,OULAD,BBB-B|56,-0.050986842105263164,-0.10941828254847641,-0.027138157894736725,0.02713815789473678,-0.027138157894736836,0.0,BBB-B,56.0,,
1,,0.897203947368421,0.8643724696356275,1.504111842105263,0.4958881578947368,0.5041118421052632,0.0,0.8667763157894737,0.8047091412742382,1.5361842105263157,0.4638157894736842,0.5361842105263158,0.0,OULAD,BBB-B|56,-0.030427631578947345,-0.05966332836138932,0.032072368421052655,-0.0320723684210526,0.032072368421052655,0.0,BBB-B,56.0,,
2,,0.9523026315789472,0.9210526315789472,1.6513157894736843,0.3486842105263157,0.6513157894736842,0.0,0.9251644736842104,0.8878116343490304,1.6907894736842106,0.3092105263157895,0.6907894736842105,0.0,OULAD,BBB-B|56,-0.027138157894736836,-0.0332409972299168,0.03947368421052633,-0.039473684210526216,0.03947368421052633,0.0,BBB-B,56.0,,
3,,0.9300986842105264,0.8724696356275303,1.550986842105263,0.4490131578947368,0.5509868421052632,0.0,0.912828947368421,0.8795013850415513,1.6077302631578947,0.3922697368421052,0.6077302631578947,0.0,OULAD,BBB-B|56,-0.01726973684210542,0.00703174941402096,0.05674342105263164,-0.05674342105263158,0.056743421052631526,0.0,BBB-B,56.0,,
4,,0.9358552631578948,0.9129554655870444,1.631578947368421,0.3684210526315789,0.631578947368421,0.0,0.8388157894736842,0.7562326869806094,1.511513157894737,0.4884868421052631,0.5115131578947368,0.0,OULAD,BBB-B|56,-0.09703947368421062,-0.15672277860643502,-0.12006578947368407,0.12006578947368418,-0.12006578947368418,0.0,BBB-B,56.0,,
5,,0.8848684210526315,0.7955465587044535,1.4136513157894737,0.5863486842105263,0.4136513157894737,0.0,0.8766447368421053,0.8601108033240997,1.4638157894736843,0.5361842105263158,0.4638157894736842,0.0,OULAD,BBB-B|56,-0.008223684210526216,0.06456424461964627,0.05016447368421062,-0.05016447368421051,0.05016447368421051,0.0,BBB-B,56.0,,
6,,0.9629934210526316,0.9392712550607288,1.714638157894737,0.2853618421052631,0.7146381578947368,0.0,0.935032894736842,0.909972299168975,1.6973684210526316,0.3026315789473684,0.6973684210526315,0.0,OULAD,BBB-B|56,-0.027960526315789602,-0.029298955891753797,-0.01726973684210531,0.01726973684210531,-0.01726973684210531,0.0,BBB-B,56.0,,
7,,0.897203947368421,0.850415512465374,1.629111842105263,0.3708881578947368,0.6291118421052632,0.0,0.7771381578947368,0.6357340720221607,1.488486842105263,0.5115131578947368,0.4884868421052631,0.0,OULAD,BBB-B|56,-0.12006578947368418,-0.21468144044321325,-0.140625,0.14062500000000006,-0.14062500000000006,0.0,BBB-B,56.0,,
8,,0.8717105263157895,0.8502024291497976,1.446546052631579,0.553453947368421,0.4465460526315789,0.0,0.8330592105263158,0.7548476454293629,1.484375,0.515625,0.484375,0.0,OULAD,BBB-B|56,-0.03865131578947367,-0.09535478372043471,0.03782894736842102,-0.03782894736842102,0.03782894736842107,0.0,BBB-B,56.0,,
9,,0.9226973684210528,0.8340080971659919,1.5205592105263157,0.4794407894736842,0.5205592105263158,0.0,0.8947368421052632,0.8919667590027701,1.5098684210526316,0.4901315789473684,0.5098684210526315,0.0,OULAD,BBB-B|56,-0.027960526315789602,0.057958661836778225,-0.01069078947368407,0.010690789473684237,-0.010690789473684292,0.0,BBB-B,56.0,,
0,,0.7893209518282066,0.4030874785591766,1.1723737666860128,0.8276262333139872,0.1723737666860127,0.0,0.8183401044689496,0.5283018867924528,1.2315728380731283,0.7684271619268718,0.2315728380731282,0.0,OULAD,BBB-J|56,0.02901915264074295,0.12521440823327623,0.059199071387115554,-0.05919907138711544,0.0591990713871155,0.0,BBB-J,56.0,,
1,,0.7678467788740568,0.3602058319039451,1.1334881021474172,0.8665118978525828,0.1334881021474173,0.0,0.77539175856065,0.4202401372212693,1.151479976784678,0.8485200232153222,0.1514799767846779,0.0,OULAD,BBB-J|56,0.007544979686593178,0.06003430531732418,0.017991874637260707,-0.017991874637260596,0.017991874637260596,0.0,BBB-J,56.0,,
2,,0.7991874637260592,0.4339622641509434,1.192106790481718,0.807893209518282,0.1921067904817179,0.0,0.812536273940801,0.4939965694682676,1.2222867092280905,0.7777132907719094,0.2222867092280905,0.0,OULAD,BBB-J|56,0.013348810214741769,0.06003430531732418,0.03017991874637249,-0.030179918746372603,0.030179918746372603,0.0,BBB-J,56.0,,
3,,0.7724898432965758,0.3550600343053173,1.1416134648868252,0.8583865351131746,0.1416134648868253,0.0,0.792222867092281,0.4408233276157804,1.1851421938479396,0.8148578061520604,0.1851421938479396,0.0,OULAD,BBB-J|56,0.019733023795705185,0.08576329331046312,0.04352872896111437,-0.04352872896111426,0.04352872896111429,0.0,BBB-J,56.0,,
4,,0.7811955890887986,0.3842195540308747,1.1607661056297156,0.8392338943702844,0.1607661056297156,0.0,0.7846778874056878,0.4871355060034305,1.1886244921648288,0.8113755078351712,0.1886244921648288,0.0,OULAD,BBB-J|56,0.0034822983168891763,0.10291595197255576,0.02785838653511319,-0.02785838653511319,0.02785838653511319,0.0,BBB-J,56.0,,
5,,0.7742309924550204,0.3550600343053173,1.146256529309344,0.8537434706906558,0.1462565293093441,0.0,0.7736506094022054,0.3807890222984562,1.1485780615206036,0.8514219384793964,0.1485780615206036,0.0,OULAD,BBB-J|56,-0.0005803830528149367,0.025728987993138885,0.002321532211259525,-0.002321532211259414,0.002321532211259497,0.0,BBB-J,56.0,,
6,,0.8403946604759142,0.5934819897084048,1.2832269297736507,0.7167730702263494,0.2832269297736506,0.0,0.8810214741729542,0.8044596912521441,1.4596633778293673,0.5403366221706326,0.4596633778293674,0.0,OULAD,BBB-J|56,0.04062681369704002,0.2109777015437393,0.17643644805571657,-0.1764364480557168,0.1764364480557168,0.0,BBB-J,56.0,,
7,,0.9164248403946604,0.8490566037735849,1.5780615206035984,0.4219384793964016,0.5780615206035984,0.0,0.8554846198491004,0.8254385964912281,1.5380150899593732,0.4619849100406268,0.5380150899593732,0.0,OULAD,BBB-J|56,-0.06094022054556003,-0.023618007282356857,-0.040046430644225195,0.040046430644225195,-0.040046430644225195,0.0,BBB-J,56.0,,
8,,0.8131166569936158,0.4768439108061749,1.2315728380731283,0.7684271619268718,0.2315728380731282,0.0,0.8427161926871736,0.6620926243567753,1.3105049332559489,0.689495066744051,0.3105049332559489,0.0,OULAD,BBB-J|56,0.029599535693557777,0.1852487135506004,0.07893209518282052,-0.07893209518282074,0.07893209518282071,0.0,BBB-J,56.0,,
9,,0.8299477655252466,0.5420240137221269,1.2553685432385375,0.7446314567614626,0.2553685432385374,0.0,0.8392338943702844,0.5900514579759862,1.2803250145095764,0.7196749854904236,0.2803250145095763,0.0,OULAD,BBB-J|56,0.009286128845037767,0.0480274442538593,0.024956471271038838,-0.02495647127103895,0.024956471271038894,0.0,BBB-J,56.0,,
0,,0.8467309753483387,0.8120950323974082,1.4062165058949625,0.5937834941050375,0.4062165058949625,0.0,0.8595927116827439,0.8297872340425532,1.4533762057877813,0.5466237942122186,0.4533762057877814,0.0,OULAD,DDD-B|56,0.012861736334405127,0.017692201645144956,0.04715969989281876,-0.047159699892818874,0.047159699892818874,0.0,DDD-B,56.0,,
1,,0.9163987138263664,0.9136069114470844,1.5659163987138265,0.4340836012861736,0.5659163987138264,0.0,0.9131832797427653,0.9085106382978724,1.5616291532690247,0.4383708467309753,0.5616291532690246,0.0,OULAD,DDD-B|56,-0.003215434083601143,-0.005096273149212016,-0.004287245444801746,0.0042872454448016906,-0.004287245444801746,0.0,DDD-B,56.0,,
2,,0.904608788853162,0.8787234042553191,1.540192926045016,0.4598070739549839,0.5401929260450161,0.0,0.9056806002143624,0.8957446808510638,1.5305466237942122,0.4694533762057878,0.5305466237942122,0.0,OULAD,DDD-B|56,0.001071811361200381,0.017021276595744705,-0.009646302250803762,0.009646302250803929,-0.009646302250803873,0.0,DDD-B,56.0,,
3,,0.8821007502679529,0.8725701943844493,1.4683815648445873,0.5316184351554126,0.4683815648445874,0.0,0.8810289389067524,0.823404255319149,1.4758842443729905,0.5241157556270096,0.4758842443729904,0.0,OULAD,DDD-B|56,-0.001071811361200492,-0.04916593906530031,0.007502679528403222,-0.007502679528403,0.007502679528403,0.0,DDD-B,56.0,,
4,,0.9228295819935692,0.9071274298056156,1.6066452304394427,0.3933547695605573,0.6066452304394426,0.0,0.894962486602358,0.8553191489361702,1.5787781350482315,0.4212218649517685,0.5787781350482315,0.0,OULAD,DDD-B|56,-0.02786709539121124,-0.05180828086944533,-0.02786709539121124,0.027867095391211183,-0.027867095391211127,0.0,DDD-B,56.0,,
5,,0.9206859592711684,0.8876889848812095,1.6045016077170418,0.3954983922829582,0.6045016077170418,0.0,0.9185423365487674,0.8812095032397408,1.6034297963558413,0.3965702036441586,0.6034297963558414,0.0,OULAD,DDD-B|56,-0.002143622722400984,-0.006479481641468721,-0.001071811361200492,0.0010718113612004365,-0.001071811361200381,0.0,DDD-B,56.0,,
6,,0.909967845659164,0.902127659574468,1.570203644158628,0.4297963558413719,0.5702036441586281,0.0,0.872454448017149,0.7936170212765957,1.4919614147909968,0.5080385852090032,0.4919614147909968,0.0,OULAD,DDD-B|56,-0.037513397642015,-0.10851063829787233,-0.07824222936763126,0.07824222936763137,-0.07824222936763131,0.0,DDD-B,56.0,,
7,,0.8885316184351554,0.857451403887689,1.487674169346195,0.5123258306538049,0.487674169346195,0.0,0.872454448017149,0.8446808510638298,1.4415862808145767,0.5584137191854234,0.4415862808145766,0.0,OULAD,DDD-B|56,-0.01607717041800638,-0.012770552823859194,-0.04608788853161827,0.04608788853161849,-0.04608788853161838,0.0,DDD-B,56.0,,
8,,0.834941050375134,0.7645788336933045,1.3579849946409432,0.6420150053590568,0.3579849946409432,0.0,0.8317256162915327,0.8056155507559395,1.3558413719185425,0.6441586280814576,0.3558413719185423,0.0,OULAD,DDD-B|56,-0.003215434083601254,0.04103671706263501,-0.002143622722400762,0.002143622722400873,-0.002143622722400873,0.0,DDD-B,56.0,,
9,,0.9185423365487674,0.9092872570194384,1.5680600214362272,0.4319399785637727,0.5680600214362272,0.0,0.919614147909968,0.9085106382978724,1.5712754555198285,0.4287245444801715,0.5712754555198285,0.0,OULAD,DDD-B|56,0.001071811361200603,-0.0007766187215659803,0.003215434083601254,-0.0032154340836011985,0.003215434083601254,0.0,DDD-B,56.0,,
0,,0.9000751314800901,0.8262411347517731,1.5184072126220889,0.4815927873779113,0.5184072126220887,0.0,0.8933132982719759,0.8513689700130378,1.5860255447032308,0.4139744552967693,0.5860255447032306,0.0,OULAD,DDD-J|56,-0.006761833208114187,0.02512783526126472,0.06761833208114187,-0.06761833208114199,0.06761833208114199,0.0,DDD-J,56.0,,
1,,0.8632607062359129,0.8209219858156028,1.4410217881292262,0.5589782118707739,0.4410217881292261,0.0,0.8842975206611571,0.8617992177314211,1.5281743050338092,0.4718256949661908,0.5281743050338091,0.0,OULAD,DDD-J|56,0.021036814425244188,0.04087723191581827,0.08715251690458303,-0.08715251690458309,0.08715251690458303,0.0,DDD-J,56.0,,
2,,0.879038317054846,0.877444589308996,1.493613824192337,0.5063861758076634,0.4936138241923365,0.0,0.836213373403456,0.7666232073011734,1.4718256949661908,0.5281743050338091,0.4718256949661908,0.0,OULAD,DDD-J|56,-0.04282494365139,-0.11082138200782266,-0.021788129226146147,0.021788129226145703,-0.021788129226145703,0.0,DDD-J,56.0,,
3,,0.9000751314800901,0.8262411347517731,1.5522163786626595,0.4477836213373403,0.5522163786626596,0.0,0.8978211870773855,0.8173758865248227,1.5529676934635612,0.4470323065364388,0.5529676934635612,0.0,OULAD,DDD-J|56,-0.002253944402704655,-0.00886524822695034,0.0007513148009017367,-0.0007513148009015147,0.0007513148009016257,0.0,DDD-J,56.0,,
4,,0.8865514650638617,0.7872340425531915,1.4665664913598797,0.5334335086401202,0.4665664913598797,0.0,0.9090909090909092,0.8617021276595744,1.5477084898572502,0.4522915101427498,0.5477084898572502,0.0,OULAD,DDD-J|56,0.02253944402704744,0.07446808510638292,0.08114199849737047,-0.08114199849737036,0.08114199849737047,0.0,DDD-J,56.0,,
5,,0.9436513899323816,0.9184397163120568,1.6844477836213374,0.3155522163786626,0.6844477836213373,0.0,0.9120961682945156,0.8956975228161669,1.626596543951916,0.3734034560480841,0.6265965439519159,0.0,OULAD,DDD-J|56,-0.03155522163786606,-0.022742193495889906,-0.057851239669421295,0.05785123966942152,-0.057851239669421406,0.0,DDD-J,56.0,,
6,,0.9151014274981216,0.9078014184397164,1.6220886551465064,0.3779113448534936,0.6220886551465064,0.0,0.8459804658151766,0.7783572359843546,1.4898572501878289,0.5101427498121713,0.4898572501878287,0.0,OULAD,DDD-J|56,-0.06912096168294501,-0.12944418245536182,-0.13223140495867747,0.13223140495867775,-0.13223140495867763,0.0,DDD-J,56.0,,
7,,0.936138241923366,0.9024822695035462,1.6596543951915852,0.3403456048084147,0.6596543951915853,0.0,0.873779113448535,0.7966101694915254,1.5965439519158526,0.4034560480841472,0.5965439519158527,0.0,OULAD,DDD-J|56,-0.06235912847483105,-0.10587210001202074,-0.06311044327573256,0.06311044327573251,-0.06311044327573256,0.0,DDD-J,56.0,,
8,,0.9008264462809916,0.8581560283687943,1.526671675432006,0.473328324567994,0.526671675432006,0.0,0.8910593538692713,0.877444589308996,1.5326821938392186,0.4673178061607814,0.5326821938392187,0.0,OULAD,DDD-J|56,-0.009767092411720357,0.019288560940201704,0.006010518407212562,-0.006010518407212617,0.006010518407212673,0.0,DDD-J,56.0,,
9,,0.9135987978963186,0.8794326241134752,1.6130728775356875,0.3869271224643125,0.6130728775356874,0.0,0.9158527422990232,0.907431551499348,1.6288504883546209,0.3711495116453794,0.6288504883546205,0.0,OULAD,DDD-J|56,0.002253944402704655,0.02799892738587273,0.015777610818933363,-0.015777610818933085,0.01577761081893314,0.0,DDD-J,56.0,,
0,,0.9435318275154004,0.8344594594594594,1.5010266940451746,0.4989733059548255,0.5010266940451745,0.0,0.9404517453798767,0.9380530973451328,1.5852156057494866,0.4147843942505133,0.5852156057494866,0.0,OULAD,EEE-J|56,-0.0030800821355236874,0.10359363788567333,0.08418891170431198,-0.0841889117043122,0.08418891170431209,0.0,EEE-J,56.0,,
1,,0.9188911704312116,0.7567567567567568,1.3850102669404518,0.6149897330595483,0.3850102669404517,0.0,0.9342915811088296,0.9262536873156342,1.606776180698152,0.3932238193018481,0.606776180698152,0.0,OULAD,EEE-J|56,0.015400410677617993,0.16949693055887738,0.22176591375770016,-0.22176591375770022,0.22176591375770027,0.0,EEE-J,56.0,,
2,,0.919917864476386,0.7837837837837838,1.3860369609856262,0.6139630390143738,0.3860369609856263,0.0,0.9004106776180698,0.883480825958702,1.5246406570841888,0.4753593429158111,0.5246406570841889,0.0,OULAD,EEE-J|56,-0.019507186858316206,0.09969704217491826,0.1386036960985626,-0.13860369609856266,0.13860369609856266,0.0,EEE-J,56.0,,
3,,0.9168377823408624,0.7702702702702703,1.3655030800821355,0.6344969199178645,0.3655030800821355,0.0,0.8685831622176592,0.859882005899705,1.4055441478439423,0.5944558521560575,0.4055441478439425,0.0,OULAD,EEE-J|56,-0.04825462012320325,0.0896117356294347,0.040041067761806826,-0.04004106776180705,0.04004106776180699,0.0,EEE-J,56.0,,
4,,0.8963039014373717,0.722972972972973,1.3275154004106775,0.6724845995893224,0.3275154004106776,0.0,0.9106776180698152,0.9041297935103244,1.5225872689938398,0.4774127310061601,0.5225872689938398,0.0,OULAD,EEE-J|56,0.014373716632443467,0.18115682053735138,0.19507186858316228,-0.19507186858316228,0.19507186858316217,0.0,EEE-J,56.0,,
5,,0.9281314168377824,0.777027027027027,1.4147843942505134,0.5852156057494866,0.4147843942505133,0.0,0.9096509240246408,0.887905604719764,1.5821355236139631,0.4178644763860369,0.582135523613963,0.0,OULAD,EEE-J|56,-0.01848049281314168,0.11087857769273701,0.16735112936344976,-0.1673511293634497,0.16735112936344976,0.0,EEE-J,56.0,,
6,,0.9137577002053388,0.7364864864864865,1.4137577002053388,0.5862422997946611,0.4137577002053388,0.0,0.8706365503080082,0.8495575221238938,1.4856262833675564,0.5143737166324436,0.4856262833675565,0.0,OULAD,EEE-J|56,-0.04312114989733051,0.11307103563740728,0.07186858316221767,-0.07186858316221756,0.07186858316221767,0.0,EEE-J,56.0,,
7,,0.9301848049281314,0.793918918918919,1.4240246406570842,0.5759753593429158,0.4240246406570842,0.0,0.8490759753593429,0.8053097345132744,1.4907597535934292,0.5092402464065708,0.4907597535934291,0.0,OULAD,EEE-J|56,-0.08110882956878851,0.011390815594355397,0.06673511293634493,-0.06673511293634493,0.06673511293634493,0.0,EEE-J,56.0,,
8,,0.8706365503080082,0.6283783783783784,1.228952772073922,0.771047227926078,0.2289527720739219,0.0,0.8655030800821355,0.7736486486486487,1.2741273100616015,0.7258726899383984,0.2741273100616016,0.0,OULAD,EEE-J|56,-0.005133470225872738,0.14527027027027029,0.045174537987679564,-0.045174537987679675,0.04517453798767973,0.0,EEE-J,56.0,,
9,,0.9229979466119096,0.7736486486486487,1.429158110882957,0.5708418891170431,0.4291581108829568,0.0,0.86652977412731,0.8200589970501475,1.61088295687885,0.3891170431211499,0.6108829568788501,0.0,OULAD,EEE-J|56,-0.056468172484599566,0.046410348401498824,0.18172484599589311,-0.18172484599589322,0.18172484599589328,0.0,EEE-J,56.0,,
0,,0.9077429983525536,0.8449477351916377,1.4530477759472815,0.5469522240527183,0.4530477759472817,0.0,0.886326194398682,0.8375,1.4522240527182866,0.5477759472817133,0.4522240527182866,0.0,OULAD,FFF-B|56,-0.021416803953871577,-0.007447735191637661,-0.0008237232289949326,0.0008237232289950436,-0.0008237232289950991,0.0,FFF-B,56.0,,
1,,0.9316309719934102,0.8989547038327527,1.5667215815485998,0.4332784184514003,0.5667215815485996,0.0,0.9077429983525536,0.8671875,1.542833607907743,0.457166392092257,0.542833607907743,0.0,OULAD,FFF-B|56,-0.023887973640856597,-0.031767203832752666,-0.02388797364085682,0.023887973640856708,-0.023887973640856597,0.0,FFF-B,56.0,,
2,,0.9052718286655684,0.8972125435540069,1.4588138385502472,0.5411861614497528,0.4588138385502471,0.0,0.9093904448105437,0.8972125435540069,1.4777594728171335,0.5222405271828665,0.4777594728171334,0.0,OULAD,FFF-B|56,0.004118616144975218,0.0,0.018945634266886335,-0.018945634266886335,0.01894563426688628,0.0,FFF-B,56.0,,
3,,0.9176276771004942,0.8641114982578397,1.5197693574958815,0.4802306425041186,0.5197693574958814,0.0,0.9036243822075782,0.8953125,1.5049423393739705,0.4950576606260296,0.5049423393739704,0.0,OULAD,FFF-B|56,-0.014003294892915963,0.031201001742160228,-0.014827018121911006,0.014827018121911006,-0.014827018121911006,0.0,FFF-B,56.0,,
4,,0.9258649093904447,0.9128919860627178,1.537891268533773,0.4621087314662273,0.5378912685337727,0.0,0.9093904448105437,0.8734375,1.504118616144975,0.4958813838550247,0.5041186161449753,0.0,OULAD,FFF-B|56,-0.016474464579901094,-0.03945448606271784,-0.033772652388797786,0.03377265238879745,-0.03377265238879734,0.0,FFF-B,56.0,,
5,,0.943986820428336,0.9163763066202092,1.598846787479407,0.4011532125205931,0.5988467874794069,0.0,0.9102141680395388,0.8734375,1.5090609555189456,0.4909390444810543,0.5090609555189456,0.0,OULAD,FFF-B|56,-0.03377265238879723,-0.04293880662020921,-0.08978583196046142,0.0897858319604612,-0.0897858319604613,0.0,FFF-B,56.0,,
6,,0.8805601317957167,0.8362369337979094,1.4102141680395388,0.5897858319604613,0.4102141680395387,0.0,0.8855024711696869,0.8515625,1.432454695222405,0.5675453047775947,0.4324546952224052,0.0,OULAD,FFF-B|56,0.0049423393739702615,0.01532556620209058,0.022240527182866288,-0.02224052718286662,0.02224052718286651,0.0,FFF-B,56.0,,
7,,0.9316309719934102,0.926829268292683,1.5724876441515652,0.4275123558484349,0.5724876441515651,0.0,0.9217462932454696,0.8671875,1.6062602965403625,0.3937397034596375,0.6062602965403624,0.0,OULAD,FFF-B|56,-0.009884678747940523,-0.05964176829268297,0.03377265238879734,-0.0337726523887974,0.03377265238879734,0.0,FFF-B,56.0,,
8,,0.899505766062603,0.8693379790940766,1.456342668863262,0.5436573311367381,0.4563426688632619,0.0,0.9217462932454696,0.8671875,1.6243822075782537,0.3756177924217463,0.6243822075782537,0.0,OULAD,FFF-B|56,0.02224052718286662,-0.0021504790940766183,0.16803953871499178,-0.16803953871499178,0.16803953871499178,0.0,FFF-B,56.0,,
9,,0.913509060955519,0.8797909407665505,1.50164744645799,0.4983525535420098,0.5016474464579901,0.0,0.9250411861614496,0.9059233449477352,1.5543657331136738,0.4456342668863262,0.5543657331136738,0.0,OULAD,FFF-B|56,0.01153212520593061,0.026132404181184676,0.05271828665568368,-0.05271828665568362,0.05271828665568368,0.0,FFF-B,56.0,,
0,,0.8757292882147024,0.6925566343042071,1.325554259043174,0.6744457409568262,0.3255542590431738,0.0,0.9084014002333722,0.8624595469255664,1.482497082847141,0.5175029171528588,0.4824970828471412,0.0,OULAD,FFF-J|56,0.03267211201866982,0.16990291262135926,0.15694282380396718,-0.1569428238039674,0.1569428238039674,0.0,FFF-J,56.0,,
1,,0.8938156359393232,0.7783171521035599,1.410151691948658,0.5898483080513419,0.4101516919486581,0.0,0.897316219369895,0.8818770226537217,1.4894982497082847,0.5105017502917153,0.4894982497082847,0.0,OULAD,FFF-J|56,0.003500583430571802,0.1035598705501618,0.07934655775962662,-0.07934655775962662,0.07934655775962662,0.0,FFF-J,56.0,,
2,,0.8908984830805134,0.7799352750809061,1.38098016336056,0.6190198366394399,0.3809801633605601,0.0,0.9008168028004668,0.8543689320388349,1.4323220536756125,0.5676779463243874,0.4323220536756126,0.0,OULAD,FFF-J|56,0.009918319719953383,0.0744336569579288,0.05134189031505243,-0.05134189031505254,0.051341890315052485,0.0,FFF-J,56.0,,
3,,0.9352392065344224,0.8478964401294499,1.5116686114352391,0.4883313885647607,0.5116686114352392,0.0,0.9364060676779464,0.9110032362459548,1.572345390898483,0.4276546091015169,0.5723453908984831,0.0,OULAD,FFF-J|56,0.001166861143524045,0.06310679611650494,0.0606767794632439,-0.06067677946324379,0.0606767794632439,0.0,FFF-J,56.0,,
4,,0.9142357059509918,0.8025889967637541,1.4515752625437572,0.5484247374562428,0.4515752625437573,0.0,0.8879813302217037,0.8877737226277372,1.4358226371061844,0.5641773628938156,0.4358226371061843,0.0,OULAD,FFF-J|56,-0.026254375729288126,0.08518472586398318,-0.01575262543757283,0.01575262543757283,-0.015752625437572998,0.0,FFF-J,56.0,,
5,,0.8926487747957993,0.7702265372168284,1.3733955659276549,0.6266044340723453,0.3733955659276546,0.0,0.9247374562427072,0.8980582524271845,1.5385064177362897,0.4614935822637106,0.5385064177362894,0.0,OULAD,FFF-J|56,0.03208868144690791,0.12783171521035608,0.16511085180863483,-0.16511085180863472,0.16511085180863477,0.0,FFF-J,56.0,,
6,,0.912485414235706,0.8009708737864077,1.4544924154025671,0.5455075845974329,0.4544924154025671,0.0,0.9235705950991832,0.8478964401294499,1.5070011668611436,0.4929988331388564,0.5070011668611435,0.0,OULAD,FFF-J|56,0.011085180863477206,0.046925566343042124,0.052508751458576475,-0.052508751458576475,0.05250875145857642,0.0,FFF-J,56.0,,
7,,0.9054842473745623,0.7734627831715211,1.409568261376896,0.5904317386231038,0.4095682613768961,0.0,0.9054842473745623,0.9029126213592232,1.5040840140023335,0.4959159859976663,0.5040840140023337,0.0,OULAD,FFF-J|56,0.0,0.12944983818770217,0.09451575262543743,-0.09451575262543754,0.0945157526254376,0.0,FFF-J,56.0,,
8,,0.911901983663944,0.7928802588996764,1.4655775962660444,0.5344224037339557,0.4655775962660443,0.0,0.9358226371061844,0.9174757281553398,1.5822637106184363,0.4177362893815636,0.5822637106184364,0.0,OULAD,FFF-J|56,0.02392065344224037,0.12459546925566345,0.11668611435239185,-0.11668611435239207,0.11668611435239212,0.0,FFF-J,56.0,,
9,,0.9194865810968494,0.8300970873786407,1.4900816802800467,0.5099183197199533,0.4900816802800466,0.0,0.925904317386231,0.917883211678832,1.6009334889148192,0.3990665110851809,0.6009334889148191,0.0,OULAD,FFF-J|56,0.0064177362893815815,0.08778612430019128,0.11085180863477251,-0.1108518086347724,0.11085180863477251,0.0,FFF-J,56.0,,
0,,0.9410919540229884,0.849802371541502,1.6752873563218391,0.3247126436781609,0.6752873563218391,0.0,0.942528735632184,0.9232505643340858,1.7772988505747127,0.2227011494252873,0.7772988505747126,0.0,OULAD,GGG-J|56,0.001436781609195581,0.07344819279258386,0.10201149425287359,-0.10201149425287359,0.10201149425287348,0.0,GGG-J,56.0,,
1,,0.9252873563218392,0.8063241106719368,1.639367816091954,0.3606321839080459,0.639367816091954,0.0,0.9166666666666666,0.8939051918735892,1.658045977011494,0.3419540229885057,0.6580459770114943,0.0,OULAD,GGG-J|56,-0.008620689655172598,0.08758108120165242,0.018678160919539888,-0.01867816091954022,0.01867816091954022,0.0,GGG-J,56.0,,
2,,0.9525862068965516,0.8774703557312253,1.7241379310344829,0.2758620689655172,0.7241379310344828,0.0,0.932471264367816,0.9142212189616252,1.7270114942528736,0.2729885057471264,0.7270114942528736,0.0,OULAD,GGG-J|56,-0.02011494252873558,0.03675086323039989,0.002873563218390718,-0.0028735632183907733,0.002873563218390829,0.0,GGG-J,56.0,,
3,,0.9597701149425288,0.8972332015810277,1.7988505747126438,0.2011494252873563,0.7988505747126436,0.0,0.9051724137931034,0.8600451467268623,1.7227011494252873,0.2772988505747126,0.7227011494252874,0.0,OULAD,GGG-J|56,-0.054597701149425415,-0.03718805485416543,-0.07614942528735646,0.0761494252873563,-0.07614942528735624,0.0,GGG-J,56.0,,
4,,0.9468390804597702,0.8695652173913043,1.6968390804597702,0.3031609195402299,0.6968390804597702,0.0,0.8994252873563219,0.8961625282167043,1.603448275862069,0.396551724137931,0.603448275862069,0.0,OULAD,GGG-J|56,-0.04741379310344829,0.026597310825399956,-0.09339080459770122,0.0933908045977011,-0.09339080459770122,0.0,GGG-J,56.0,,
5,,0.956896551724138,0.9011857707509882,1.7083333333333333,0.2916666666666667,0.7083333333333334,0.0,0.9410919540229884,0.9187358916478556,1.7341954022988506,0.2658045977011494,0.7341954022988506,0.0,OULAD,GGG-J|56,-0.015804597701149614,0.01755012089686747,0.02586206896551735,-0.025862068965517293,0.025862068965517238,0.0,GGG-J,56.0,,
6,,0.9339080459770116,0.8260869565217391,1.6954022988505748,0.3045977011494253,0.6954022988505747,0.0,0.9051724137931034,0.8893905191873589,1.6968390804597702,0.3031609195402299,0.6968390804597702,0.0,OULAD,GGG-J|56,-0.028735632183908177,0.06330356266561976,0.001436781609195359,-0.0014367816091954144,0.00143678160919547,0.0,GGG-J,56.0,,
7,,0.8836206896551724,0.6837944664031621,1.4741379310344829,0.5258620689655172,0.4741379310344827,0.0,0.961206896551724,0.9604743083003952,1.7543103448275863,0.2456896551724137,0.7543103448275862,0.0,OULAD,GGG-J|56,0.0775862068965516,0.27667984189723305,0.2801724137931034,-0.28017241379310354,0.2801724137931035,0.0,GGG-J,56.0,,
8,,0.9583333333333334,0.8853754940711462,1.7945402298850577,0.2054597701149425,0.7945402298850575,0.0,0.8994252873563219,0.8532731376975169,1.7011494252873562,0.2988505747126437,0.7011494252873564,0.0,OULAD,GGG-J|56,-0.05890804597701149,-0.03210235637362935,-0.09339080459770144,0.09339080459770119,-0.0933908045977011,0.0,GGG-J,56.0,,
9,,0.9698275862068966,0.9367588932806324,1.8160919540229885,0.1839080459770115,0.8160919540229885,0.0,0.956896551724138,0.9390519187358916,1.8405172413793105,0.1594827586206896,0.8405172413793104,0.0,OULAD,GGG-J|56,-0.012931034482758563,0.0022930254552591123,0.02442528735632199,-0.02442528735632188,0.02442528735632188,0.0,GGG-J,56.0,,
0,,0.8733333333333333,0.6222222222222222,1.32,0.68,0.32,0.0,0.8866666666666667,0.8857142857142857,1.4666666666666666,0.5333333333333333,0.4666666666666667,0.0,SouthGermanCredit,clean,0.01333333333333342,0.26349206349206344,0.1466666666666665,-0.14666666666666672,0.14666666666666667,0.0,,,clean,
0,,0.78,0.2666666666666666,1.1466666666666667,0.8533333333333334,0.1466666666666666,0.0,0.88,0.6222222222222222,1.4466666666666668,0.5533333333333333,0.4466666666666666,0.0,SouthGermanCredit,targeted_top3,0.09999999999999998,0.3555555555555556,0.30000000000000004,-0.30000000000000004,0.3,0.0,,,targeted_top3,
1,,0.9133333333333332,0.7333333333333333,1.3666666666666667,0.6333333333333333,0.3666666666666666,0.0,0.8933333333333333,0.8222222222222222,1.34,0.66,0.34,0.0,SouthGermanCredit,clean,-0.019999999999999907,0.0888888888888889,-0.026666666666666616,0.026666666666666727,-0.02666666666666656,0.0,,,clean,
1,,0.78,0.2666666666666666,1.14,0.86,0.14,0.0,0.8533333333333334,0.5111111111111111,1.2933333333333332,0.7066666666666667,0.2933333333333333,0.0,SouthGermanCredit,targeted_top3,0.07333333333333336,0.24444444444444446,0.15333333333333332,-0.15333333333333332,0.15333333333333327,0.0,,,targeted_top3,
2,,0.8933333333333333,0.7111111111111111,1.393333333333333,0.6066666666666667,0.3933333333333333,0.0,0.9533333333333334,0.9333333333333332,1.7466666666666666,0.2533333333333333,0.7466666666666667,0.0,SouthGermanCredit,clean,0.06000000000000005,0.2222222222222221,0.3533333333333335,-0.3533333333333334,0.3533333333333334,0.0,,,clean,
2,,0.78,0.2666666666666666,1.2466666666666666,0.7533333333333333,0.2466666666666666,0.0,0.9666666666666668,0.8888888888888888,1.8533333333333333,0.1466666666666666,0.8533333333333334,0.0,SouthGermanCredit,targeted_top3,0.18666666666666676,0.6222222222222222,0.6066666666666667,-0.6066666666666667,0.6066666666666668,0.0,,,targeted_top3,
3,,0.9066666666666666,0.7111111111111111,1.3866666666666667,0.6133333333333333,0.3866666666666666,0.0,0.9466666666666668,0.9333333333333332,1.5533333333333332,0.4466666666666666,0.5533333333333333,0.0,SouthGermanCredit,clean,0.04000000000000015,0.2222222222222221,0.16666666666666652,-0.16666666666666669,0.16666666666666674,0.0,,,clean,
3,,0.8333333333333334,0.4444444444444444,1.2733333333333334,0.7266666666666667,0.2733333333333333,0.0,0.96,0.8888888888888888,1.68,0.32,0.68,0.0,SouthGermanCredit,targeted_top3,0.1266666666666666,0.4444444444444444,0.4066666666666665,-0.4066666666666667,0.40666666666666673,0.0,,,targeted_top3,
4,,0.8933333333333333,0.7333333333333333,1.3066666666666666,0.6933333333333334,0.3066666666666666,0.0,0.92,0.8444444444444444,1.4,0.6,0.4,0.0,SouthGermanCredit,clean,0.026666666666666727,0.11111111111111116,0.09333333333333327,-0.09333333333333338,0.09333333333333343,0.0,,,clean,
4,,0.8266666666666667,0.4222222222222222,1.2066666666666668,0.7933333333333333,0.2066666666666666,0.0,0.88,0.6222222222222222,1.38,0.62,0.38,0.0,SouthGermanCredit,targeted_top3,0.053333333333333344,0.2,0.17333333333333312,-0.17333333333333334,0.1733333333333334,0.0,,,targeted_top3,
5,,0.9533333333333334,0.8888888888888888,1.4866666666666666,0.5133333333333333,0.4866666666666667,0.0,0.9333333333333332,0.9111111111111112,1.48,0.52,0.48,0.0,SouthGermanCredit,clean,-0.02000000000000013,0.022222222222222365,-0.006666666666666599,0.00666666666666671,-0.00666666666666671,0.0,,,clean,
5,,0.86,0.5333333333333333,1.3266666666666669,0.6733333333333333,0.3266666666666666,0.0,0.88,0.6,1.4,0.6,0.4,0.0,SouthGermanCredit,targeted_top3,0.020000000000000018,0.06666666666666665,0.07333333333333303,-0.07333333333333336,0.07333333333333342,0.0,,,targeted_top3,
6,,0.96,0.8888888888888888,1.4866666666666666,0.5133333333333333,0.4866666666666667,0.0,0.8933333333333333,0.8666666666666667,1.5333333333333334,0.4666666666666667,0.5333333333333333,0.0,SouthGermanCredit,clean,-0.06666666666666665,-0.022222222222222143,0.046666666666666856,-0.046666666666666634,0.046666666666666634,0.0,,,clean,
6,,0.9066666666666666,0.6888888888888889,1.4466666666666668,0.5533333333333333,0.4466666666666666,0.0,0.98,0.9555555555555556,1.8333333333333333,0.1666666666666666,0.8333333333333334,0.0,SouthGermanCredit,targeted_top3,0.07333333333333336,0.2666666666666667,0.3866666666666665,-0.3866666666666667,0.38666666666666677,0.0,,,targeted_top3,
7,,0.9133333333333332,0.7777777777777778,1.393333333333333,0.6066666666666667,0.3933333333333333,0.0,0.94,0.9142857142857144,1.56,0.44,0.56,0.0,SouthGermanCredit,clean,0.026666666666666727,0.13650793650793658,0.16666666666666696,-0.16666666666666669,0.16666666666666674,0.0,,,clean,
7,,0.8333333333333334,0.4444444444444444,1.2333333333333334,0.7666666666666667,0.2333333333333333,0.0,0.9533333333333334,0.8444444444444444,1.6466666666666667,0.3533333333333333,0.6466666666666666,0.0,SouthGermanCredit,targeted_top3,0.12,0.4,0.41333333333333333,-0.41333333333333344,0.41333333333333333,0.0,,,targeted_top3,
8,,0.8933333333333333,0.7111111111111111,1.34,0.66,0.34,0.0,0.9066666666666666,0.8952380952380953,1.4933333333333334,0.5066666666666667,0.4933333333333333,0.0,SouthGermanCredit,clean,0.013333333333333308,0.18412698412698414,0.15333333333333332,-0.15333333333333332,0.15333333333333327,0.0,,,clean,
8,,0.7933333333333333,0.3111111111111111,1.1133333333333333,0.8866666666666667,0.1133333333333333,0.0,0.92,0.7333333333333333,1.5,0.5,0.5,0.0,SouthGermanCredit,targeted_top3,0.1266666666666667,0.42222222222222217,0.3866666666666667,-0.3866666666666667,0.3866666666666667,0.0,,,targeted_top3,
9,,0.8866666666666667,0.6222222222222222,1.3266666666666669,0.6733333333333333,0.3266666666666666,0.0,0.8733333333333333,0.7555555555555555,1.3666666666666667,0.6333333333333333,0.3666666666666666,0.0,SouthGermanCredit,clean,-0.01333333333333342,0.1333333333333333,0.039999999999999813,-0.040000000000000036,0.03999999999999998,0.0,,,clean,
9,,0.7333333333333333,0.1111111111111111,1.04,0.96,0.04,0.0,0.8333333333333334,0.4444444444444444,1.2533333333333334,0.7466666666666667,0.2533333333333333,0.0,SouthGermanCredit,targeted_top3,0.10000000000000009,0.3333333333333333,0.21333333333333337,-0.21333333333333326,0.2133333333333333,0.0,,,targeted_top3,
10,,0.96,0.8666666666666667,1.5266666666666666,0.4733333333333333,0.5266666666666666,0.0,0.9466666666666668,0.9428571428571428,1.5933333333333333,0.4066666666666667,0.5933333333333334,0.0,SouthGermanCredit,clean,-0.013333333333333197,0.07619047619047614,0.06666666666666665,-0.0666666666666666,0.06666666666666676,0.0,,,clean,
10,,0.84,0.4666666666666667,1.2133333333333334,0.7866666666666666,0.2133333333333333,0.0,0.98,0.9333333333333332,1.7,0.3,0.7,0.0,SouthGermanCredit,targeted_top3,0.14,0.46666666666666656,0.4866666666666666,-0.48666666666666664,0.4866666666666667,0.0,,,targeted_top3,
11,,0.8933333333333333,0.7111111111111111,1.393333333333333,0.6066666666666667,0.3933333333333333,0.0,0.9133333333333332,0.8952380952380953,1.6466666666666667,0.3533333333333333,0.6466666666666666,0.0,SouthGermanCredit,clean,0.019999999999999907,0.18412698412698414,0.25333333333333363,-0.2533333333333334,0.2533333333333333,0.0,,,clean,
11,,0.8066666666666666,0.3555555555555555,1.1666666666666667,0.8333333333333334,0.1666666666666666,0.0,0.9533333333333334,0.8444444444444444,1.78,0.22,0.78,0.0,SouthGermanCredit,targeted_top3,0.14666666666666672,0.48888888888888893,0.6133333333333333,-0.6133333333333334,0.6133333333333334,0.0,,,targeted_top3,
12,,0.78,0.4222222222222222,1.1866666666666668,0.8133333333333334,0.1866666666666666,0.0,0.78,0.6444444444444445,1.2666666666666666,0.7333333333333333,0.2666666666666666,0.0,SouthGermanCredit,clean,0.0,0.22222222222222227,0.07999999999999985,-0.08000000000000007,0.08000000000000002,0.0,,,clean,
12,,0.72,0.0666666666666666,1.02,0.98,0.02,0.0,0.8266666666666667,0.4222222222222222,1.26,0.74,0.26,0.0,SouthGermanCredit,targeted_top3,0.10666666666666669,0.3555555555555556,0.24,-0.24,0.24000000000000002,0.0,,,targeted_top3,
13,,0.8866666666666667,0.6666666666666666,1.4266666666666667,0.5733333333333334,0.4266666666666667,0.0,0.7933333333333333,0.780952380952381,1.32,0.68,0.32,0.0,SouthGermanCredit,clean,-0.09333333333333338,0.11428571428571432,-0.10666666666666669,0.10666666666666669,-0.10666666666666669,0.0,,,clean,
13,,0.78,0.2666666666666666,1.1733333333333331,0.8266666666666667,0.1733333333333333,0.0,0.8666666666666667,0.6,1.42,0.58,0.42,0.0,SouthGermanCredit,targeted_top3,0.08666666666666667,0.33333333333333337,0.2466666666666668,-0.2466666666666667,0.24666666666666667,0.0,,,targeted_top3,
14,,0.9466666666666668,0.8444444444444444,1.4466666666666668,0.5533333333333333,0.4466666666666666,0.0,0.9466666666666668,0.9333333333333332,1.66,0.34,0.66,0.0,SouthGermanCredit,clean,0.0,0.0888888888888888,0.21333333333333315,-0.21333333333333332,0.21333333333333343,0.0,,,clean,
14,,0.8733333333333333,0.5777777777777777,1.4,0.6,0.4,0.0,0.9466666666666668,0.8666666666666667,1.72,0.28,0.72,0.0,SouthGermanCredit,targeted_top3,0.07333333333333347,0.288888888888889,0.32000000000000006,-0.31999999999999995,0.31999999999999995,0.0,,,targeted_top3,
15,,0.8733333333333333,0.6222222222222222,1.4,0.6,0.4,0.0,0.84,0.819047619047619,1.3866666666666667,0.6133333333333333,0.3866666666666666,0.0,SouthGermanCredit,clean,-0.033333333333333326,0.1968253968253968,-0.013333333333333197,0.013333333333333308,-0.01333333333333342,0.0,,,clean,
15,,0.7466666666666667,0.1555555555555555,1.08,0.92,0.08,0.0,0.8066666666666666,0.4,1.2466666666666666,0.7533333333333333,0.2466666666666666,0.0,SouthGermanCredit,targeted_top3,0.05999999999999994,0.24444444444444452,0.16666666666666652,-0.16666666666666674,0.16666666666666657,0.0,,,targeted_top3,
16,,0.8933333333333333,0.7111111111111111,1.3666666666666667,0.6333333333333333,0.3666666666666666,0.0,0.92,0.8888888888888888,1.5933333333333333,0.4066666666666667,0.5933333333333334,0.0,SouthGermanCredit,clean,0.026666666666666727,0.1777777777777777,0.22666666666666657,-0.22666666666666663,0.2266666666666668,0.0,,,clean,
16,,0.74,0.1333333333333333,1.1,0.9,0.1,0.0,0.9066666666666666,0.6888888888888889,1.5333333333333334,0.4666666666666667,0.5333333333333333,0.0,SouthGermanCredit,targeted_top3,0.16666666666666663,0.5555555555555556,0.43333333333333335,-0.43333333333333335,0.43333333333333335,0.0,,,targeted_top3,
17,,0.9,0.7333333333333333,1.28,0.72,0.28,0.0,0.8733333333333333,0.8380952380952381,1.3533333333333333,0.6466666666666666,0.3533333333333333,0.0,SouthGermanCredit,clean,-0.026666666666666727,0.10476190476190483,0.07333333333333325,-0.07333333333333336,0.07333333333333325,0.0,,,clean,
17,,0.76,0.2,1.0733333333333333,0.9266666666666666,0.0733333333333333,0.0,0.9666666666666668,0.8888888888888888,1.6666666666666667,0.3333333333333333,0.6666666666666666,0.0,SouthGermanCredit,targeted_top3,0.20666666666666678,0.6888888888888889,0.5933333333333335,-0.5933333333333333,0.5933333333333333,0.0,,,targeted_top3,
18,,0.88,0.6,1.346666666666667,0.6533333333333333,0.3466666666666667,0.0,0.88,0.8444444444444444,1.38,0.62,0.38,0.0,SouthGermanCredit,clean,0.0,0.24444444444444446,0.03333333333333299,-0.033333333333333326,0.033333333333333326,0.0,,,clean,
18,,0.8133333333333334,0.3777777777777777,1.1866666666666668,0.8133333333333334,0.1866666666666666,0.0,0.8866666666666667,0.6222222222222222,1.4066666666666667,0.5933333333333334,0.4066666666666667,0.0,SouthGermanCredit,targeted_top3,0.07333333333333336,0.24444444444444452,0.21999999999999997,-0.21999999999999997,0.22000000000000008,0.0,,,targeted_top3,
19,,0.9066666666666666,0.7555555555555555,1.26,0.74,0.26,0.0,0.92,0.9111111111111112,1.4933333333333334,0.5066666666666667,0.4933333333333333,0.0,SouthGermanCredit,clean,0.01333333333333342,0.15555555555555567,0.2333333333333334,-0.23333333333333328,0.23333333333333328,0.0,,,clean,
19,,0.7866666666666666,0.2888888888888888,1.12,0.88,0.12,0.0,0.9466666666666668,0.8222222222222222,1.52,0.48,0.52,0.0,SouthGermanCredit,targeted_top3,0.16000000000000014,0.5333333333333334,0.3999999999999999,-0.4,0.4,0.0,,,targeted_top3,
0,,0.7623762376237624,0.5899280575539568,1.3828382838283828,0.6171617161716172,0.3828382838283828,0.0,0.6996699669966997,0.39568345323741,1.2574257425742574,0.7425742574257426,0.2574257425742574,0.0,HeartDisease,Cleveland,-0.06270627062706269,-0.19424460431654683,-0.12541254125412538,0.12541254125412538,-0.12541254125412543,0.0,,,,Cleveland
1,,0.7953795379537953,0.7194244604316546,1.4752475247524752,0.5247524752475248,0.4752475247524752,0.0,0.8382838283828383,0.6834532374100719,1.6006600660066006,0.3993399339933993,0.6006600660066007,0.0,HeartDisease,Cleveland,0.04290429042904298,-0.03597122302158273,0.12541254125412538,-0.1254125412541255,0.1254125412541255,0.0,,,,Cleveland
2,,0.9042904290429042,0.8992805755395683,1.537953795379538,0.462046204620462,0.5379537953795379,0.0,0.9174917491749176,0.8489208633093526,1.6501650165016502,0.3498349834983498,0.6501650165016502,0.0,HeartDisease,Cleveland,0.013201320132013361,-0.050359712230215736,0.11221122112211224,-0.11221122112211218,0.11221122112211224,0.0,,,,Cleveland
3,,0.8415841584158416,0.762589928057554,1.1122112211221122,0.8877887788778878,0.1122112211221122,0.0,0.8481848184818482,0.7338129496402878,1.155115511551155,0.8448844884488449,0.1551155115511551,0.0,HeartDisease,Cleveland,0.0066006600660066805,-0.02877697841726623,0.04290429042904287,-0.04290429042904287,0.04290429042904291,0.0,,,,Cleveland
4,,0.8316831683168316,0.8129496402877698,1.2541254125412542,0.7458745874587459,0.2541254125412541,0.0,0.8811881188118812,0.762589928057554,1.528052805280528,0.4719471947194719,0.528052805280528,0.0,HeartDisease,Cleveland,0.04950495049504955,-0.05035971223021585,0.2739273927392738,-0.273927392739274,0.2739273927392739,0.0,,,,Cleveland
5,,0.7788778877887789,0.5611510791366906,1.0891089108910892,0.9108910891089108,0.0891089108910891,0.0,0.7656765676567657,0.5251798561151079,1.0891089108910892,0.9108910891089108,0.0891089108910891,0.0,HeartDisease,Cleveland,-0.013201320132013139,-0.03597122302158273,0.0,0.0,0.0,0.0,,,,Cleveland
6,,0.8910891089108911,0.8776978417266187,1.3366336633663367,0.6633663366336634,0.3366336633663366,0.0,0.9174917491749176,0.841726618705036,1.4356435643564356,0.5643564356435643,0.4356435643564356,0.0,HeartDisease,Cleveland,0.0264026402640265,-0.03597122302158273,0.09900990099009888,-0.0990099009900991,0.09900990099009899,0.0,,,,Cleveland
7,,0.495049504950495,0.2134146341463414,1.1122112211221122,0.8877887788778878,0.1122112211221122,0.0,0.5577557755775577,0.3719512195121951,1.1815181518151816,0.8184818481848185,0.1815181518151815,0.0,HeartDisease,Cleveland,0.06270627062706274,0.15853658536585372,0.06930693069306937,-0.06930693069306926,0.0693069306930693,0.0,,,,Cleveland
8,,0.9405940594059404,0.8920863309352518,1.4422442244224425,0.5577557755775577,0.4422442244224422,0.0,0.9504950495049505,0.9136690647482014,1.4983498349834985,0.5016501650165016,0.4983498349834983,0.0,HeartDisease,Cleveland,0.00990099009901002,0.021582733812949617,0.05610561056105601,-0.05610561056105612,0.05610561056105606,0.0,,,,Cleveland
9,,0.8943894389438944,0.8475609756097561,1.33003300330033,0.66996699669967,0.33003300330033,0.0,0.9108910891089108,0.8963414634146342,1.3663366336633664,0.6336633663366337,0.3663366336633663,0.0,HeartDisease,Cleveland,0.01650165016501637,0.04878048780487809,0.03630363036303641,-0.0363036303630363,0.0363036303630363,0.0,,,,Cleveland
0,,0.935374149659864,0.9308510638297872,1.4965986394557824,0.5034013605442177,0.4965986394557823,0.0,0.9217687074829932,0.7924528301886793,1.336734693877551,0.6632653061224489,0.336734693877551,0.0,HeartDisease,Hungary,-0.013605442176870763,-0.13839823364110793,-0.15986394557823136,0.15986394557823125,-0.1598639455782313,0.0,,,,Hungary
1,,0.91156462585034,0.8490566037735849,1.2074829931972788,0.7925170068027211,0.2074829931972789,0.0,0.9013605442176872,0.7358490566037735,1.2925170068027212,0.7074829931972789,0.2925170068027211,0.0,HeartDisease,Hungary,-0.01020408163265285,-0.1132075471698114,0.08503401360544238,-0.08503401360544216,0.08503401360544219,0.0,,,,Hungary
2,,0.91156462585034,0.8584905660377359,1.2346938775510203,0.7653061224489796,0.2346938775510204,0.0,0.9183673469387756,0.7735849056603774,1.3639455782312926,0.6360544217687075,0.3639455782312925,0.0,HeartDisease,Hungary,0.006802721088435604,-0.08490566037735847,0.12925170068027225,-0.12925170068027203,0.12925170068027209,0.0,,,,Hungary
3,,0.9489795918367347,0.9339622641509434,1.4727891156462585,0.5272108843537415,0.4727891156462585,0.0,0.9285714285714286,0.839622641509434,1.261904761904762,0.7380952380952381,0.2619047619047619,0.0,HeartDisease,Hungary,-0.020408163265306145,-0.09433962264150941,-0.2108843537414964,0.2108843537414966,-0.21088435374149656,0.0,,,,Hungary
4,,0.8775510204081632,0.8301886792452831,1.2006802721088434,0.7993197278911565,0.2006802721088435,0.0,0.9387755102040816,0.8301886792452831,1.465986394557823,0.5340136054421769,0.4659863945578231,0.0,HeartDisease,Hungary,0.061224489795918324,0.0,0.26530612244897966,-0.26530612244897955,0.26530612244897955,0.0,,,,Hungary
5,,0.8979591836734694,0.8301886792452831,1.1666666666666667,0.8333333333333334,0.1666666666666666,0.0,0.9081632653061223,0.7452830188679245,1.3401360544217686,0.6598639455782312,0.3401360544217687,0.0,HeartDisease,Hungary,0.010204081632652962,-0.08490566037735858,0.1734693877551019,-0.17346938775510212,0.1734693877551021,0.0,,,,Hungary
6,,0.935374149659864,0.9202127659574468,1.4591836734693877,0.5408163265306123,0.4591836734693877,0.0,0.9761904761904762,0.9339622641509434,1.6496598639455782,0.3503401360544217,0.6496598639455783,0.0,HeartDisease,Hungary,0.04081632653061218,0.013749498193496579,0.19047619047619047,-0.19047619047619058,0.19047619047619058,0.0,,,,Hungary
7,,0.8945578231292517,0.8679245283018868,1.183673469387755,0.8163265306122449,0.1836734693877551,0.0,0.9251700680272108,0.8113207547169812,1.282312925170068,0.717687074829932,0.282312925170068,0.0,HeartDisease,Hungary,0.030612244897959107,-0.05660377358490565,0.09863945578231292,-0.09863945578231292,0.0986394557823129,0.0,,,,Hungary
8,,0.9081632653061223,0.8936170212765957,1.3741496598639455,0.6258503401360545,0.3741496598639456,0.0,0.9013605442176872,0.7735849056603774,1.173469387755102,0.826530612244898,0.173469387755102,0.0,HeartDisease,Hungary,-0.00680272108843516,-0.1200321156162183,-0.20068027210884365,0.20068027210884354,-0.2006802721088436,0.0,,,,Hungary
9,,0.935374149659864,0.9150943396226416,1.4047619047619049,0.5952380952380952,0.4047619047619047,0.0,0.9523809523809524,0.9150943396226416,1.4387755102040816,0.5612244897959183,0.4387755102040816,0.0,HeartDisease,Hungary,0.017006802721088454,0.0,0.034013605442176686,-0.03401360544217691,0.03401360544217691,0.0,,,,Hungary
0,,0.8292682926829268,0.75,1.3983739837398377,0.6016260162601627,0.3983739837398374,0.0,0.8292682926829268,0.75,1.4308943089430894,0.5691056910569106,0.4308943089430894,0.0,HeartDisease,Switzerland,0.0,0.0,0.032520325203251765,-0.0325203252032521,0.03252032520325199,0.0,,,,Switzerland
1,,0.8699186991869918,0.75,1.3983739837398377,0.6016260162601627,0.3983739837398374,0.0,0.8780487804878049,0.875,1.4959349593495934,0.5040650406504065,0.4959349593495935,0.0,HeartDisease,Switzerland,0.008130081300813052,0.125,0.09756097560975574,-0.09756097560975618,0.09756097560975607,0.0,,,,Switzerland
2,,0.8130081300813008,0.75,1.4146341463414631,0.5853658536585366,0.4146341463414634,0.0,0.7235772357723578,0.7217391304347827,1.4308943089430894,0.5691056910569106,0.4308943089430894,0.0,HeartDisease,Switzerland,-0.08943089430894302,-0.02826086956521734,0.016260162601626327,-0.016260162601625994,0.016260162601625994,0.0,,,,Switzerland
3,,0.7804878048780488,0.625,1.1382113821138211,0.8617886178861789,0.1382113821138211,0.0,0.7723577235772358,0.75,1.2520325203252032,0.7479674796747967,0.2520325203252032,0.0,HeartDisease,Switzerland,-0.008130081300813052,0.125,0.11382113821138207,-0.11382113821138218,0.11382113821138207,0.0,,,,Switzerland
4,,0.7560975609756098,0.75,1.2682926829268293,0.7317073170731707,0.2682926829268293,0.0,0.6991869918699187,0.6956521739130435,1.2357723577235773,0.7642276422764228,0.2357723577235772,0.0,HeartDisease,Switzerland,-0.05691056910569103,-0.05434782608695654,-0.03252032520325199,0.0325203252032521,-0.0325203252032521,0.0,,,,Switzerland
5,,0.7073170731707317,0.7043478260869566,1.1544715447154472,0.8455284552845529,0.1544715447154471,0.0,0.7723577235772358,0.75,1.170731707317073,0.8292682926829268,0.1707317073170731,0.0,HeartDisease,Switzerland,0.06504065040650409,0.04565217391304344,0.016260162601625883,-0.016260162601626105,0.016260162601625994,0.0,,,,Switzerland
6,,0.9105691056910568,0.875,1.5203252032520325,0.4796747967479675,0.5203252032520326,0.0,0.975609756097561,0.75,1.4715447154471544,0.5284552845528455,0.4715447154471545,0.0,HeartDisease,Switzerland,0.0650406504065042,-0.125,-0.04878048780487809,0.04878048780487804,-0.04878048780487809,0.0,,,,Switzerland
7,,0.8617886178861789,0.75,1.3577235772357723,0.6422764227642277,0.3577235772357723,0.0,0.8617886178861789,0.75,1.4471544715447155,0.5528455284552846,0.4471544715447154,0.0,HeartDisease,Switzerland,0.0,0.0,0.08943089430894324,-0.08943089430894313,0.08943089430894308,0.0,,,,Switzerland
8,,0.8373983739837398,0.75,1.4878048780487805,0.5121951219512195,0.4878048780487805,0.0,0.8211382113821138,0.8173913043478261,1.5609756097560976,0.4390243902439024,0.5609756097560976,0.0,HeartDisease,Switzerland,-0.016260162601625994,0.06739130434782614,0.07317073170731714,-0.07317073170731714,0.07317073170731714,0.0,,,,Switzerland
9,,0.926829268292683,0.75,1.3902439024390243,0.6097560975609756,0.3902439024390244,0.0,0.8617886178861789,0.75,1.3983739837398377,0.6016260162601627,0.3983739837398374,0.0,HeartDisease,Switzerland,-0.06504065040650409,0.0,0.008130081300813385,-0.008130081300812941,0.008130081300812997,0.0,,,,Switzerland
0,,0.885,0.7647058823529411,1.41,0.59,0.41,0.0,0.845,0.7843137254901961,1.45,0.55,0.45,0.0,HeartDisease,VA Long Beach,-0.040000000000000036,0.019607843137254943,0.040000000000000036,-0.039999999999999925,0.040000000000000036,0.0,,,,VA Long Beach
1,,0.9,0.7450980392156863,1.435,0.565,0.435,0.0,0.935,0.7450980392156863,1.515,0.485,0.515,0.0,HeartDisease,VA Long Beach,0.03500000000000003,0.0,0.07999999999999985,-0.07999999999999996,0.08000000000000002,0.0,,,,VA Long Beach
2,,0.87,0.7843137254901961,1.39,0.61,0.39,0.0,0.9,0.7843137254901961,1.46,0.54,0.46,0.0,HeartDisease,VA Long Beach,0.030000000000000027,0.0,0.07000000000000006,-0.06999999999999995,0.07,0.0,,,,VA Long Beach
3,,0.76,0.4509803921568627,1.06,0.94,0.06,0.0,0.83,0.7254901960784313,1.315,0.685,0.315,0.0,HeartDisease,VA Long Beach,0.06999999999999995,0.27450980392156865,0.2549999999999999,-0.2549999999999999,0.255,0.0,,,,VA Long Beach
4,,0.88,0.7647058823529411,1.355,0.645,0.355,0.0,0.88,0.7647058823529411,1.44,0.56,0.44,0.0,HeartDisease,VA Long Beach,0.0,0.0,0.08499999999999996,-0.08499999999999996,0.08500000000000002,0.0,,,,VA Long Beach
5,,0.93,0.7843137254901961,1.435,0.565,0.435,0.0,0.87,0.7843137254901961,1.355,0.645,0.355,0.0,HeartDisease,VA Long Beach,-0.06000000000000005,0.0,-0.08000000000000007,0.08000000000000007,-0.08000000000000002,0.0,,,,VA Long Beach
6,,0.805,0.6078431372549019,1.175,0.825,0.175,0.0,0.825,0.6862745098039216,1.275,0.725,0.275,0.0,HeartDisease,VA Long Beach,0.019999999999999907,0.07843137254901966,0.09999999999999987,-0.09999999999999998,0.10000000000000003,0.0,,,,VA Long Beach
7,,0.865,0.6666666666666666,1.345,0.655,0.345,0.0,0.88,0.7254901960784313,1.375,0.625,0.375,0.0,HeartDisease,VA Long Beach,0.015000000000000013,0.05882352941176472,0.030000000000000027,-0.030000000000000027,0.030000000000000027,0.0,,,,VA Long Beach
8,,0.795,0.5294117647058824,1.1,0.9,0.1,0.0,0.78,0.5686274509803921,1.085,0.915,0.085,0.0,HeartDisease,VA Long Beach,-0.015000000000000013,0.039215686274509776,-0.015000000000000124,0.015000000000000013,-0.015,0.0,,,,VA Long Beach
9,,0.875,0.7647058823529411,1.315,0.685,0.315,0.0,0.88,0.7647058823529411,1.43,0.57,0.43,0.0,HeartDisease,VA Long Beach,0.0050000000000000044,0.0,0.11499999999999999,-0.1150000000000001,0.11499999999999999,0.0,,,,VA Long Beach
