domain_family,condition,repeat,seed,model,auroc_id_test,auroc_ood_test,brier_id_test,brier_ood_test,ece_id_test,ece_ood_test,delta_auroc,delta_ece,delta_brier,condition_id
ACS,cpi_constant_2018usd,0,20260728,lightgbm,0.8912831448679799,0.8772426524616013,0.1297401796877418,0.1392784899869605,0.0153322826916563,0.0152437503823624,-0.014040492406378613,-8.853230929390006e-05,0.0095383102992187,ACS|cpi_constant_2018usd
ACS,cpi_constant_2018usd,0,20260728,logistic_regression,0.8886304558915097,0.8750776940326926,0.1311920980313515,0.140041487677826,0.020648404033412,0.014288274805148,-0.013552761858817042,-0.0063601292282640005,0.008849389646474498,ACS|cpi_constant_2018usd
ACS,cpi_constant_2018usd,1,20260729,lightgbm,0.8851362594308623,0.8765366749854624,0.1331899882632042,0.1399539684200522,0.0134067451517762,0.0191883759232462,-0.008599584445399877,0.005781630771469998,0.00676398015684801,ACS|cpi_constant_2018usd
ACS,cpi_constant_2018usd,1,20260729,logistic_regression,0.8782459426129786,0.8746255838286235,0.1366195083636014,0.1404068241518792,0.0133790917714159,0.0165448873913893,-0.003620358784355071,0.0031657956199733998,0.0037873157882777897,ACS|cpi_constant_2018usd
ACS,cpi_constant_2018usd,2,20260730,lightgbm,0.885941140149989,0.8760411512625378,0.132910170184737,0.1398450582432142,0.0148488956553598,0.0127889035645755,-0.00989998888745125,-0.0020599920907843003,0.0069348880584771955,ACS|cpi_constant_2018usd
ACS,cpi_constant_2018usd,2,20260730,logistic_regression,0.8819552880123256,0.8749755387463507,0.1348514512615455,0.1400199504833034,0.0123606256300741,0.0108799543367684,-0.006979749265974888,-0.0014806712933057003,0.005168499221757911,ACS|cpi_constant_2018usd
ACS,cpi_constant_2018usd,3,20260731,lightgbm,0.8861405626797223,0.8769282183717824,0.1324803360796241,0.1397063618771575,0.0128208647143912,0.0175144118530003,-0.009212344307939935,0.004693547138609099,0.0072260257975333975,ACS|cpi_constant_2018usd
ACS,cpi_constant_2018usd,3,20260731,logistic_regression,0.8808143925146019,0.8750533725061402,0.1356288207601602,0.1401460138007856,0.009616096110426,0.0158245309158075,-0.005761020008461681,0.0062084348053815,0.004517193040625395,ACS|cpi_constant_2018usd
ACS,cpi_constant_2018usd,4,20260732,lightgbm,0.8859777266564897,0.8759575912507507,0.1335644391265231,0.1399044877203314,0.0143373094038023,0.0125559246389229,-0.010020135405738984,-0.0017813847648793998,0.006340048593808295,ACS|cpi_constant_2018usd
ACS,cpi_constant_2018usd,4,20260732,logistic_regression,0.8806960811884671,0.8741675860867679,0.1361101207754131,0.1404911567469736,0.0121543209326256,0.0105580497544272,-0.006528495101699172,-0.0015962711781984003,0.004381035971560504,ACS|cpi_constant_2018usd
ACS,cpi_constant_2018usd,5,20260733,lightgbm,0.889069836242693,0.8764847326335349,0.130890847655678,0.1398176910673295,0.0121179520039655,0.0156648778022835,-0.0125851036091581,0.0035469257983180014,0.008926843411651508,ACS|cpi_constant_2018usd
ACS,cpi_constant_2018usd,5,20260733,logistic_regression,0.8852062485265558,0.8743386944070607,0.1329366323531368,0.1404480046483745,0.0134654470367208,0.0137600323698947,-0.010867554119495137,0.0002945853331738999,0.0075113722952377115,ACS|cpi_constant_2018usd
ACS,cpi_constant_2018usd,6,20260734,lightgbm,0.8907387900372609,0.8767531463798945,0.1298294397602923,0.1394692688431341,0.0123763406041494,0.0133276532788547,-0.01398564365736632,0.0009513126747052996,0.009639829082841805,ACS|cpi_constant_2018usd
ACS,cpi_constant_2018usd,6,20260734,logistic_regression,0.8878463885192045,0.8747761900934414,0.1311126630750779,0.1401390038303473,0.015332756888358,0.0145544226439474,-0.013070198425763069,-0.0007783342444105997,0.009026340755269396,ACS|cpi_constant_2018usd
ACS,cpi_constant_2018usd,7,20260735,lightgbm,0.8880331603059108,0.8767664070464899,0.1315675685376207,0.1395977036652524,0.012152021403106,0.0152328232679819,-0.011266753259420947,0.0030808018648758994,0.008030135127631705,ACS|cpi_constant_2018usd
ACS,cpi_constant_2018usd,7,20260735,logistic_regression,0.8849050496173921,0.8751674565352235,0.1330465747901107,0.140033223578482,0.0148590603229153,0.0156056057067811,-0.009737593082168594,0.0007465453838657998,0.006986648788371297,ACS|cpi_constant_2018usd
ACS,cpi_constant_2018usd,8,20260736,lightgbm,0.8851891045915227,0.8768546229452328,0.1332751399139445,0.1395051018126628,0.0122098179602074,0.015013969037269,-0.008334481646289915,0.0028041510770616014,0.0062299618987183,ACS|cpi_constant_2018usd
ACS,cpi_constant_2018usd,8,20260736,logistic_regression,0.8797272610638391,0.8743475148078742,0.1363423958569405,0.140371444271921,0.0102298460212169,0.0110694322302193,-0.0053797462559649345,0.0008395862090024003,0.004029048414980502,ACS|cpi_constant_2018usd
ACS,cpi_constant_2018usd,9,20260737,lightgbm,0.8879895495834798,0.8765492692439427,0.1316389285046962,0.1397171088653264,0.0122040201177887,0.015905487886899,-0.011440280339537034,0.0037014677691103014,0.00807818036063021,ACS|cpi_constant_2018usd
ACS,cpi_constant_2018usd,9,20260737,logistic_regression,0.8838567249662772,0.8741772674612861,0.1337541718432,0.1405582499264352,0.0123756095000651,0.0130583335116544,-0.009679457504991107,0.0006827240115892998,0.0068040780832352155,ACS|cpi_constant_2018usd
ACS,survey_year_adjusted_50000,0,20260728,lightgbm,0.8912831448679799,0.8774021865060251,0.1297401796877418,0.1556043612136224,0.0153322826916563,0.1028492399026273,-0.013880958361954798,0.087516957210971,0.025864181525880603,ACS|survey_year_adjusted_50000
ACS,survey_year_adjusted_50000,0,20260728,logistic_regression,0.8886304558915097,0.8725323103913255,0.1311920980313515,0.1578013413115159,0.020648404033412,0.1012477452504389,-0.01609814550018418,0.0805993412170269,0.026609243280164396,ACS|survey_year_adjusted_50000
ACS,survey_year_adjusted_50000,1,20260729,lightgbm,0.8851362594308623,0.877085290728738,0.1331899882632042,0.157162720396912,0.0134067451517762,0.104761605522972,-0.008050968702124295,0.0913548603711958,0.02397273213370782,ACS|survey_year_adjusted_50000
ACS,survey_year_adjusted_50000,1,20260729,logistic_regression,0.8782459426129786,0.8721639865442206,0.1366195083636014,0.1587239610504625,0.0133790917714159,0.1020077658603676,-0.006081956068758054,0.0886286740889517,0.022104452686861092,ACS|survey_year_adjusted_50000
ACS,survey_year_adjusted_50000,2,20260730,lightgbm,0.885941140149989,0.8761889251912013,0.132910170184737,0.157209345713225,0.0148488956553598,0.1056895713069603,-0.009752214958787753,0.0908406756516005,0.02429917552848801,ACS|survey_year_adjusted_50000
ACS,survey_year_adjusted_50000,2,20260730,logistic_regression,0.8819552880123256,0.8726010852203936,0.1348514512615455,0.1583152835643373,0.0123606256300741,0.1031373353590282,-0.009354202791931998,0.0907767097289541,0.02346383230279181,ACS|survey_year_adjusted_50000
ACS,survey_year_adjusted_50000,3,20260731,lightgbm,0.8861405626797223,0.877259665206506,0.1324803360796241,0.1545999292112042,0.0128208647143912,0.0974474330469678,-0.008880897473216298,0.0846265683325766,0.0221195931315801,ACS|survey_year_adjusted_50000
ACS,survey_year_adjusted_50000,3,20260731,logistic_regression,0.8808143925146019,0.872810680860347,0.1356288207601602,0.1569832768727938,0.009616096110426,0.0981739511738747,-0.008003711654254952,0.08855785506344871,0.02135445611263359,ACS|survey_year_adjusted_50000
ACS,survey_year_adjusted_50000,4,20260732,lightgbm,0.8859777266564897,0.8765888674370509,0.1335644391265231,0.1572073314736007,0.0143373094038023,0.1063832601486713,-0.009388859219438772,0.092045950744869,0.023642892347077588,ACS|survey_year_adjusted_50000
ACS,survey_year_adjusted_50000,4,20260732,logistic_regression,0.8806960811884671,0.8720531024381534,0.1361101207754131,0.1587875536647194,0.0121543209326256,0.1032744330672497,-0.008642978750313723,0.0911201121346241,0.022677432889306293,ACS|survey_year_adjusted_50000
ACS,survey_year_adjusted_50000,5,20260733,lightgbm,0.889069836242693,0.876788769727233,0.130890847655678,0.1566067472908712,0.0121179520039655,0.1039001226697225,-0.012281066515460015,0.091782170665757,0.025715899635193218,ACS|survey_year_adjusted_50000
ACS,survey_year_adjusted_50000,5,20260733,logistic_regression,0.8852062485265558,0.8720943373027206,0.1329366323531368,0.1588489405779966,0.0134654470367208,0.1029016178269653,-0.01311191122383526,0.0894361707902445,0.025912308224859792,ACS|survey_year_adjusted_50000
ACS,survey_year_adjusted_50000,6,20260734,lightgbm,0.8907387900372609,0.8769836009219836,0.1298294397602923,0.1566372882473165,0.0123763406041494,0.1047160356802965,-0.013755189115277289,0.0923396950761471,0.026807848487024194,ACS|survey_year_adjusted_50000
ACS,survey_year_adjusted_50000,6,20260734,logistic_regression,0.8878463885192045,0.8722256102952453,0.1311126630750779,0.1578709048958329,0.015332756888358,0.1009437016866349,-0.015620778223959242,0.0856109447982769,0.02675824182075498,ACS|survey_year_adjusted_50000
ACS,survey_year_adjusted_50000,7,20260735,lightgbm,0.8880331603059108,0.8773517334341391,0.1315675685376207,0.1558459438564887,0.012152021403106,0.1019613112148097,-0.01068142687177176,0.08980928981170369,0.024278375318868006,ACS|survey_year_adjusted_50000
ACS,survey_year_adjusted_50000,7,20260735,logistic_regression,0.8849050496173921,0.8728052527583738,0.1330465747901107,0.157109098495102,0.0148590603229153,0.0986341231979637,-0.012099796859018297,0.0837750628750484,0.02406252370499129,ACS|survey_year_adjusted_50000
ACS,survey_year_adjusted_50000,8,20260736,lightgbm,0.8851891045915227,0.8772224794181888,0.1332751399139445,0.1567351967477492,0.0122098179602074,0.1056080264285309,-0.007966625173333908,0.0933982084683235,0.0234600568338047,ACS|survey_year_adjusted_50000
ACS,survey_year_adjusted_50000,8,20260736,logistic_regression,0.8797272610638391,0.8721049330802264,0.1363423958569405,0.1591413548504802,0.0102298460212169,0.1050447407600413,-0.007622327983612731,0.0948148947388244,0.022798958993539703,ACS|survey_year_adjusted_50000
ACS,survey_year_adjusted_50000,9,20260737,lightgbm,0.8879895495834798,0.8766966887392471,0.1316389285046962,0.1558631588405793,0.0122040201177887,0.1008441808892229,-0.011292860844232644,0.08864016077143419,0.024224230335883112,ACS|survey_year_adjusted_50000
ACS,survey_year_adjusted_50000,9,20260737,logistic_regression,0.8838567249662772,0.8720531470573523,0.1337541718432,0.1582493881448614,0.0123756095000651,0.1012757805735583,-0.011803577908924945,0.0889001710734932,0.024495216301661404,ACS|survey_year_adjusted_50000
ACS,unadjusted_reported_income_50000,0,20260728,lightgbm,0.8886744731564591,0.8767150028639007,0.1288563621309288,0.1553195306775147,0.0145457141263749,0.0991506000020847,-0.011959470292558394,0.0846048858757098,0.026463168546585897,ACS|unadjusted_reported_income_50000
ACS,unadjusted_reported_income_50000,0,20260728,logistic_regression,0.8856938149720177,0.872562374131258,0.1304606695216007,0.1569827001298149,0.0147765066884539,0.0968495819216757,-0.013131440840759678,0.0820730752332218,0.026522030608214203,ACS|unadjusted_reported_income_50000
ACS,unadjusted_reported_income_50000,1,20260729,lightgbm,0.8872907403226087,0.8766578873006794,0.12913375293151,0.157196842119816,0.0134888277902478,0.1030163734271318,-0.01063285302192929,0.089527545636884,0.028063089188305995,ACS|unadjusted_reported_income_50000
ACS,unadjusted_reported_income_50000,1,20260729,logistic_regression,0.8814922431028023,0.8724035997265379,0.1322433722504375,0.158338430274173,0.0148858369738163,0.1004227145021309,-0.00908864337626436,0.0855368775283146,0.02609505802373549,ACS|unadjusted_reported_income_50000
ACS,unadjusted_reported_income_50000,2,20260730,lightgbm,0.8872900452519211,0.875901744624777,0.1293469924410593,0.1571183586902018,0.0143325974957322,0.1038084379181794,-0.011388300627144132,0.08947584042244719,0.027771366249142504,ACS|unadjusted_reported_income_50000
ACS,unadjusted_reported_income_50000,2,20260730,logistic_regression,0.8835247020625258,0.8727007076916067,0.1312048776193482,0.1579038246770507,0.016311598850289,0.1002683816534766,-0.010823994370919077,0.0839567828031876,0.026698947057702482,ACS|unadjusted_reported_income_50000
ACS,unadjusted_reported_income_50000,3,20260731,lightgbm,0.8861092715461997,0.8767815911641703,0.1294802424631833,0.154994366040592,0.0142323895427946,0.0973274828359481,-0.009327680382029357,0.0830950932931535,0.025514123577408704,ACS|unadjusted_reported_income_50000
ACS,unadjusted_reported_income_50000,3,20260731,logistic_regression,0.8815382036779567,0.87313519598273,0.1324291228095244,0.1569911000327455,0.0082835142061753,0.0979572744230893,-0.008403007695226616,0.08967376021691399,0.024561977223221093,ACS|unadjusted_reported_income_50000
ACS,unadjusted_reported_income_50000,4,20260732,lightgbm,0.8872147505087706,0.8761771575660686,0.1304602758120275,0.1562691691397593,0.0157192864525446,0.1009223079785937,-0.011037592942702013,0.0852030215260491,0.025808893327731813,ACS|unadjusted_reported_income_50000
ACS,unadjusted_reported_income_50000,4,20260732,logistic_regression,0.8816151019669565,0.8722294503254011,0.1332758217632522,0.1575401954141388,0.0152907765429358,0.0978158529421727,-0.00938565164155536,0.0825250763992369,0.0242643736508866,ACS|unadjusted_reported_income_50000
ACS,unadjusted_reported_income_50000,5,20260733,lightgbm,0.8888257504192534,0.8763315350956256,0.1284047638500957,0.156767551694652,0.0105219905574678,0.1022439227587156,-0.012494215323627822,0.0917219322012478,0.028362787844556314,ACS|unadjusted_reported_income_50000
ACS,unadjusted_reported_income_50000,5,20260733,logistic_regression,0.8858742491469281,0.8725859194250271,0.1300018968122603,0.1581635625382876,0.0113018228200429,0.1004677774118308,-0.013288329721901082,0.0891659545917879,0.028161665726027296,ACS|unadjusted_reported_income_50000
ACS,unadjusted_reported_income_50000,6,20260734,lightgbm,0.8882205420257117,0.8762512613830128,0.1288151678040886,0.1576504380314699,0.0102390344978324,0.1060037241152454,-0.011969280642698865,0.09576468961741301,0.028835270227381304,ACS|unadjusted_reported_income_50000
ACS,unadjusted_reported_income_50000,6,20260734,logistic_regression,0.8866236088932057,0.8725344039242859,0.129285469900359,0.1583564673058398,0.014529197422625,0.101981853117656,-0.014089204968919744,0.087452655695031,0.029070997405480803,ACS|unadjusted_reported_income_50000
ACS,unadjusted_reported_income_50000,7,20260735,lightgbm,0.8886044041898103,0.8766133689338818,0.1289846882788677,0.1561380411511503,0.0122403525664666,0.1010854459955154,-0.011991035255928595,0.0888450934290488,0.0271533528722826,ACS|unadjusted_reported_income_50000
ACS,unadjusted_reported_income_50000,7,20260735,logistic_regression,0.8849288399814699,0.8727340664435562,0.1307679027209702,0.1570877920742197,0.0081735663357614,0.0979466265170835,-0.01219477353791365,0.0897730601813221,0.026319889353249498,ACS|unadjusted_reported_income_50000
ACS,unadjusted_reported_income_50000,8,20260736,lightgbm,0.8849175226135109,0.877087649502174,0.1308936870105387,0.1559512695569984,0.0098023816027148,0.1016790260639788,-0.007829873111336871,0.091876644461264,0.025057582546459706,ACS|unadjusted_reported_income_50000
ACS,unadjusted_reported_income_50000,8,20260736,logistic_regression,0.8798852885319627,0.8724035579525293,0.133765700504694,0.1578086277187101,0.010605677284318,0.0997415765191057,-0.007481730579433354,0.08913589923478771,0.024042927214016102,ACS|unadjusted_reported_income_50000
ACS,unadjusted_reported_income_50000,9,20260737,lightgbm,0.8848967327433687,0.8759730750554224,0.1307818002216569,0.1561168044965808,0.0174673502964357,0.0989787875019289,-0.00892365768794623,0.0815114372054932,0.02533500427492391,ACS|unadjusted_reported_income_50000
ACS,unadjusted_reported_income_50000,9,20260737,logistic_regression,0.8822222892321974,0.8722309248077009,0.1319797647520546,0.1579308573806432,0.0122439030589463,0.0992206785850745,-0.00999136442449644,0.0869767755261282,0.02595109262858858,ACS|unadjusted_reported_income_50000
HeartDisease,Cleveland,0,20260728,lightgbm,0.8913255360623782,0.8250570275486927,0.116806301234946,0.1690561691667453,0.10446001535814,0.0811448702383361,-0.06626850851368549,-0.0233151451198039,0.052249867931799296,HeartDisease|Cleveland
HeartDisease,Cleveland,0,20260728,logistic_regression,0.9200779727095516,0.5723811194946482,0.1091021346483245,0.2915663133001885,0.1145559685806299,0.2025647489568539,-0.3476968532149034,0.08800878037622399,0.182464178651864,HeartDisease|Cleveland
HeartDisease,Cleveland,1,20260877,lightgbm,0.9147173489278752,0.8296411651166872,0.1046667717950978,0.1958282955398988,0.0908454254899749,0.1455961350824697,-0.08507618381118798,0.05475070959249481,0.091161523744801,HeartDisease|Cleveland
HeartDisease,Cleveland,1,20260877,logistic_regression,0.8689083820662767,0.574442884716617,0.1150847850798491,0.3156173469441417,0.1194386313527912,0.2632786556352418,-0.29446549734965977,0.14384002428245057,0.20053256186429258,HeartDisease|Cleveland
HeartDisease,Cleveland,2,20261026,lightgbm,0.888888888888889,0.8512896999473591,0.1293349392493662,0.1613152912070142,0.0759386869775871,0.0823299879387347,-0.037599188941529804,0.006391300961147595,0.03198035195764801,HeartDisease|Cleveland
HeartDisease,Cleveland,2,20261026,logistic_regression,0.8942495126705652,0.7421916125636077,0.1277575256543175,0.20937945184702,0.1441105241882319,0.068694326154731,-0.15205790010695752,-0.07541619803350089,0.0816219261927025,HeartDisease|Cleveland
HeartDisease,Cleveland,3,20261175,lightgbm,0.8313840155945419,0.8485699245481663,0.1459435653498842,0.1633806558611144,0.1644333077848179,0.0950945598040245,0.017185908953624374,-0.06933874798079341,0.017437090511230185,HeartDisease|Cleveland
HeartDisease,Cleveland,3,20261175,logistic_regression,0.8625730994152045,0.868880505351816,0.1322954723127365,0.1529387957331696,0.1329629382950055,0.0855129711047025,0.006307405936611499,-0.04744996719030299,0.020643323420433096,HeartDisease|Cleveland
HeartDisease,Cleveland,4,20261324,lightgbm,0.8981481481481481,0.8365941393226882,0.1241975610216794,0.1738167978623622,0.1351749940776355,0.1084127866758179,-0.061554008825459916,-0.026762207401817603,0.0496192368406828,HeartDisease|Cleveland
HeartDisease,Cleveland,4,20261324,logistic_regression,0.8854775828460039,0.7877697841726619,0.1267793645475802,0.1897867170706918,0.0915694269264887,0.1129311064794906,-0.097707798673342,0.021361679553001903,0.0630073525231116,HeartDisease|Cleveland
HeartDisease,Cleveland,5,20261473,lightgbm,0.9064327485380116,0.8408492718020705,0.1127267986661605,0.1665000896396377,0.1294184696595972,0.0832538336661729,-0.06558347673594112,-0.0461646359934243,0.05377329097347719,HeartDisease|Cleveland
HeartDisease,Cleveland,5,20261473,logistic_regression,0.8966861598440545,0.8585278118968239,0.1253738928346283,0.2258439295051009,0.1086250487120249,0.2256387244634206,-0.03815834794723061,0.1170136757513957,0.1004700366704726,HeartDisease|Cleveland
HeartDisease,Cleveland,6,20261622,lightgbm,0.8596491228070176,0.8469468327776803,0.1501718105910911,0.1926516464430583,0.1219186146228778,0.1600178020797989,-0.012702290029337204,0.038099187456921105,0.042479835851967185,HeartDisease|Cleveland
HeartDisease,Cleveland,6,20261622,logistic_regression,0.8854775828460039,0.8505878224249868,0.1307303290790902,0.1550876595720967,0.1166764045221722,0.1065898117199853,-0.0348897604210171,-0.010086592802186906,0.02435733049300648,HeartDisease|Cleveland
HeartDisease,Cleveland,7,20261771,lightgbm,0.878167641325536,0.8308036497631164,0.1186220461754123,0.1849482834969544,0.1168981029215973,0.1184276830686108,-0.04736399156241966,0.0015295801470135012,0.06632623732154211,HeartDisease|Cleveland
HeartDisease,Cleveland,7,20261771,logistic_regression,0.8679337231968811,0.5232496929285839,0.1373587670777955,0.4272267299450961,0.0886628426858129,0.4338942688502881,-0.3446840302682972,0.3452314261644752,0.28986796286730054,HeartDisease|Cleveland
HeartDisease,Cleveland,8,20261920,lightgbm,0.9215399610136452,0.8308036497631164,0.0966479997096584,0.1653293207491832,0.1013104405389432,0.0519042092879432,-0.09073631125052883,-0.049406231251,0.06868132103952479,HeartDisease|Cleveland
HeartDisease,Cleveland,8,20261920,logistic_regression,0.9376218323586744,0.8664239340235129,0.0976942919098417,0.1562082390552876,0.1121768776668777,0.1082731660219491,-0.07119789833516144,-0.003903711644928601,0.0585139471454459,HeartDisease|Cleveland
HeartDisease,Cleveland,9,20262069,lightgbm,0.8796296296296297,0.8447095981751184,0.1287264154210778,0.1665057480332141,0.0866217781598348,0.0944521041695332,-0.03492003145451128,0.007830326009698407,0.03777933261213631,HeartDisease|Cleveland
HeartDisease,Cleveland,9,20262069,logistic_regression,0.922514619883041,0.8655027197753992,0.1048247279479774,0.1767758253799655,0.0855422961139339,0.1525754901503633,-0.05701190010764179,0.06703319403642942,0.0719510974319881,HeartDisease|Cleveland
HeartDisease,Hungary,0,20260729,lightgbm,0.8743890518084066,0.87786029706945,0.1436272781045321,0.1434154918679664,0.1108337245926703,0.0899261938993359,0.0034712452610433653,-0.020907530693334397,-0.00021178623656570306,HeartDisease|Hungary
HeartDisease,Hungary,0,20260729,logistic_regression,0.8685239491691105,0.8637093536732235,0.1344824994520719,0.1552159483369531,0.1078594070111715,0.1412217326371133,-0.00481459549588692,0.0333623256259418,0.020733448884881184,HeartDisease|Hungary
HeartDisease,Hungary,1,20260878,lightgbm,0.9037145650048876,0.8534223203532718,0.1143477048202512,0.1498910798515374,0.0964290474862098,0.0695675765991106,-0.05029224465161575,-0.026861470887099198,0.03554337503128621,HeartDisease|Hungary
HeartDisease,Hungary,1,20260878,logistic_regression,0.9130009775171064,0.8636089923725412,0.1104861697749792,0.1358399030720476,0.0558917303888172,0.0770653377695919,-0.04939198514456522,0.0211736073807747,0.0253537332970684,HeartDisease|Hungary
HeartDisease,Hungary,2,20261027,lightgbm,0.8807429130009775,0.8822260136491369,0.1405505439880581,0.1372789698507868,0.0987071565229833,0.0849774982073278,0.0014831006481593745,-0.013729658315655494,-0.0032715741372713047,HeartDisease|Hungary
HeartDisease,Hungary,2,20261027,logistic_regression,0.8509286412512219,0.8734945804897631,0.1538609630731856,0.134177689628197,0.1293331458991159,0.0861494957411805,0.02256593923854122,-0.043183650157935405,-0.019683273444988603,HeartDisease|Hungary
HeartDisease,Hungary,3,20261176,lightgbm,0.8455522971652004,0.8745734644720996,0.1336923262357171,0.1546635559771518,0.1326056532268608,0.1310229240543798,0.029021167306899187,-0.0015827291724810066,0.0209712297414347,HeartDisease|Hungary
HeartDisease,Hungary,3,20261176,logistic_regression,0.8406647116324536,0.873444399839422,0.1444787673947446,0.1426187435900074,0.1660160773821877,0.0867086071357671,0.032779688206968416,-0.07930747024642061,-0.0018600238047372097,HeartDisease|Hungary
HeartDisease,Hungary,4,20261325,lightgbm,0.9002932551319648,0.8543757527097552,0.1202373920553012,0.1596146940355812,0.1251652765890235,0.131005836816567,-0.0459175024222096,0.0058405602275435065,0.03937730198028,HeartDisease|Hungary
HeartDisease,Hungary,4,20261325,logistic_regression,0.9056695992179864,0.8619028502609394,0.1122596937942281,0.1451197182690487,0.0922578447649286,0.0993131477795914,-0.04376674895704702,0.007055303014662798,0.032860024474820615,HeartDisease|Hungary
HeartDisease,Hungary,5,20261474,lightgbm,0.85386119257087,0.8770574066639903,0.137472260565252,0.1436840925685462,0.1730612258534395,0.0941106974653852,0.023196214093120338,-0.0789505283880543,0.006211832003294199,HeartDisease|Hungary
HeartDisease,Hungary,5,20261474,logistic_regression,0.8377321603128054,0.8844841429144922,0.1388750255441238,0.1288325713273506,0.0721615102524719,0.0641884646398377,0.04675198260168678,-0.007973045612634205,-0.010042454216773189,HeartDisease|Hungary
HeartDisease,Hungary,6,20261623,lightgbm,0.8851417399804496,0.8964271376957046,0.1170423639006195,0.1627576332352662,0.0979141018163633,0.1960246554138292,0.011285397715254941,0.09811055359746591,0.0457152693346467,HeartDisease|Hungary
HeartDisease,Hungary,6,20261623,logistic_regression,0.8812316715542522,0.8757025291047772,0.1184792646259836,0.1594809416920891,0.0869967936525081,0.1736394105589249,-0.005529142449475,0.0866426169064168,0.041001677066105496,HeartDisease|Hungary
HeartDisease,Hungary,7,20261772,lightgbm,0.855327468230694,0.8826776395022079,0.1355686469893383,0.1661287561097019,0.0833102117127633,0.1755396597039474,0.027350171271513846,0.09222944799118409,0.03056010912036361,HeartDisease|Hungary
HeartDisease,Hungary,7,20261772,logistic_regression,0.8597262952101662,0.884684865515857,0.1401665165742487,0.1337447865939992,0.1070980221284445,0.098974826495879,0.02495857030569082,-0.0081231956325655,-0.006421729980249508,HeartDisease|Hungary
HeartDisease,Hungary,8,20261921,lightgbm,0.9032258064516128,0.8829787234042552,0.1238455412596279,0.1668609168303535,0.0983785661658208,0.1733350384389341,-0.02024708304735756,0.0749564722731133,0.0430153755707256,HeartDisease|Hungary
HeartDisease,Hungary,8,20261921,logistic_regression,0.873900293255132,0.8735447611401044,0.1283288411706806,0.1569250537509129,0.1151310217809853,0.1432645271972166,-0.0003555321150275903,0.028133505416231303,0.02859621258023229,HeartDisease|Hungary
HeartDisease,Hungary,9,20262070,lightgbm,0.9007820136852396,0.8752007226013649,0.1085914408859528,0.1395283022827527,0.1105693307469492,0.0835888472770313,-0.025581291083874635,-0.02698048346991791,0.03093686139679991,HeartDisease|Hungary
HeartDisease,Hungary,9,20262070,logistic_regression,0.8993157380254154,0.8867924528301887,0.1149748246944499,0.1425471298849914,0.1228423804095853,0.1362595388249679,-0.012523285195226719,0.013417158415382616,0.027572305190541505,HeartDisease|Hungary
HeartDisease,Switzerland,0,20260730,lightgbm,0.937482634065018,0.7293478260869566,0.1017318811082925,0.2158985196867038,0.1142187039994128,0.3250915676399203,-0.2081348079780614,0.2108728636405075,0.11416663857841129,HeartDisease|Switzerland
HeartDisease,Switzerland,0,20260730,logistic_regression,0.9330369547096417,0.7358695652173913,0.1030868150798821,0.2348953927006787,0.0981140434214812,0.3508705559245927,-0.19716738949225032,0.2527565125031115,0.1318085776207966,HeartDisease|Switzerland
HeartDisease,Switzerland,1,20260879,lightgbm,0.8624617949430398,0.7152173913043478,0.1468790069347638,0.1660239820812946,0.1228623105266093,0.2844178369826845,-0.14724440363869196,0.16155552645607524,0.019144975146530796,HeartDisease|Switzerland
HeartDisease,Switzerland,1,20260879,logistic_regression,0.873853848291192,0.7510869565217391,0.1391447983312088,0.1952737448580234,0.0783764739761133,0.3138009288832658,-0.12276689176945288,0.23542445490715247,0.056128946526814605,HeartDisease|Switzerland
HeartDisease,Switzerland,2,20261028,lightgbm,0.9169213670464018,0.692391304347826,0.1192596528545506,0.2533316789430365,0.1073225278868635,0.3995991119356931,-0.22453006269857578,0.2922765840488296,0.1340720260884859,HeartDisease|Switzerland
HeartDisease,Switzerland,2,20261028,logistic_regression,0.9433175882189496,0.7369565217391304,0.0996366509624284,0.2362618496548274,0.0946113377086856,0.3843133997388641,-0.20636106647981922,0.28970206203017845,0.13662519869239903,HeartDisease|Switzerland
HeartDisease,Switzerland,3,20261177,lightgbm,0.8507918866351765,0.7043478260869566,0.1566544403411575,0.1726472296041347,0.1426091216314442,0.2856158916635565,-0.1464440605482199,0.1430067700321123,0.015992789262977203,HeartDisease|Switzerland
HeartDisease,Switzerland,3,20261177,logistic_regression,0.8330091692136704,0.7217391304347827,0.1675837248214167,0.1919148823447956,0.0912253987641018,0.3044889510599793,-0.11127003877888775,0.2132635522958775,0.024331157523378888,HeartDisease|Switzerland
HeartDisease,Switzerland,4,20261326,lightgbm,0.8666296193387051,0.7347826086956522,0.1532751758737026,0.2105004353844474,0.1085925936061178,0.3212906025536823,-0.13184701064305293,0.21269800894756452,0.05722525951074481,HeartDisease|Switzerland
HeartDisease,Switzerland,4,20261326,logistic_regression,0.8624617949430398,0.7347826086956522,0.1556470606689154,0.2533064732497646,0.1067050679050491,0.3641593090535013,-0.1276791862473876,0.25745424114845217,0.09765941258084918,HeartDisease|Switzerland
HeartDisease,Switzerland,5,20261475,lightgbm,0.928313420394554,0.7815217391304348,0.1158615625442525,0.1698671103023159,0.1090195546731779,0.32021023131122,-0.14679168126411923,0.21119067663804209,0.054005547758063405,HeartDisease|Switzerland
HeartDisease,Switzerland,5,20261475,logistic_regression,0.9141428174492916,0.75,0.1225407209507029,0.2268324441065169,0.0959232774146077,0.3825665883095905,-0.1641428174492916,0.2866433108949828,0.104291723155814,HeartDisease|Switzerland
HeartDisease,Switzerland,6,20261624,lightgbm,0.901917199222006,0.7684782608695653,0.1297562551662445,0.156505259195099,0.0949809117877158,0.2693645588259686,-0.1334389383524407,0.17438364703825282,0.026749004028854495,HeartDisease|Switzerland
HeartDisease,Switzerland,6,20261624,logistic_regression,0.8819116421228119,0.7673913043478261,0.1379375204268622,0.1939347653569398,0.1058363875103755,0.3149068443594714,-0.11452033777498583,0.20907045684909592,0.0559972449300776,HeartDisease|Switzerland
HeartDisease,Switzerland,7,20261773,lightgbm,0.9133092525701584,0.7358695652173913,0.1185637495539036,0.1919579333360193,0.1192379375367907,0.3227348865221296,-0.17743968735276705,0.20349694898533893,0.0733941837821157,HeartDisease|Switzerland
HeartDisease,Switzerland,7,20261773,logistic_regression,0.9016393442622952,0.7467391304347826,0.1267636365022922,0.1876938965614693,0.11192919389267,0.3089361969653375,-0.15490021382751262,0.19700700307266747,0.060930260059177094,HeartDisease|Switzerland
HeartDisease,Switzerland,8,20261922,lightgbm,0.8852459016393442,0.7217391304347827,0.1380563093368398,0.2211159118219621,0.1082383432977803,0.3439851108770501,-0.16350677120456159,0.23574676757926977,0.08305960248512231,HeartDisease|Switzerland
HeartDisease,Switzerland,8,20261922,logistic_regression,0.9005279244234511,0.7402173913043478,0.1287277079058274,0.2492432376683166,0.0719857035040196,0.37770622902864,-0.16031053311910326,0.30572052552462037,0.12051552976248919,HeartDisease|Switzerland
HeartDisease,Switzerland,9,20262071,lightgbm,0.8357877188107807,0.7163043478260869,0.1677963085536508,0.1417514054220695,0.1207081095127952,0.254136798423821,-0.11948337098469386,0.13342868891102577,-0.02604490313158131,HeartDisease|Switzerland
HeartDisease,Switzerland,9,20262071,logistic_regression,0.873020283412059,0.7336956521739131,0.1460411695285048,0.1599249561806042,0.0887421824270233,0.2389735988660353,-0.13932463123814587,0.150231416439012,0.013883786652099411,HeartDisease|Switzerland
HeartDisease,VA Long Beach,0,20260731,lightgbm,0.9063786008230452,0.6722595078299777,0.104345161305307,0.2490547033373303,0.1064719079156867,0.2345416719082981,-0.23411909299306755,0.1280697639926114,0.1447095420320233,HeartDisease|VA Long Beach
HeartDisease,VA Long Beach,0,20260731,logistic_regression,0.9242112482853224,0.701802868798526,0.1025007640255709,0.2046861593349887,0.0833543015982368,0.1915147841340341,-0.22240837948679637,0.10816048253579731,0.10218539530941781,HeartDisease|VA Long Beach
HeartDisease,VA Long Beach,1,20260880,lightgbm,0.9478737997256516,0.6662718778786683,0.0917528019343444,0.2195155384879081,0.1401949881196355,0.182649254062641,-0.2816019218469833,0.0424542659430055,0.1277627365535637,HeartDisease|VA Long Beach
HeartDisease,VA Long Beach,1,20260880,logistic_regression,0.9235253772290808,0.6969338070798788,0.1069736169550161,0.1927458772432978,0.0775258132612718,0.1432584882888367,-0.22659157014920195,0.0657326750275649,0.08577226028828171,HeartDisease|VA Long Beach
HeartDisease,VA Long Beach,2,20261029,lightgbm,0.8919753086419753,0.6806158705092775,0.128535320966386,0.2560431871430295,0.1172103144670863,0.246822496809633,-0.21135943813269775,0.1296121823425467,0.12750786617664348,HeartDisease|VA Long Beach
HeartDisease,VA Long Beach,2,20261029,logistic_regression,0.8892318244170097,0.7061455454665088,0.1314196483215084,0.1976172851895677,0.1064423813852493,0.1466869546420439,-0.1830862789505009,0.040244573256794605,0.0661976368680593,HeartDisease|VA Long Beach
HeartDisease,VA Long Beach,3,20261178,lightgbm,0.9063786008230452,0.6591656796946966,0.1159882938396845,0.2087307464268321,0.1192201689075781,0.1729605622371393,-0.24721292112834858,0.053740393329561195,0.0927424525871476,HeartDisease|VA Long Beach
HeartDisease,VA Long Beach,3,20261178,logistic_regression,0.8868312757201647,0.6945650743518883,0.1369175263203028,0.185284857247495,0.1288097383258143,0.0953449005391195,-0.19226620136827643,-0.033464837786694804,0.0483673309271922,HeartDisease|VA Long Beach
HeartDisease,VA Long Beach,4,20261327,lightgbm,0.9032921810699588,0.6719305171733123,0.1174746936459491,0.238228667621295,0.1016886268953596,0.2257776513342532,-0.23136166389664647,0.12408902443889361,0.12075397397534589,HeartDisease|VA Long Beach
HeartDisease,VA Long Beach,4,20261327,logistic_regression,0.8902606310013715,0.6935123042505593,0.1208751669740613,0.1938346851606575,0.0954903263625457,0.1779058878996961,-0.19674832675081222,0.0824155615371504,0.0729595181865962,HeartDisease|VA Long Beach
HeartDisease,VA Long Beach,5,20261476,lightgbm,0.9379286694101509,0.7037768127385182,0.1079617571791426,0.1999444280154709,0.1312876267996747,0.1506642138746311,-0.23415185667163263,0.019376587074956403,0.09198267083632831,HeartDisease|VA Long Beach
HeartDisease,VA Long Beach,5,20261476,logistic_regression,0.9327846364883402,0.7350967232530596,0.1078102839967347,0.1730512640785512,0.0902163041357133,0.0816526159123641,-0.19768791323528057,-0.0085636882233492,0.0652409800818165,HeartDisease|VA Long Beach
HeartDisease,VA Long Beach,6,20261625,lightgbm,0.9303840877914952,0.6684432162126596,0.111554700643438,0.2321662479521911,0.1066726684688908,0.2200769332139778,-0.2619408715788356,0.11340426474508701,0.12061154730875309,HeartDisease|VA Long Beach
HeartDisease,VA Long Beach,6,20261625,logistic_regression,0.9252400548696844,0.7041716015265167,0.1065044206707854,0.192281476577128,0.1021568293381292,0.1258838243153178,-0.22106845334316771,0.02372699497718861,0.08577705590634259,HeartDisease|VA Long Beach
HeartDisease,VA Long Beach,7,20261774,lightgbm,0.9574759945130316,0.6747598368206343,0.0876567477714993,0.2161633722507965,0.0819331914475101,0.1760176469069981,-0.2827161576923972,0.09408445545948799,0.12850662447929717,HeartDisease|VA Long Beach
HeartDisease,VA Long Beach,7,20261774,logistic_regression,0.9447873799725652,0.6869324911172523,0.0957703198513529,0.1890812362347409,0.1204865889442329,0.1458686448213791,-0.25785488885531294,0.02538205587714619,0.09331091638338801,HeartDisease|VA Long Beach
HeartDisease,VA Long Beach,8,20261923,lightgbm,0.8916323731138546,0.6741676536386366,0.1315589387509396,0.2269288801762891,0.0699929368550839,0.2189034424683967,-0.21746471947521795,0.1489105056133128,0.09536994142534949,HeartDisease|VA Long Beach
HeartDisease,VA Long Beach,8,20261923,logistic_regression,0.8638545953360768,0.7179892091064612,0.1435478428460994,0.1801311969653542,0.10708282403306,0.106076357685488,-0.14586538622961553,-0.0010064663475720104,0.03658335411925481,HeartDisease|VA Long Beach
HeartDisease,VA Long Beach,9,20262072,lightgbm,0.902949245541838,0.6955520463218845,0.1246455448787141,0.2172085982076877,0.1034632335049519,0.1890192656740711,-0.20739719921995348,0.0855560321691192,0.0925630533289736,HeartDisease|VA Long Beach
HeartDisease,VA Long Beach,9,20262072,logistic_regression,0.8991769547325102,0.7053559678905119,0.1235044591087578,0.1927661309955234,0.0922251855471206,0.1712517792971422,-0.19382098684199833,0.07902659375002159,0.06926167188676559,HeartDisease|VA Long Beach
OULAD,pooled_landmark_day14,0,20260815,lightgbm,0.7173090385716874,0.7106061333077736,0.2122230375527768,0.2099824935735128,0.0489249507401086,0.0213846670592099,-0.0067029052639138165,-0.0275402836808987,-0.002240543979263987,OULAD|pooled_landmark_day14
OULAD,pooled_landmark_day14,0,20260815,logistic_regression,0.7309271108195565,0.7280411772690418,0.2073756670638435,0.2044223591860646,0.0294551642725758,0.0209272397048627,-0.0028859335505146966,-0.008527924567713101,-0.0029533078777788935,OULAD|pooled_landmark_day14
OULAD,pooled_landmark_day14,1,20261824,lightgbm,0.7502396260359218,0.7085680038865163,0.2015426798798127,0.2107582124026238,0.0285313863371519,0.0293807249801423,-0.04167162214940545,0.0008493386429904021,0.009215532522811098,OULAD|pooled_landmark_day14
OULAD,pooled_landmark_day14,1,20261824,logistic_regression,0.7578646493840997,0.7266187335918322,0.198950492645441,0.2050283692694779,0.0375488879989197,0.0236655295092624,-0.031245915792267542,-0.0138833584896573,0.0060778766240368876,OULAD|pooled_landmark_day14
OULAD,pooled_landmark_day14,2,20262833,lightgbm,0.7364160994738798,0.7136122353776297,0.2055916989919101,0.2087623526577549,0.0339339861220003,0.0186382695253637,-0.022803864096250015,-0.015295716596636599,0.0031706536658447915,OULAD|pooled_landmark_day14
OULAD,pooled_landmark_day14,2,20262833,logistic_regression,0.7422157679594751,0.7273190839468976,0.2037873594436139,0.2047547265635127,0.0169590108323408,0.0212061559522288,-0.014896684012577488,0.004247145119888,0.0009673671198988099,OULAD|pooled_landmark_day14
OULAD,pooled_landmark_day14,3,20263842,lightgbm,0.7407423605188797,0.7100812713785475,0.2051104389941502,0.2101950227534231,0.0268797021336741,0.0205799946477871,-0.030661089140332165,-0.006299707485887002,0.005084583759272898,OULAD|pooled_landmark_day14
OULAD,pooled_landmark_day14,3,20263842,logistic_regression,0.7487080244618896,0.726968850110281,0.2019742160630522,0.2046378714902297,0.0228370733863726,0.0180238035929805,-0.021739174351608548,-0.0048132697933921005,0.0026636554271775026,OULAD|pooled_landmark_day14
OULAD,pooled_landmark_day14,4,20264851,lightgbm,0.7489358922854348,0.7125859164936321,0.2013686009662957,0.2088744677459013,0.0260820264578853,0.0138311371108135,-0.03634997579180266,-0.012250889347071801,0.007505866779605602,OULAD|pooled_landmark_day14
OULAD,pooled_landmark_day14,4,20264851,logistic_regression,0.7555312651729313,0.7292730962419197,0.1987166843571487,0.2036752138789688,0.0284048937571399,0.0122219797141849,-0.026258168931011627,-0.016182914042955,0.004958529521820104,OULAD|pooled_landmark_day14
OULAD,pooled_landmark_day14,5,20265860,lightgbm,0.7338690301068942,0.7098514255350109,0.2062923945034172,0.2098891351650174,0.0335826938418956,0.020370213521894,-0.02401760457188329,-0.0132124803200016,0.0035967406616002062,OULAD|pooled_landmark_day14
OULAD,pooled_landmark_day14,5,20265860,logistic_regression,0.7413528488771206,0.7277789320581943,0.2035703003611361,0.2042634875989885,0.0224525485234403,0.015609125009817,-0.01357391681892628,-0.006843423513623301,0.0006931872378523884,OULAD|pooled_landmark_day14
OULAD,pooled_landmark_day14,6,20266869,lightgbm,0.723158153543549,0.7133395684028856,0.209958386989525,0.2086475546485927,0.0318516936988254,0.0147067905107985,-0.00981858514066336,-0.017144903188026903,-0.0013108323409322942,OULAD|pooled_landmark_day14
OULAD,pooled_landmark_day14,6,20266869,logistic_regression,0.7387645214825742,0.7280623336452824,0.2041712414459352,0.204297585430109,0.0325979889237624,0.0163565433110113,-0.010702187837291821,-0.0162414456127511,0.000126343984173799,OULAD|pooled_landmark_day14
OULAD,pooled_landmark_day14,7,20267878,lightgbm,0.7402791569779992,0.7103453741270502,0.2050558256940658,0.2106456488003207,0.0267566903215195,0.0243348864947737,-0.029933782850948942,-0.0024218038267458004,0.0055898231062548875,OULAD|pooled_landmark_day14
OULAD,pooled_landmark_day14,7,20267878,logistic_regression,0.7506867903115382,0.7264849908806632,0.2004766197219955,0.204462664917971,0.0332001486563359,0.0109719331699376,-0.02420179943087497,-0.0222282154863983,0.0039860451959754795,OULAD|pooled_landmark_day14
OULAD,pooled_landmark_day14,8,20268887,lightgbm,0.7430738927593395,0.7160629336886041,0.2041654285124877,0.2080288355012045,0.025119659143714,0.0220174331049041,-0.027010959070735474,-0.003102226038809903,0.0038634069887167888,OULAD|pooled_landmark_day14
OULAD,pooled_landmark_day14,8,20268887,logistic_regression,0.7540449984269281,0.7275877034448565,0.2008229111627007,0.2043637691468009,0.0302642395742551,0.0179656348919526,-0.02645729498207161,-0.0122986046823025,0.0035408579841001986,OULAD|pooled_landmark_day14
OULAD,pooled_landmark_day14,9,20269896,lightgbm,0.7337325349301397,0.7095105380457538,0.2074833747234669,0.210150631183877,0.0319639585102111,0.020313336241426,-0.024221996884385866,-0.011650622268785105,0.0026672564604101057,OULAD|pooled_landmark_day14
OULAD,pooled_landmark_day14,9,20269896,logistic_regression,0.7434152970654436,0.7265450968885775,0.2038841989842788,0.2049160058343858,0.0275815535993484,0.0195269292797179,-0.016870200176866135,-0.008054624319630499,0.001031806850106981,OULAD|pooled_landmark_day14
OULAD,pooled_landmark_day56,0,20260857,lightgbm,0.792884510582452,0.7593939900668557,0.1799517207553773,0.1885396865846579,0.0348287819899879,0.0495487287488762,-0.03349052051559631,0.014719946758888297,0.008587965829280592,OULAD|pooled_landmark_day56
OULAD,pooled_landmark_day56,0,20260857,logistic_regression,0.7948739336914573,0.7778335227304753,0.1783458917875879,0.1807697097153704,0.0442075221392369,0.0359691864277265,-0.017040410960981967,-0.008238335711510399,0.0024238179277825123,OULAD|pooled_landmark_day56
OULAD,pooled_landmark_day56,1,20261866,lightgbm,0.7870706196830045,0.7606283951209839,0.1814641792945518,0.1870969979383949,0.0213086192114704,0.0349772671569947,-0.02644222456202061,0.0136686479455243,0.005632818643843102,OULAD|pooled_landmark_day56
OULAD,pooled_landmark_day56,1,20261866,logistic_regression,0.7870539824088554,0.7763291349398698,0.1818131445145601,0.1803867770659097,0.0344198089997485,0.0237648603066845,-0.01072484746898561,-0.010654948693064003,-0.0014263674486504063,OULAD|pooled_landmark_day56
OULAD,pooled_landmark_day56,2,20262875,lightgbm,0.7741731288797624,0.7586097697496695,0.1851088447577765,0.1875903676675731,0.029892419275518,0.0353577793315628,-0.01556335913009288,0.005465360056044796,0.002481522909796585,OULAD|pooled_landmark_day56
OULAD,pooled_landmark_day56,2,20262875,logistic_regression,0.7802416269473591,0.7754813314997708,0.1834451351362225,0.1809934761022378,0.0339107126298463,0.0278600599959187,-0.00476029544758827,-0.0060506526339276015,-0.002451659033984699,OULAD|pooled_landmark_day56
OULAD,pooled_landmark_day56,3,20263884,lightgbm,0.7718771977467221,0.7616146594583588,0.1873614277104337,0.187586312769928,0.0201681707685139,0.0436628093027045,-0.010262538288363321,0.023494638534190596,0.00022488505949427862,OULAD|pooled_landmark_day56
OULAD,pooled_landmark_day56,3,20263884,logistic_regression,0.776944984089184,0.7747450227097222,0.1850667680642385,0.1808771579520932,0.0255128121371274,0.0276184839025548,-0.002199961379461768,0.002105671765427402,-0.004189610112145303,OULAD|pooled_landmark_day56
OULAD,pooled_landmark_day56,4,20264893,lightgbm,0.7655849475068542,0.7577179833568507,0.1904400393402357,0.1885124016163311,0.0285643218524675,0.0379360726622661,-0.007866964150003541,0.009371750809798598,-0.0019276377239046127,OULAD|pooled_landmark_day56
OULAD,pooled_landmark_day56,4,20264893,logistic_regression,0.7719710563270401,0.7754886335239604,0.1888285879614238,0.1804087244429149,0.0355600238393773,0.0179584926610414,0.003517577196920252,-0.017601531178335898,-0.008419863518508902,OULAD|pooled_landmark_day56
OULAD,pooled_landmark_day56,5,20265902,lightgbm,0.7840519886205166,0.7584177393240563,0.1843175213245468,0.1885225165022838,0.024988504311326,0.0364541835288589,-0.0256342492964603,0.011465679217532901,0.004204995177737009,OULAD|pooled_landmark_day56
OULAD,pooled_landmark_day56,5,20265902,logistic_regression,0.7917693981145758,0.7765515264134284,0.1811730537687291,0.1804732687649004,0.0354953525765054,0.0227127719372619,-0.015217871701147412,-0.0127825806392435,-0.0006997850038286957,OULAD|pooled_landmark_day56
OULAD,pooled_landmark_day56,6,20266911,lightgbm,0.7769114043880163,0.7565901195328549,0.1860538368337658,0.1884960381580095,0.0262838159173377,0.0348819639401035,-0.02032128485516138,0.008598148022765796,0.0024422013242436924,OULAD|pooled_landmark_day56
OULAD,pooled_landmark_day56,6,20266911,logistic_regression,0.7932996436128745,0.7765067321246875,0.1798729619712055,0.1802239696168374,0.0254574060058596,0.0199858018274168,-0.016792911488187068,-0.0054716041784428,0.00035100764563189557,OULAD|pooled_landmark_day56
OULAD,pooled_landmark_day56,7,20267920,lightgbm,0.7675211369076346,0.7603873642698888,0.1875915823700744,0.1885100330341635,0.0267693698386565,0.0525301120984739,-0.007133772637745728,0.0257607422598174,0.0009184506640891044,OULAD|pooled_landmark_day56
OULAD,pooled_landmark_day56,7,20267920,logistic_regression,0.7697241875207752,0.7740115749466951,0.1870299642465856,0.1819523496249571,0.0345462001873613,0.037315609805853,0.004287387425919942,0.0027694096184917028,-0.005077614621628507,OULAD|pooled_landmark_day56
OULAD,pooled_landmark_day56,8,20268929,lightgbm,0.7707776436135514,0.7544468473275703,0.1875087567208823,0.190263064846016,0.0288554813744337,0.0441613030441729,-0.01633079628598111,0.015305821669739199,0.002754308125133692,OULAD|pooled_landmark_day56
OULAD,pooled_landmark_day56,8,20268929,logistic_regression,0.7761391236762848,0.7748490445279996,0.1856035415571053,0.180990758920808,0.0356030800153035,0.0264884371584066,-0.0012900791482851615,-0.009114642856896896,-0.004612782636297302,OULAD|pooled_landmark_day56
OULAD,pooled_landmark_day56,9,20269938,lightgbm,0.7733351245752796,0.7580050255007181,0.1872080220665354,0.1898145308586828,0.025137677860176,0.0531806250092645,-0.01533009907456151,0.0280429471490885,0.0026065087921474106,OULAD|pooled_landmark_day56
OULAD,pooled_landmark_day56,9,20269938,logistic_regression,0.7756931266687938,0.7764433625112542,0.1866828333374003,0.1809630088224292,0.02094364653899,0.0329941058800967,0.0007502358424604783,0.012050459341106698,-0.005719824514971106,OULAD|pooled_landmark_day56
SouthGermanCredit,targeted_top3,0,20260728,lightgbm,0.7475132275132276,0.6196825396825396,0.1753844758608876,0.2046873297349122,0.0921888607604333,0.0906983989544825,-0.12783068783068796,-0.0014904618059507907,0.029302853874024593,SouthGermanCredit|targeted_top3
SouthGermanCredit,targeted_top3,0,20260728,logistic_regression,0.7642328042328044,0.651005291005291,0.1743179541649938,0.2065639826343322,0.1065405124911214,0.1012937150703711,-0.11322751322751334,-0.005246797420750293,0.03224602846933841,SouthGermanCredit|targeted_top3
SouthGermanCredit,targeted_top3,1,20260859,lightgbm,0.7921693121693122,0.6505820105820106,0.1616222253723724,0.2043123560134705,0.0553288549902386,0.0897026776264782,-0.1415873015873016,0.034373822636239594,0.04269013064109811,SouthGermanCredit|targeted_top3
SouthGermanCredit,targeted_top3,1,20260859,logistic_regression,0.8071957671957671,0.7303703703703703,0.1564375068974648,0.1951251591608788,0.0761060722599382,0.1044317904028255,-0.0768253968253968,0.0283257181428873,0.038687652263414,SouthGermanCredit|targeted_top3
SouthGermanCredit,targeted_top3,2,20260990,lightgbm,0.7866666666666667,0.6607407407407407,0.1633355917502757,0.1977725396597074,0.1083702030612198,0.07379649044377,-0.125925925925926,-0.034573712617449806,0.03443694790943169,SouthGermanCredit|targeted_top3
SouthGermanCredit,targeted_top3,2,20260990,logistic_regression,0.7699470899470899,0.6118518518518519,0.1727608919055343,0.2125167112060213,0.0841119703870374,0.1141202471270599,-0.15809523809523807,0.030008276740022502,0.03975581930048702,SouthGermanCredit|targeted_top3
SouthGermanCredit,targeted_top3,3,20261121,lightgbm,0.7758730158730159,0.6791534391534392,0.1681193026574763,0.1976120793772572,0.0809869540434636,0.0958852434148822,-0.09671957671957676,0.014898289371418613,0.0294927767197809,SouthGermanCredit|targeted_top3
SouthGermanCredit,targeted_top3,3,20261121,logistic_regression,0.8091005291005291,0.6988359788359788,0.1587110403931395,0.1954644189936847,0.0564742961593828,0.0814684340462337,-0.11026455026455029,0.024994137886850905,0.0367533786005452,SouthGermanCredit|targeted_top3
SouthGermanCredit,targeted_top3,4,20261252,lightgbm,0.7564021164021164,0.5676190476190476,0.1670022064171336,0.2285443502847861,0.0997612713501236,0.1772980099825043,-0.18878306878306883,0.07753673863238071,0.0615421438676525,SouthGermanCredit|targeted_top3
SouthGermanCredit,targeted_top3,4,20261252,logistic_regression,0.8067724867724868,0.7216931216931217,0.1539767374701539,0.1932030202946317,0.0670229325632411,0.1230811567537014,-0.08507936507936509,0.056058224190460304,0.03922628282447782,SouthGermanCredit|targeted_top3
SouthGermanCredit,targeted_top3,5,20261383,lightgbm,0.7699470899470899,0.6939682539682539,0.1670353235024488,0.1959787962337223,0.0808724426177618,0.1035056792719724,-0.07597883597883603,0.022633236654210603,0.028943472731273512,SouthGermanCredit|targeted_top3
SouthGermanCredit,targeted_top3,5,20261383,logistic_regression,0.815026455026455,0.7189417989417989,0.1625494048649574,0.1986438448565523,0.1052844720261066,0.1693278011271218,-0.0960846560846561,0.0640433291010152,0.036094439991594895,SouthGermanCredit|targeted_top3
SouthGermanCredit,targeted_top3,6,20261514,lightgbm,0.7849735449735449,0.6497354497354497,0.1645122241630467,0.1934863141434443,0.097897427797582,0.07867716602434,-0.13523809523809516,-0.019220261773242,0.028974089980397605,SouthGermanCredit|targeted_top3
SouthGermanCredit,targeted_top3,6,20261514,logistic_regression,0.8052910052910053,0.7223280423280423,0.1582253877426764,0.179834575042134,0.1016329180178572,0.0626134246774806,-0.08296296296296302,-0.039019493340376604,0.0216091872994576,SouthGermanCredit|targeted_top3
SouthGermanCredit,targeted_top3,7,20261645,lightgbm,0.8074074074074074,0.6764021164021163,0.1617669183294401,0.203576658813577,0.1136422083884979,0.1254930507385057,-0.131005291005291,0.0118508423500078,0.04180974048413691,SouthGermanCredit|targeted_top3
SouthGermanCredit,targeted_top3,7,20261645,logistic_regression,0.8230687830687831,0.7204232804232805,0.1543217419450379,0.2050011761734493,0.1040919076131213,0.1582341914724156,-0.10264550264550254,0.0541422838592943,0.050679434228411396,SouthGermanCredit|targeted_top3
SouthGermanCredit,targeted_top3,8,20261776,lightgbm,0.7760846560846562,0.7037037037037037,0.1665262086316286,0.205770227125358,0.096345997637006,0.1356041929874289,-0.07238095238095243,0.039258195350422895,0.03924401849372941,SouthGermanCredit|targeted_top3
SouthGermanCredit,targeted_top3,8,20261776,logistic_regression,0.8033862433862434,0.7204232804232804,0.1551529521231692,0.1986801549061494,0.0962928022365742,0.1479557527009099,-0.08296296296296302,0.05166295046433571,0.043527202782980196,SouthGermanCredit|targeted_top3
SouthGermanCredit,targeted_top3,9,20261907,lightgbm,0.7439153439153439,0.5614814814814815,0.1791786305989451,0.2124685444800102,0.0591684338225047,0.0815829705434987,-0.1824338624338624,0.022414536720993992,0.033289913881065114,SouthGermanCredit|targeted_top3
SouthGermanCredit,targeted_top3,9,20261907,logistic_regression,0.7635978835978835,0.6503703703703703,0.1720146605609299,0.2073849786499715,0.0877458907538964,0.1022877931148776,-0.11322751322751323,0.014541902360981199,0.03537031808904159,SouthGermanCredit|targeted_top3
SouthGermanCredit,targeted_top3,10,20262038,lightgbm,0.826031746031746,0.6946031746031746,0.153269566448478,0.1955406909546043,0.1073258432602195,0.1092616356124952,-0.13142857142857145,0.0019357923522757003,0.0422711245061263,SouthGermanCredit|targeted_top3
SouthGermanCredit,targeted_top3,10,20262038,logistic_regression,0.8325925925925926,0.7885714285714286,0.1508638920261819,0.192586491586818,0.0650462614386289,0.1348166744078492,-0.04402116402116396,0.06977041296922029,0.04172259956063612,SouthGermanCredit|targeted_top3
SouthGermanCredit,targeted_top3,11,20262169,lightgbm,0.7595767195767196,0.6207407407407407,0.1717661837251979,0.205424860168826,0.0612083413844488,0.0962016322716248,-0.13883597883597887,0.034993290887176,0.033658676443628105,SouthGermanCredit|targeted_top3
SouthGermanCredit,targeted_top3,11,20262169,logistic_regression,0.7591534391534391,0.6537566137566136,0.1714225535739046,0.211416570322492,0.0575055271830014,0.1385025148365856,-0.10539682539682549,0.08099698765358421,0.03999401674858741,SouthGermanCredit|targeted_top3
SouthGermanCredit,targeted_top3,12,20262300,lightgbm,0.6622222222222223,0.6256084656084656,0.1966816023420803,0.2069462226142712,0.1214602178829211,0.1067428918277746,-0.036613756613756654,-0.014717326055146501,0.01026462027219091,SouthGermanCredit|targeted_top3
SouthGermanCredit,targeted_top3,12,20262300,logistic_regression,0.6486772486772486,0.6393650793650794,0.2119822080055538,0.2179910710917491,0.1169897060590086,0.1526601894231739,-0.009312169312169272,0.035670483364165284,0.006008863086195276,SouthGermanCredit|targeted_top3
SouthGermanCredit,targeted_top3,13,20262431,lightgbm,0.7062433862433862,0.6217989417989418,0.184274181463523,0.2092795691369548,0.0975433873489424,0.1014338964640103,-0.08444444444444443,0.0038905091150679,0.0250053876734318,SouthGermanCredit|targeted_top3
SouthGermanCredit,targeted_top3,13,20262431,logistic_regression,0.7193650793650793,0.6165079365079364,0.1809242413509343,0.2101837361288985,0.0781351953448386,0.119234616172934,-0.10285714285714287,0.041099420828095395,0.029259494777964218,SouthGermanCredit|targeted_top3
SouthGermanCredit,targeted_top3,14,20262562,lightgbm,0.776084656084656,0.6884656084656084,0.1663673989626962,0.1878597154711501,0.1008374407753478,0.0884285833338829,-0.0876190476190476,-0.012408857441464902,0.0214923165084539,SouthGermanCredit|targeted_top3
SouthGermanCredit,targeted_top3,14,20262562,logistic_regression,0.8137566137566137,0.6732275132275132,0.1535853000092965,0.1940108404798571,0.106047427888319,0.1021932116543847,-0.1405291005291005,-0.003854216233934296,0.0404255404705606,SouthGermanCredit|targeted_top3
SouthGermanCredit,targeted_top3,15,20262693,lightgbm,0.7119576719576719,0.6400000000000001,0.1958301225553559,0.2322931435958548,0.1182768799104457,0.1825031642798469,-0.07195767195767178,0.06422628436940118,0.036463021040498894,SouthGermanCredit|targeted_top3
SouthGermanCredit,targeted_top3,15,20262693,logistic_regression,0.7206349206349206,0.6656084656084655,0.1857593616760663,0.214906411898216,0.0999815182779301,0.1461905688214353,-0.05502645502645509,0.0462090505435052,0.029147050222149695,SouthGermanCredit|targeted_top3
SouthGermanCredit,targeted_top3,16,20262824,lightgbm,0.7172486772486772,0.6279365079365079,0.1890988574128322,0.2342035620337365,0.1088889677758021,0.1796411668059127,-0.08931216931216934,0.07075219903011058,0.045104704620904296,SouthGermanCredit|targeted_top3
SouthGermanCredit,targeted_top3,16,20262824,logistic_regression,0.747936507936508,0.6431746031746032,0.1816343619758947,0.2395976696608374,0.1348867048890488,0.2026695314104912,-0.10476190476190483,0.06778282652144241,0.057963307684942705,SouthGermanCredit|targeted_top3
SouthGermanCredit,targeted_top3,17,20262955,lightgbm,0.84,0.7479365079365079,0.1467291341523566,0.1831591881548335,0.1243769138758781,0.0621575143378623,-0.09206349206349207,-0.0622193995380158,0.0364300540024769,SouthGermanCredit|targeted_top3
SouthGermanCredit,targeted_top3,17,20262955,logistic_regression,0.8518518518518519,0.7739682539682539,0.1441690461707191,0.1888763493986444,0.0911784576305131,0.116357488476995,-0.077883597883598,0.02517903084648189,0.044707303227925294,SouthGermanCredit|targeted_top3
SouthGermanCredit,targeted_top3,18,20263086,lightgbm,0.7788359788359789,0.7506878306878306,0.1664339440496992,0.1879338204831291,0.1100704606114805,0.1015147808968907,-0.028148148148148255,-0.0085556797145898,0.021499876433429904,SouthGermanCredit|targeted_top3
SouthGermanCredit,targeted_top3,18,20263086,logistic_regression,0.7811640211640212,0.6960846560846561,0.1677606316689169,0.1909795361878609,0.060153659732547,0.1111272191506084,-0.08507936507936509,0.0509735594180614,0.02321890451894401,SouthGermanCredit|targeted_top3
SouthGermanCredit,targeted_top3,19,20263217,lightgbm,0.772910052910053,0.72,0.1702275766898394,0.1875235568007415,0.088771649446308,0.0786898432012342,-0.05291005291005302,-0.010081806245073793,0.01729598011090211,SouthGermanCredit|targeted_top3
SouthGermanCredit,targeted_top3,19,20263217,logistic_regression,0.8315343915343916,0.8044444444444445,0.1445970003148548,0.1837023724525181,0.0945957605712353,0.1288741011168154,-0.027089947089947053,0.03427834054558011,0.0391053721376633,SouthGermanCredit|targeted_top3
