domain_family,condition,model,domain,prevalence_mean,prevalence_std,auroc_mean,auroc_std,brier_mean,brier_std,log_loss_mean,log_loss_std,ece_mean,ece_std,selection_rate_080_mean,selection_rate_080_std,selective_risk_080_mean,selective_risk_080_std,marginal_coverage_090_mean,marginal_coverage_090_std,marginal_avg_set_size_090_mean,marginal_avg_set_size_090_std,marginal_worst_class_coverage_090_mean,marginal_worst_class_coverage_090_std,lc_coverage_090_mean,lc_coverage_090_std,lc_avg_set_size_090_mean,lc_avg_set_size_090_std,lc_worst_class_coverage_090_mean,lc_worst_class_coverage_090_std
ACS,cpi_constant_2018usd,lightgbm,id_test,0.3844326127444545,0.0023012165427017946,0.887549927454591,0.002243218424123174,0.13190870377140618,0.001407559521674108,0.40814689002561744,0.00375320376937492,0.01318062497062028,0.001232054762836874,0.8006463123758782,0.006089764814624423,0.1328197600329195,0.0035383740555959774,0.9005913970271944,0.004016651341043764,1.2193870752942348,0.008851926109321458,0.8565107689039515,0.006743126892959683,0.9022427153519763,0.0036742792553727988,1.227913483625284,0.00940988780597119,0.883316716644781,0.00818941457483164
ACS,cpi_constant_2018usd,lightgbm,ood_test,0.3958102210242129,0.0,0.8766114466581229,0.0003916160725498557,0.1396795240501421,0.00021517595133671097,0.42889579431514135,0.0006511201422017965,0.015243617763539542,0.002063067993957362,0.7929872695744717,0.005168679674322499,0.14461108565256117,0.0016959669409381353,0.8924860494696041,0.0033158544169744654,1.2275204195805418,0.009581584243167114,0.8619711832020679,0.005075785935022661,0.8923935773109631,0.003334996276900106,1.233842659547294,0.00955189858903736,0.8875350094953101,0.004950469585374548
ACS,cpi_constant_2018usd,logistic_regression,id_test,0.3844326127444545,0.0023012165427017946,0.8831883832913151,0.0034729683708649445,0.13415944371105376,0.0020614527052400045,0.4166031294879275,0.005700027579281269,0.01344212582472297,0.003099102703030429,0.7999292843261678,0.005913575872942515,0.13536063212016897,0.003983353734799399,0.9008008087645301,0.0034921226004979615,1.226953559987819,0.007426817610141327,0.8543241707264289,0.006426940966254251,0.9011217277625878,0.0034058025720256502,1.2338368091488747,0.008615673225854227,0.8807244424777254,0.007297114568760258
ACS,cpi_constant_2018usd,logistic_regression,ood_test,0.3958102210242129,0.0,0.8746706898505462,0.00039104069068925297,0.14026553591163277,0.0002097180063508685,0.4335705514432462,0.000638441020494115,0.01361435236660373,0.002170530774024814,0.7908111606243646,0.0069327216290576525,0.14367379161574503,0.001955200409466086,0.8958209110858188,0.003209227081666547,1.2369629447456345,0.009599025723925078,0.8655176084578468,0.004390187786420941,0.8950029275765206,0.003082806806549011,1.2423196533469332,0.009660905676679871,0.8900836046279508,0.005515442187621003
ACS,survey_year_adjusted_50000,lightgbm,id_test,0.3844326127444545,0.0023012165427017946,0.887549927454591,0.002243218424123174,0.13190870377140618,0.001407559521674108,0.40814689002561744,0.00375320376937492,0.01318062497062028,0.001232054762836874,0.8006463123758782,0.006089764814624423,0.1328197600329195,0.0035383740555959774,0.9005913970271944,0.004016651341043764,1.2193870752942348,0.008851926109321458,0.8565107689039515,0.006743126892959683,0.9022427153519763,0.0036742792553727988,1.227913483625284,0.00940988780597119,0.883316716644781,0.00818941457483164
ACS,survey_year_adjusted_50000,lightgbm,ood_test,0.5095089660859984,0.0,0.8769568207310312,0.00038798349472435507,0.1563472022991569,0.0008524846431642782,0.47889634990842495,0.002653113879763584,0.10341607868107812,0.0027323014782647884,0.7929872695744717,0.005168679674322499,0.1720135964865234,0.002193648290225546,0.8710173300277079,0.003872347594389649,1.2275204195805418,0.009581584243167114,0.802679495815435,0.006202328826179155,0.8815073687032255,0.003878739301597743,1.233842659547294,0.00955189858903736,0.8346267755721032,0.006672429792767849
ACS,survey_year_adjusted_50000,logistic_regression,id_test,0.3844326127444545,0.0023012165427017946,0.8831883832913151,0.0034729683708649445,0.13415944371105376,0.0020614527052400045,0.4166031294879275,0.005700027579281269,0.01344212582472297,0.003099102703030429,0.7999292843261678,0.005913575872942515,0.13536063212016897,0.003983353734799399,0.9008008087645301,0.0034921226004979615,1.226953559987819,0.007426817610141327,0.8543241707264289,0.006426940966254251,0.9011217277625878,0.0034058025720256502,1.2338368091488747,0.008615673225854227,0.8807244424777254,0.007297114568760258
ACS,survey_year_adjusted_50000,logistic_regression,ood_test,0.5095089660859984,0.0,0.8723444445948358,0.0003104153161730977,0.15818311034281018,0.0007361776508604111,0.4853047906309704,0.0024951164122865702,0.10166411947561227,0.0021094206362196255,0.7908111606243646,0.0069327216290576525,0.17448236923148458,0.0025690027862019112,0.8719504786334425,0.003654625147526939,1.2369629447456345,0.009599025723925078,0.8048613345210358,0.005788367193767049,0.8822464207985838,0.004063940970402189,1.2423196533469332,0.009660905676679871,0.8371737346000522,0.008281445121653465
ACS,unadjusted_reported_income_50000,lightgbm,id_test,0.35622530997097845,0.002228596109917388,0.8872044232777615,0.0014739134673018494,0.12951577329439565,0.00088262920263977,0.40107906023304646,0.002158613564634729,0.013258992492861141,0.002520340368276037,0.8007034091126363,0.005635692312795866,0.12900573479610974,0.0016156512699529275,0.9000971853292763,0.0034476311594924826,1.2095160489038506,0.008984636154630458,0.8380757423998209,0.004995911558129072,0.9027841868163577,0.002955164687977831,1.2253430050861125,0.00969162470987302,0.8806090864269356,0.007138024075616147
ACS,unadjusted_reported_income_50000,lightgbm,ood_test,0.4794467624304473,0.0,0.8764490273489713,0.00038190873079551094,0.1563522371598735,0.0008391392310846359,0.47838516646607526,0.002667317939581155,0.10142161085973218,0.0025435649330421417,0.7936472652259298,0.0044437298909129844,0.17188570474306242,0.00207581928551803,0.8677504472009104,0.003880158820978038,1.217695902880728,0.009403219334393248,0.780484267815488,0.006494290533551089,0.8829872108103904,0.00400452250601815,1.2313539881994222,0.009911230254121236,0.8305055865521149,0.007886440947085379
ACS,unadjusted_reported_income_50000,logistic_regression,id_test,0.35622530997097845,0.002228596109917388,0.8833398341568023,0.0023123757753501974,0.13154145986545013,0.001444050108194098,0.40846954013340453,0.0036101674168761743,0.01264024001833639,0.0029570789505562523,0.8001361011879384,0.0060397347220064014,0.13084863907754635,0.00352027102340968,0.9008656495242476,0.004129550920123211,1.2168066644247255,0.010267689481284467,0.8362333785147079,0.007209571393350723,0.9027181098049122,0.002554733920117032,1.231373614451553,0.007961279674399397,0.8824574176129966,0.0070061277316423335
ACS,unadjusted_reported_income_50000,logistic_regression,ood_test,0.4794467624304473,0.0,0.8725520200410634,0.00026835563962294176,0.15771035575456233,0.0005350383451295974,0.48333940316652135,0.001992343925974253,0.09926723175932957,0.0015911773505615674,0.7897517942737029,0.0070140799681326915,0.17383178684797468,0.0022407493123894366,0.8691252766444159,0.00418849293852291,1.2279517104286115,0.011411656862312172,0.7838565138193657,0.006788081454242614,0.8851947022805341,0.003770267708453734,1.2405917017865407,0.009069899548259314,0.8378414485788162,0.007446147160013316
HeartDisease,Cleveland,lightgbm,id_test,0.6129032258064516,0.0,0.8869883040935672,0.026789283057413855,0.12278442092143742,0.016773687744941503,0.40395110505100523,0.04070698573694382,0.11270198355910059,0.02639504211310586,0.8344086021505376,0.04814088427349337,0.12192183776652801,0.025494712031473122,0.9182795698924732,0.02594546390086576,1.256989247311828,0.14536690601587385,0.8485380116959064,0.0674531540629398,0.9451612903225806,0.02703659091848907,1.50752688172043,0.12720732576937976,0.9317251461988304,0.030457504867680212
HeartDisease,Cleveland,lightgbm,ood_test,0.45874587458745875,0.0,0.8385264958764695,0.009199591409890384,0.1739332297999183,0.012604757524254304,0.5236039227621027,0.03194319334191717,0.10206339720114421,0.03225790068790459,0.691089108910891,0.04935069476572605,0.1768986879739613,0.027932648747589255,0.9,0.055966306061420175,1.4171617161716172,0.18796885408146222,0.8710387787331111,0.07222419319065941,0.9369636963696368,0.03699544186595348,1.5511551155115513,0.12919620027197545,0.8741007194244604,0.07831489588876706
HeartDisease,Cleveland,logistic_regression,id_test,0.6129032258064516,0.0,0.8941520467836257,0.02548421808066933,0.12070012910921409,0.013201504975820552,0.39784207373029645,0.042893117766636055,0.11143209590439689,0.018928236609994122,0.8032258064516128,0.05389470236941072,0.10708122249741363,0.03651603202074947,0.9225806451612903,0.03919777237130414,1.260215053763441,0.1251712255927705,0.8665204678362572,0.056794477100745,0.9365591397849462,0.04820755219668796,1.4344086021505376,0.1962639708518721,0.9171052631578946,0.04907313037840892
HeartDisease,Cleveland,logistic_regression,ood_test,0.4587458745874587,0.0,0.7509957887348657,0.14070704869471112,0.23004310083527585,0.0893849466632526,0.7624119271319996,0.3100919380592619,0.17599532695370262,0.11102062249744542,0.7623762376237624,0.10797903397308588,0.27477048673593263,0.13535255785022748,0.8135313531353136,0.12632836819865037,1.3072607260726072,0.16098823616421334,0.7176083523425162,0.21397630545737867,0.8287128712871287,0.12229987858738002,1.3762376237623761,0.19730343468825243,0.6973328654149851,0.20069834111211746
HeartDisease,Hungary,lightgbm,id_test,0.6526315789473685,0.0,0.8803030303030303,0.022315157179219145,0.12749754988046508,0.01219871968937223,0.41381613013756774,0.037064305327884337,0.11269742947130842,0.025714561112021705,0.8021052631578947,0.05824984131774638,0.11360210711245203,0.025663617740843376,0.9115789473684212,0.04471447669354104,1.231578947368421,0.08580364393429811,0.8303030303030303,0.07311903462971257,0.9073684210526316,0.026629706611944238,1.3410526315789473,0.1278849898819995,0.8635874877810362,0.04776096187538161
HeartDisease,Hungary,lightgbm,ood_test,0.36054421768707484,0.0,0.8756799478121235,0.013050809541324544,0.15238234926096444,0.011152274657219052,0.47103489801970805,0.028643992702245557,0.12290989278758488,0.045384106001651506,0.7408163265306122,0.08588089244127137,0.1472279429251721,0.030562159032456446,0.9098639455782314,0.03298715765527478,1.3316326530612244,0.14967918861012325,0.8917503010839021,0.03914214246267661,0.9231292517006804,0.016523752110872245,1.3302721088435374,0.08319940801797743,0.8333600963468486,0.06778765438424438
HeartDisease,Hungary,logistic_regression,id_test,0.6526315789473685,0.0,0.873069403714565,0.026669133835654026,0.12963925660986958,0.015043196645349493,0.4177571091301912,0.04834059726629379,0.1055587933670216,0.031130502630822458,0.7736842105263158,0.06826342616962708,0.11876512870628822,0.03364533777270251,0.9105263157894736,0.029461150217099417,1.2442105263157894,0.06560559097555221,0.8181818181818181,0.07692700106933247,0.9105263157894736,0.034468215270857035,1.3789473684210527,0.13894027981209353,0.8760997067448681,0.05912530891986456
HeartDisease,Hungary,logistic_regression,ood_test,0.3605442176870748,0.0,0.8741368928141309,0.009137374519997766,0.1434502486145597,0.01071369595256734,0.4502112901802981,0.02672978062432814,0.11067850887800704,0.03550703704204923,0.7316326530612245,0.0889347202407032,0.12791990915490506,0.02286206823866357,0.9156462585034013,0.022550675538234623,1.3200680272108845,0.13345446623985913,0.8829586511441189,0.04078755917859806,0.9272108843537415,0.023521637151727753,1.360544217687075,0.13220168568842092,0.8150943396226416,0.06673782840192362
HeartDisease,Switzerland,lightgbm,id_test,0.4916666666666666,0.0,0.8898860794665184,0.0348582308216357,0.13478343422673586,0.021205163834769777,0.421718935028069,0.056456439044007906,0.1147790114458708,0.012723522713392056,0.775,0.07576767609436585,0.12308178799949676,0.03593689671702811,0.9166666666666666,0.045980403770130115,1.2783333333333333,0.14295168829078297,0.8979160878021674,0.05511999387866491,0.9066666666666666,0.06295206877429022,1.2808333333333333,0.14460728001071996,0.8831342039455403,0.0808345402542259
HeartDisease,Switzerland,lightgbm,ood_test,0.9349593495934959,0.0,0.73,0.02736502842147798,0.18995994657770832,0.0346491077693595,0.5639561024711199,0.08349860163736574,0.31264465967357263,0.04184053566800792,0.6837398373983741,0.07029895965361345,0.22413557764131156,0.09953607216055639,0.8772357723577235,0.06576493739149532,1.4073170731707318,0.18441928558601695,0.775,0.07905694150420949,0.843089430894309,0.09905881213695213,1.4,0.20427205657477787,0.77,0.08022593332627445
HeartDisease,Switzerland,logistic_regression,id_test,0.4916666666666666,0.0,0.8916921367046402,0.03352650134982875,0.13271098051780408,0.02138210761032267,0.4197451599484586,0.061585934546986056,0.09434490665241271,0.012502667110048675,0.7708333333333333,0.06727156132395741,0.12049935410319183,0.025749724230854146,0.9099999999999999,0.0459468291736341,1.2466666666666666,0.10730998135665404,0.8919422061683802,0.04611042844810111,0.9108333333333333,0.04462636379629212,1.2733333333333332,0.12049281521534187,0.8825229230341762,0.06198453640733686
HeartDisease,Switzerland,logistic_regression,ood_test,0.9349593495934961,0.0,0.7418478260869565,0.012522296854192346,0.21292816426819364,0.031144172751170356,0.6232448994618822,0.08334627759707414,0.3340722602189278,0.04630358484380028,0.6780487804878048,0.04586275512478305,0.26817475136795793,0.0677691018408341,0.8292682926829269,0.06812902487792159,1.3528455284552847,0.12833058564947558,0.7454347826086957,0.06066823155920157,0.8195121951219513,0.0813730483071493,1.389430894308943,0.12679046496023474,0.7609782608695652,0.050236915082945144
HeartDisease,VA Long Beach,lightgbm,id_test,0.5,0.0,0.9176268861454047,0.023770707233038126,0.1121473960915405,0.014678727777917452,0.3698557789691935,0.04389313573685588,0.1078135663381458,0.021023091119319423,0.787962962962963,0.07191424256569906,0.0919894922557262,0.03371012592103005,0.9083333333333334,0.03987338977708309,1.1601851851851852,0.08270798744570562,0.8833333333333334,0.04455575909288542,0.9259259259259259,0.036519011006787755,1.2444444444444445,0.10219731908741132,0.8870370370370371,0.059496695111217246
HeartDisease,VA Long Beach,lightgbm,ood_test,0.745,0.0,0.6766943018818266,0.013502685750204687,0.22639843696188308,0.017682907145372483,0.7006511390534553,0.06181896506621741,0.20174331384900396,0.031520578330545924,0.709,0.07978443178688156,0.2652050832229185,0.03718788813547244,0.7865,0.05121035051627748,1.2295,0.11076627043765024,0.7059744703250428,0.04993815874201406,0.8334999999999999,0.04938792025046877,1.332,0.10773424092026945,0.7083958415580998,0.05657093422474407
HeartDisease,VA Long Beach,logistic_regression,id_test,0.5,0.0,0.9079903978052126,0.02562628296109684,0.11758240490701896,0.01605344757203114,0.38811162705044994,0.04646452632333623,0.10037902929313738,0.015997434688859797,0.8157407407407409,0.06524694278004882,0.10621603183717185,0.031334169225263456,0.9064814814814814,0.0446091768786352,1.2046296296296295,0.09656598039069313,0.888888888888889,0.05014838521380223,0.924074074074074,0.03318439519929782,1.2648148148148148,0.1021973190874113,0.8925925925925926,0.049996189460040995
HeartDisease,VA Long Beach,logistic_regression,ood_test,0.745,0.0,0.7042505592841163,0.013798614027775612,0.19014801690273045,0.008921373265705775,0.5827600741109125,0.03319133827473509,0.13854442375354215,0.03633863137353195,0.734,0.09576591831706681,0.21556906042630314,0.021427614027564205,0.8564999999999999,0.052707262834978966,1.302,0.13948715592005834,0.6862745098039216,0.11909063502149411,0.8625,0.04373213921133977,1.3699999999999999,0.12362577940435127,0.7333333333333333,0.06613914060482885
OULAD,pooled_landmark_day14,lightgbm,id_test,0.4562570434669529,0.0014354977704024406,0.7367755785203725,0.01042992912397842,0.20587918668079083,0.003384074899015425,0.5991134999443432,0.00714327877925306,0.03136267473069861,0.006966293187291304,0.7952472568027185,0.017570796407916808,0.2808726461897303,0.012750880220645624,0.9001705151041586,0.004864993553940107,1.542135079684997,0.019876582515986087,0.8542877021049116,0.014058187963915217,0.9008360228824243,0.004803454684832601,1.5608824518483488,0.02070133305284523,0.8948539777429408,0.009493461560290316
OULAD,pooled_landmark_day14,lightgbm,ood_test,0.4083398133748056,0.0,0.7114563400243404,0.0023391207763501227,0.20959343544322287,0.0009383977985981328,0.6070294202275525,0.0021446126518139567,0.020555745319711317,0.004449555908435077,0.7846423017107309,0.017479495978747924,0.2920006054369275,0.002615771069928045,0.8995820373250389,0.007564522146388108,1.5583786936236392,0.023083013780026532,0.8250178528921686,0.01701543792654215,0.9053265940902021,0.005556800867189145,1.5984350699844478,0.018483462130595894,0.8894559710195968,0.010526262455138815
OULAD,pooled_landmark_day14,logistic_regression,id_test,0.4562570434669528,0.0014354977704024335,0.7463511273961557,0.008475747548140015,0.2023729691249146,0.002691927769863782,0.5908597082734647,0.0056618310636295886,0.02813015095244909,0.006019521101846334,0.8011143895242478,0.017310944712436972,0.2738162721289645,0.009291533653370227,0.8979141252115277,0.00698457809717571,1.5216940699086337,0.02497092128379295,0.85428290200258,0.012491202344897714,0.8989035218240213,0.00877156057129923,1.5325463356727904,0.02635204738508928,0.8914211613618737,0.009440286680714198
OULAD,pooled_landmark_day14,logistic_regression,ood_test,0.4083398133748055,0.0,0.7274679998077546,0.0008731667705586132,0.2044822053316509,0.0003853029653570352,0.5954549656067718,0.0009808807347148263,0.01764748741359557,0.003989339644040973,0.7856629082426128,0.014402061643513523,0.2774480046022064,0.0032364644113023824,0.8981920684292379,0.0056004955728724175,1.530637636080871,0.018042162456143745,0.8233277791002143,0.010366025951927359,0.9010594867807153,0.00577113999658329,1.560624027993779,0.023010263663828464,0.8808616995953343,0.014658335720507275
OULAD,pooled_landmark_day56,lightgbm,id_test,0.4251131612897332,0.0011208198294651434,0.7764187702503793,0.008860842528237921,0.185700593117418,0.0031220173391512934,0.5497900000258031,0.007611421631796362,0.02667971623998881,0.004238267312760166,0.7879409492665526,0.016611973028181144,0.23538104600218923,0.01000077188417331,0.9021332935799137,0.009976998985715491,1.4558470638739085,0.023766834520113148,0.8232830983111705,0.021932517284637035,0.8975897726248464,0.008255978180973277,1.4862468921423722,0.02343298037191259,0.8858894226796945,0.015061283482590176
OULAD,pooled_landmark_day56,lightgbm,ood_test,0.3850175967823027,0.0,0.7585811893707807,0.0020943752796171227,0.18849319499760409,0.0009700485809428545,0.5570557641887871,0.0022854993303285985,0.04226908448232785,0.007385879457513875,0.7742483660130719,0.01702516389547185,0.23828789653577975,0.0034377543182616812,0.9073202614379084,0.008147906171994821,1.4887983911513323,0.026135644354341236,0.8284669626534343,0.018110271588656426,0.8940372046254399,0.011169567779810896,1.5203519356460533,0.02809955105958436,0.880707552479349,0.01954560674643103
OULAD,pooled_landmark_day56,logistic_regression,id_test,0.4251131612897332,0.0011208198294651343,0.78177110630572,0.009237164886818283,0.18378618823450585,0.0034161209997630366,0.5456516626532698,0.00826713583477895,0.03256565650693562,0.006723250677459678,0.7952869781316314,0.013077352556448232,0.23123458406056482,0.009359128524480512,0.8981662975842385,0.01040874272539272,1.4385792936981248,0.038141106614693006,0.8194454944981832,0.02222822396368049,0.9009678509658082,0.009252810380658647,1.4861707731488445,0.03356624614260868,0.8892112080479067,0.013123230682294396
OULAD,pooled_landmark_day56,logistic_regression,ood_test,0.3850175967823027,0.0,0.7758239885927863,0.0011206088514039135,0.1808039201028458,0.0004941248985531042,0.5388074695551787,0.0013299068618262265,0.027266780990296093,0.006525623865560924,0.7847561588738059,0.012935671055720818,0.22292949953017166,0.0026942318341211576,0.904132730015083,0.008643559327064667,1.4417194570135747,0.028487128077206974,0.8059284408461739,0.019662643210417035,0.9038612368024133,0.009094162716623307,1.496500754147813,0.030346851353698297,0.8897877006925052,0.016018859301358296
SouthGermanCredit,targeted_top3,lightgbm,id_test,0.3,0.0,0.7646031746031746,0.041900310304211555,0.17075808375428572,0.012867284496939827,0.5150561935786199,0.0334410445369351,0.0961661378370313,0.02012023199029828,0.7916666666666667,0.05406839939248707,0.20271632221647642,0.03416187452820653,0.9023333333333333,0.05078448904424834,1.4013333333333333,0.11177671979316312,0.7166666666666667,0.11374081088061169,0.9033333333333333,0.034910076629712516,1.519,0.11351430339839731,0.8688888888888888,0.05725506480707402
SouthGermanCredit,targeted_top3,lightgbm,ood_test,0.3,0.0,0.660042328042328,0.051776943942731926,0.20371867626401738,0.014470024177193251,0.6094716819646587,0.05046168313281817,0.10794094945096992,0.03528321295239211,0.9199999999999999,0.058078390260101705,0.27195718301648714,0.023126582127539524,0.8076666666666666,0.05223764858628842,1.225,0.12021180138814345,0.36,0.17252472960762996,0.9103333333333333,0.04392843728542115,1.5803333333333334,0.1494234533835055,0.7233333333333334,0.15234361489097825
SouthGermanCredit,targeted_top3,logistic_regression,id_test,0.3,0.0,0.7837142857142857,0.04842180989290228,0.165558343742019,0.016359553527314993,0.5023507399197273,0.04346326148200456,0.08949119967616738,0.02126687570708541,0.8126666666666666,0.049460244535118145,0.19261785961165967,0.0411018904460932,0.9003333333333334,0.039379693166886505,1.372,0.08183852307837132,0.7166666666666667,0.110964815970495,0.898,0.048611119465329304,1.4816666666666667,0.12912435639802686,0.863015873015873,0.0735210088592683
SouthGermanCredit,targeted_top3,logistic_regression,ood_test,0.3,0.0,0.695047619047619,0.05495635918404353,0.20183345355628482,0.01380747605195441,0.611978118203907,0.056140887924809195,0.1258720210982135,0.03191448482300608,0.9356666666666668,0.04789242331023055,0.27123001383604894,0.023552468582027086,0.7996666666666667,0.04910782979697252,1.1853333333333333,0.11292185363887608,0.3322222222222222,0.1636927659899084,0.9096666666666667,0.054824547368419276,1.527,0.19722608512813608,0.71,0.18017030424438424
