horizon_day,domain,aggregation,metric,n_repeats,mean,sd,min,q25,median,q75,max
14,id_test,equal_pair,prevalence,10,0.4338974090708609,0.0,0.4338974090708609,0.4338974090708609,0.4338974090708609,0.4338974090708609,0.4338974090708609
14,id_test,equal_pair,auroc,10,0.7084653808198053,0.018671136831783675,0.6749230857776265,0.7037359907575448,0.7087009585012553,0.7207891384436593,0.7329476397027697
14,id_test,equal_pair,average_precision,10,0.661509506804832,0.022896125309507104,0.6261925990070399,0.6497233313986298,0.6609361834781002,0.6721469638111793,0.696394499839445
14,id_test,equal_pair,pr_skill,10,0.41871007950962086,0.03843688966743269,0.3621400119438766,0.4024639678757892,0.42156843302765024,0.434625027557642,0.47472358787665875
14,id_test,equal_pair,brier,10,0.2035994563239938,0.0035740073756029326,0.1974122324411195,0.20103495105429942,0.20374465495292376,0.2057660543411908,0.20958468670294492
14,id_test,equal_pair,log_loss,10,0.5955714416256962,0.009316306113366712,0.5821722945261533,0.5880615744984343,0.5954692268433552,0.601641081317317,0.6090881603011863
14,id_test,equal_pair,ece,10,0.08120054911890887,0.009271992547869505,0.06752814673115078,0.07427315078604528,0.08276276660316953,0.08667829651229444,0.09721299173633484
14,id_test,equal_pair,calibration_intercept,10,0.4309329395003475,1.2590170832622736,-0.5369473548201967,-0.02620189084927616,0.009747424910721295,0.23912083460021188,3.689618039362978
14,id_test,equal_pair,calibration_slope,10,1.4322334285770368,1.2200385661407251,0.15447565350703585,0.9916375233291956,1.0346312127323025,1.3797614945853276,4.490913929447205
14,id_test,equal_pair,hcep_080,10,0.024238627596546086,0.008252780990752587,0.010375321678506327,0.017797894911469152,0.025376095792958128,0.029023349691974672,0.034846095491749364
14,id_test,equal_pair,hcep_090,10,0.00418152359647523,0.003052730612785998,0.0009182736455463728,0.0015969276953892826,0.0035907253842120336,0.00579353084812485,0.009839040100375413
14,id_test,equal_pair,hcep_095,10,0.0006905000586124217,0.0007226999153899287,0.0,9.956192751891676e-05,0.0004873294346978557,0.0011840009222578547,0.002156001445500854
14,id_test,equal_pair,aurc,10,0.22309922501918894,0.020080292105628287,0.2026093022021329,0.20745913372867722,0.2221732757282841,0.22882838977316788,0.2703628484869233
14,id_test,equal_pair,excess_aurc,10,0.1686118609745732,0.01791410314837441,0.14797723336738886,0.15818613355925454,0.1653111506264158,0.17095459300691188,0.21296352309101632
14,id_test,size_weighted,prevalence,10,0.45722312684905403,5.851389114294502e-17,0.4572231268490541,0.4572231268490541,0.4572231268490541,0.4572231268490541,0.4572231268490541
14,id_test,size_weighted,auroc,10,0.7246445263108827,0.013760158788360418,0.7003445695251711,0.7182674031371601,0.7271607169883711,0.735177391501896,0.741125862057489
14,id_test,size_weighted,average_precision,10,0.6952617790671808,0.0194210488162749,0.6572209550039853,0.6882314024989917,0.6966056488888359,0.7073514415255668,0.720224286225415
14,id_test,size_weighted,pr_skill,10,0.4496537700229732,0.035057757181905,0.3794243712259628,0.4354651232695737,0.45373438019285045,0.47307392195891385,0.4934013494144713
14,id_test,size_weighted,brier,10,0.2050850854804557,0.0036427489475176975,0.20038405156687525,0.20199079022209715,0.20430755123827865,0.2083161845050764,0.2102498555024842
14,id_test,size_weighted,log_loss,10,0.5988009562786023,0.010065138959450097,0.587686876714843,0.5900701942396485,0.5957386283287049,0.6079290629311589,0.6151064136833446
14,id_test,size_weighted,ece,10,0.07964556224927274,0.006149780500918058,0.06824869555495958,0.07755982283133055,0.08020120786359514,0.08285552067658929,0.08902005111497796
14,id_test,size_weighted,calibration_intercept,10,0.09965569120501752,0.37926565874420426,-0.40011974901101394,-0.04238236719838076,0.00783708988545384,0.08863612220093361,1.0244668770363805
14,id_test,size_weighted,calibration_slope,10,1.142791941011514,0.43363879147765805,0.3480238933474526,0.9965266417389698,1.06960341024907,1.2379070284547407,2.047536107862138
14,id_test,size_weighted,hcep_080,10,0.022989793937465773,0.006940759811725534,0.012653999533467205,0.017318793876381966,0.02420690174612769,0.0286051572920151,0.032994097964654495
14,id_test,size_weighted,hcep_090,10,0.004291817364526457,0.003088768640308199,0.0010973360283824348,0.0017895766359106125,0.004129234783838957,0.0057736774933173545,0.011002285314759068
14,id_test,size_weighted,hcep_095,10,0.0008262185887307429,0.0009085147346631634,0.0,0.0001373469816609502,0.0005513691067682456,0.0013766953559357048,0.0027529201972512616
14,id_test,size_weighted,aurc,10,0.22158163480127585,0.016628571028029483,0.2040377333122173,0.2094909136586051,0.21827364941961352,0.2275414808014112,0.2604638961535515
14,id_test,size_weighted,excess_aurc,10,0.16547011850431143,0.014148236351064474,0.1482117639418675,0.15807499415733434,0.16338114930110315,0.1683502338173656,0.2012201662378471
14,ood_test,equal_pair,prevalence,10,0.40187314740586927,0.0,0.40187314740586927,0.40187314740586927,0.40187314740586927,0.40187314740586927,0.40187314740586927
14,ood_test,equal_pair,auroc,10,0.6743750246723711,0.0071728385456544174,0.6584048960212369,0.6736646789474083,0.6754807494922197,0.6797634863960428,0.6813306215634412
14,ood_test,equal_pair,average_precision,10,0.5846857759356926,0.006263537581525368,0.5724208736096159,0.5841215915827893,0.585739465497364,0.587267426207068,0.5925002129586244
14,ood_test,equal_pair,pr_skill,10,0.3163542077920853,0.010659627260783887,0.2933562839696117,0.3154618159578785,0.31742240862707705,0.32109318200157666,0.3294348685667419
14,ood_test,equal_pair,brier,10,0.21299998045818808,0.001954347646888895,0.21009398683846106,0.21178364952605416,0.21271124763946261,0.21362187932774057,0.21685804857006477
14,ood_test,equal_pair,log_loss,10,0.6173040042938955,0.005968365349800739,0.6093714141019348,0.6132366767267792,0.616652536739434,0.6185762096464145,0.629368738253728
14,ood_test,equal_pair,ece,10,0.05426776532636007,0.008867149067598576,0.0433646467103466,0.04664791092194435,0.05402674897920638,0.05876678929768339,0.07192771183566146
14,ood_test,equal_pair,calibration_intercept,10,-0.03681710339315979,0.39928402184605716,-0.6850820728260635,-0.12988919728199372,-0.09103896336070053,0.011020704385786208,0.809449399999373
14,ood_test,equal_pair,calibration_slope,10,0.9360497510135788,0.4117948306005516,0.28994669662618233,0.8341835403219506,0.9240626633536134,1.0478167886615828,1.7322927825718548
14,ood_test,equal_pair,hcep_080,10,0.031631944966893734,0.010064357777965705,0.019695965003940025,0.023295185262698692,0.03088183097591934,0.03595487658952314,0.05110254117303427
14,ood_test,equal_pair,hcep_090,10,0.005045226977445811,0.0036638191504034675,0.0010738219215767472,0.0025059880548142003,0.003950540641086385,0.006202888538403076,0.01313937760240985
14,ood_test,equal_pair,hcep_095,10,0.0008750855231446314,0.0004247871703711773,0.00014358830886709235,0.0005839342787870789,0.0009834124417249113,0.0010829922648311753,0.001583126846010367
14,ood_test,equal_pair,aurc,10,0.24925927987604696,0.00552745651522783,0.24139739106594924,0.24636862590685332,0.24833630665822404,0.25105492080368963,0.2614513915516984
14,ood_test,equal_pair,excess_aurc,10,0.1856054842974541,0.005062867064460905,0.18076461366544994,0.18274649710808194,0.1841184223021739,0.18602667643208717,0.19727837214448962
14,ood_test,size_weighted,prevalence,10,0.4125428245146555,0.0,0.4125428245146555,0.4125428245146555,0.4125428245146555,0.4125428245146555,0.4125428245146555
14,ood_test,size_weighted,auroc,10,0.6881121877674322,0.005040345846118113,0.677192575663617,0.6865900298359322,0.6879170161976182,0.690608719577676,0.6952894096188317
14,ood_test,size_weighted,average_precision,10,0.6080117445017119,0.0051829269483987216,0.5987417739178647,0.6064344977833651,0.606653058687538,0.6093042913786891,0.6163349483153016
14,ood_test,size_weighted,pr_skill,10,0.33950779217197413,0.008927858972533832,0.3228786971783588,0.3370765051527703,0.3377174419224962,0.3422378561950314,0.353431318444748
14,ood_test,size_weighted,brier,10,0.21453835606166088,0.002413532783219957,0.211494557108715,0.2128216652792346,0.2138671439417279,0.21550961705218807,0.2189501175293442
14,ood_test,size_weighted,log_loss,10,0.6210108862031954,0.0074158180120060865,0.6122854199713345,0.6162815752234182,0.6183961320395533,0.6231570865233891,0.6351585621628946
14,ood_test,size_weighted,ece,10,0.05643965483838718,0.010287397414533949,0.042212488089490637,0.04931156869117984,0.05426571639058231,0.06207927123042856,0.07470414001526632
14,ood_test,size_weighted,calibration_intercept,10,-0.061505365820680155,0.1272216706806969,-0.29822404317533574,-0.09751628915942988,-0.05206326198105665,-0.017295476291412253,0.16577772721506767
14,ood_test,size_weighted,calibration_slope,10,0.9109814583855549,0.1812767122114681,0.4752762249313959,0.8606371579698878,0.9363327098750107,1.0332410236996767,1.1277259908503345
14,ood_test,size_weighted,hcep_080,10,0.0350970688998858,0.010126361905971722,0.02398172820708032,0.02769318614389037,0.0320232204035021,0.0401598781880472,0.05395888846593072
14,ood_test,size_weighted,hcep_090,10,0.005824133993148078,0.004351749373009065,0.0011419870574800152,0.00299771602588504,0.004567948229920061,0.007018462124095927,0.014845831747240197
14,ood_test,size_weighted,hcep_095,10,0.0010373049105443471,0.0005278617084464431,0.00019033117624666921,0.0006661591168633422,0.0009992386752950132,0.00123715264560335,0.0019984773505900264
14,ood_test,size_weighted,aurc,10,0.24779059464452846,0.004555925300322818,0.24027326290231038,0.24509825244574246,0.24785153602221666,0.24946606368825647,0.25675369436656603
14,ood_test,size_weighted,excess_aurc,10,0.18285466550316382,0.003842270305212921,0.17871191160828315,0.18020322485499057,0.18273825723575438,0.18360060641877535,0.1920746659452901
56,id_test,equal_pair,prevalence,10,0.40438687588844424,0.0,0.40438687588844424,0.40438687588844424,0.40438687588844424,0.40438687588844424,0.40438687588844424
56,id_test,equal_pair,auroc,10,0.7439327311086965,0.018446136284661307,0.6953793935967398,0.7433385630485376,0.7481635504772681,0.7505215972190925,0.7617855134251801
56,id_test,equal_pair,average_precision,10,0.6949465106320941,0.016885938043123095,0.6570911152089361,0.6894086246801534,0.6992369097996001,0.7040437708048034,0.714837765174433
56,id_test,equal_pair,pr_skill,10,0.5045984112880764,0.025261692996693154,0.44841591479906434,0.5014331556044155,0.5092878859268546,0.516645919665762,0.532628245257462
56,id_test,equal_pair,brier,10,0.1864474335078282,0.0027079273424649715,0.18236720005791934,0.18494308639336737,0.1869248254395392,0.18741712223417767,0.19223625903846953
56,id_test,equal_pair,log_loss,10,0.5525354176589042,0.0066269688963746754,0.5431792155265245,0.5479838066401733,0.5542119622008329,0.55580773577015,0.5653413012153374
56,id_test,equal_pair,ece,10,0.08372115907361152,0.009731423299213447,0.07077078509722323,0.07645471952766077,0.08493978211204081,0.08924620368753566,0.10157521786969205
56,id_test,equal_pair,calibration_intercept,10,-0.09840052043971649,0.282896242924309,-0.8537198817359409,-0.12279501946381104,-0.02606904859666264,0.004000078076979592,0.17152236961978218
56,id_test,equal_pair,calibration_slope,10,0.9725197680054454,0.28325967591995527,0.21172975801184066,0.9726627593926362,1.0098606080242676,1.1180344937920212,1.2148577758887007
56,id_test,equal_pair,hcep_080,10,0.036878102942357015,0.0056899817687260665,0.028082304428511666,0.03249186704018716,0.038382481980421254,0.04047685251233896,0.04504299411851195
56,id_test,equal_pair,hcep_090,10,0.006206084084028485,0.0026220096355352167,0.0027842344284852057,0.004683911354316204,0.0056565859258276225,0.008257734300249727,0.010735833579846591
56,id_test,equal_pair,hcep_095,10,0.0012744456261075251,0.0007158139216272404,0.00038580246913580245,0.000606738191698585,0.0013305095488997023,0.001729007456006263,0.0024056089607668494
56,id_test,equal_pair,aurc,10,0.1751615998610409,0.010099990120299832,0.162212808648077,0.1693158394970487,0.1743174915463159,0.1777753280585473,0.1977668259859603
56,id_test,equal_pair,excess_aurc,10,0.13161066459257484,0.009183019873701228,0.12277330097877469,0.12433283421560731,0.12959427930846382,0.1357926236992088,0.15096886974377272
56,id_test,size_weighted,prevalence,10,0.42402813776982484,0.0,0.42402813776982484,0.42402813776982484,0.42402813776982484,0.42402813776982484,0.42402813776982484
56,id_test,size_weighted,auroc,10,0.7628845261745965,0.010070655720843256,0.7377156781890105,0.761344694969301,0.7645970922560315,0.7673164242141994,0.77645846700277
56,id_test,size_weighted,average_precision,10,0.7328299905192563,0.011257223447639114,0.7116774470196371,0.7296646551169788,0.7342614479080816,0.7371794879916517,0.7521194095715993
56,id_test,size_weighted,pr_skill,10,0.5448968475978394,0.019579361664658585,0.5102073220060983,0.5388486988009266,0.5450483461962858,0.5557613347303528,0.5802783353207177
56,id_test,size_weighted,brier,10,0.1864913900287654,0.0030298928042586486,0.1805104886162544,0.18509173714314536,0.18650215861559033,0.18778431808677362,0.19192088778484304
56,id_test,size_weighted,log_loss,10,0.5519374632395818,0.006932748031826042,0.538440986192782,0.5485778093296607,0.551470921727161,0.5558754356318503,0.563518058887989
56,id_test,size_weighted,ece,10,0.0795275295440923,0.0068286931236545,0.07019356793152308,0.07381249046361524,0.08040819048594935,0.08289693282643976,0.09309709631838886
56,id_test,size_weighted,calibration_intercept,10,-0.03965711046308222,0.09002597541651955,-0.2675718859638505,-0.0536942105125375,-0.01970013384591317,0.011428298273174155,0.061324661632289126
56,id_test,size_weighted,calibration_slope,10,1.0258718722336995,0.12947795283512006,0.7128632063594987,1.010759538875683,1.0237529857602392,1.0988270971810572,1.1945017070983492
56,id_test,size_weighted,hcep_080,10,0.03487667105597059,0.005722466067212895,0.02551321216439134,0.030484413058465748,0.03509416085400609,0.04032249760053572,0.041799776690927486
56,id_test,size_weighted,hcep_090,10,0.005858525245103835,0.0018466159506026246,0.0029022034146434354,0.005340212135319366,0.0058057647496639764,0.0066806551529069065,0.009291121166465122
56,id_test,size_weighted,hcep_095,10,0.0016271013516426895,0.000857494577994132,0.0005807533460827943,0.0007272574048921908,0.0017431798437724166,0.002323397122831311,0.0029070387171883103
56,id_test,size_weighted,aurc,10,0.17044673166188873,0.007171572103724868,0.15669404013575197,0.1676276506151486,0.16962349337997334,0.17406664193244958,0.18456209090108266
56,id_test,size_weighted,excess_aurc,10,0.12638461221862535,0.00518811754602242,0.11791876575608773,0.1243830459062061,0.12550652717725547,0.12945209838837762,0.13657751127171572
56,ood_test,equal_pair,prevalence,10,0.3792229985160614,0.0,0.3792229985160614,0.3792229985160614,0.3792229985160614,0.3792229985160614,0.3792229985160614
56,ood_test,equal_pair,auroc,10,0.7348314795837252,0.009392114246420101,0.7106899803382168,0.7344654975988013,0.7366453094170171,0.7392207046155196,0.7453798518522109
56,ood_test,equal_pair,average_precision,10,0.6613314569207707,0.008029175512699813,0.6424013302509982,0.6591416851699137,0.6642956438500973,0.6672081559315486,0.6680470918265065
56,ood_test,equal_pair,pr_skill,10,0.46491003284916965,0.01110166655518984,0.4409950413090685,0.4609438685046387,0.468867495691657,0.4736353918673935,0.47464298728693827
56,ood_test,equal_pair,brier,10,0.19122885917690954,0.0020094935981880223,0.1871930399015218,0.19050729611719253,0.19162295311887503,0.19273143187212563,0.19353723487615737
56,ood_test,equal_pair,log_loss,10,0.5705069088219511,0.006908370412090559,0.557507296864573,0.568474385129947,0.5725333952189684,0.574800245202904,0.5790962032282526
56,ood_test,equal_pair,ece,10,0.06584288604319535,0.007015673175401196,0.05342002421052433,0.061681854011613226,0.0689522027094264,0.07081825865928773,0.07317759275640218
56,ood_test,equal_pair,calibration_intercept,10,-0.20500629337922463,0.34469169845860936,-1.1755142808777455,-0.1353429824928433,-0.11869300880204411,-0.05902620413711429,-0.010332954043887305
56,ood_test,equal_pair,calibration_slope,10,0.9254896410133864,0.30027195294093645,0.09269041239046777,0.9573483679852826,1.0083462894313717,1.05451209513217,1.1542503644375168
56,ood_test,equal_pair,hcep_080,10,0.04356034927773658,0.006275213162913601,0.029197144720461667,0.04138987447837988,0.04490178350780938,0.04699736437143026,0.050593935788995716
56,ood_test,equal_pair,hcep_090,10,0.013839909582244047,0.0057046312536947,0.0048984938946716,0.009492594015055233,0.015029953149106084,0.017812285767513116,0.021244248604246934
56,ood_test,equal_pair,hcep_095,10,0.004888178925542595,0.0029786293377880545,0.0017488260222292967,0.001997338319643288,0.005216317074385752,0.006757767522419114,0.01067004243220661
56,ood_test,equal_pair,aurc,10,0.18469158231244892,0.00790932954257913,0.17572813606156695,0.18012184204647624,0.18237097564529192,0.18720411688292987,0.2000535396118533
56,ood_test,equal_pair,excess_aurc,10,0.1395680579217899,0.00703889055381432,0.132481143022386,0.13439789791394668,0.1377323904680029,0.14223271211588967,0.1547628679125848
56,ood_test,size_weighted,prevalence,10,0.38780150257018586,0.0,0.38780150257018586,0.38780150257018586,0.38780150257018586,0.38780150257018586,0.38780150257018586
56,ood_test,size_weighted,auroc,10,0.7466647622375131,0.0031630778523389935,0.7410975906090768,0.7450387929296495,0.746942444358649,0.7487160132566759,0.7519837499584863
56,ood_test,size_weighted,average_precision,10,0.6830393600496654,0.0036704853890429413,0.6762120063632798,0.6816770552226304,0.684653808427436,0.6852267533439158,0.6863042845539601
56,ood_test,size_weighted,pr_skill,10,0.4880857222536751,0.006284139465771849,0.47521448983664005,0.4873773103875649,0.49047864886946213,0.49142633287700427,0.49400830655751826
56,ood_test,size_weighted,brier,10,0.1928438306622633,0.0025793418368529352,0.18838545981281044,0.19184710261766738,0.1938079399757447,0.19453038174208048,0.19555268867188408
56,ood_test,size_weighted,log_loss,10,0.57594688400132,0.010803151642211607,0.5579103391031696,0.569348651525584,0.5788327741853765,0.5837571363747207,0.5906611239510469
56,ood_test,size_weighted,ece,10,0.0698875421093041,0.010268642575102096,0.05189882952987464,0.06485395117717699,0.07334515893832047,0.07780230992550927,0.08030968478657745
56,ood_test,size_weighted,calibration_intercept,10,-0.13072246494504774,0.12762107364082265,-0.46244717708399075,-0.14798387148223074,-0.09471930028939199,-0.07209769968983307,0.0013624737707370084
56,ood_test,size_weighted,calibration_slope,10,0.961326071787363,0.1092324247360149,0.6755152806038193,0.9502996388362714,1.001882464070226,1.014220819745712,1.0537967940484259
56,ood_test,size_weighted,hcep_080,10,0.04894226967180704,0.009947134461753373,0.029754843811783314,0.04623863187030447,0.05229339659944642,0.05634638196915777,0.05782918149466192
56,ood_test,size_weighted,hcep_090,10,0.018011071569790434,0.00897538624010233,0.004250691973111902,0.011293989719256624,0.021500593119810202,0.025133451957295373,0.028766310794780547
56,ood_test,size_weighted,hcep_095,10,0.006603400553578491,0.0046757600093552745,0.0014827995255041518,0.002051206010280743,0.00736457097667062,0.009341637010676158,0.015322261763542903
56,ood_test,size_weighted,aurc,10,0.1813262929811494,0.005981792140953345,0.17548244052377454,0.17764628580581188,0.17944838747007094,0.1826558237121674,0.1959932897125002
56,ood_test,size_weighted,excess_aurc,10,0.13514333525187322,0.004450179468335274,0.13127573203430104,0.13186395533897813,0.1341005798357126,0.13633179483389002,0.14536834775824778
