horizon_day,repeat,domain,aggregation,prevalence,auroc,average_precision,pr_skill,brier,log_loss,ece,calibration_intercept,calibration_slope,hcep_080,hcep_090,hcep_095,aurc,excess_aurc
14,0,id_test,equal_pair,0.4338974090708609,0.703084296778353,0.6567917419230377,0.41288122417061346,0.20478554507892743,0.596895389923954,0.082979079608435,0.008340775639986166,1.090955605403752,0.024288956856646907,0.003121002690380681,0.0004873294346978557,0.21968896045099262,0.16450409762758259
14,0,id_test,size_weighted,0.4572231268490541,0.724097276175552,0.69631824367705,0.4527297116787419,0.20576987444494688,0.5989929675835841,0.08162347309753924,-0.020938167753314633,1.112991885168868,0.01814460448257371,0.003858291427022795,0.0005520591807441757,0.2177613516582447,0.16173873829714866
14,0,ood_test,equal_pair,0.40187314740586927,0.6746875063575474,0.5840727751254327,0.31537942052268675,0.21535943618697984,0.6249522843190781,0.06261663890344643,-0.11166790697945034,0.9230092892328562,0.04350706202474202,0.008864403956839444,0.0012490912671420814,0.24929402612217494,0.18562730036358946
14,0,ood_test,size_weighted,0.4125428245146555,0.687314145237073,0.6064904778071712,0.3373696708050017,0.21786791958584398,0.6316371926154812,0.06902866641423853,-0.08234029183444713,0.9436657243264731,0.04843928435477731,0.01161020175104682,0.0016178149980966882,0.2475104433621479,0.18236677188492362
14,1,id_test,equal_pair,0.4338974090708609,0.7329476397027697,0.696394499839445,0.47472358787665875,0.1974122324411195,0.5821722945261533,0.08722109819697116,0.306850354832493,1.4760301243125196,0.015122214545550607,0.0011862697746934762,0.00039824771007566706,0.20283691347273874,0.15609445325562615
14,1,id_test,size_weighted,0.4572231268490541,0.741125862057489,0.7182240384291617,0.48927293295693575,0.20038405156687525,0.5894427616855203,0.08314926143088328,0.09831758453188977,1.2795454095500314,0.014851436010582966,0.0010973360283824348,0.0005493879266438008,0.20713949151729816,0.15798263598365492
14,1,ood_test,equal_pair,0.40187314740586927,0.6806474154281237,0.5925002129586244,0.3294348685667419,0.21009398683846106,0.6093714141019348,0.04791960967155087,-0.018670287124005078,1.0605788941861316,0.021910223954193467,0.0010738219215767472,0.00014358830886709235,0.24139739106594924,0.1812686697592269
14,1,ood_test,size_weighted,0.4125428245146555,0.6952894096188317,0.616180587142697,0.3530413116937715,0.211494557108715,0.6122854199713345,0.049674435656233175,-0.015233502729691782,1.0637929083105935,0.02398172820708032,0.0011419870574800152,0.00019033117624666921,0.24027326290231038,0.17871191160828315
14,2,id_test,equal_pair,0.4338974090708609,0.6841917130343584,0.6261925990070399,0.3621400119438766,0.20958468670294492,0.6080386574695817,0.07438149516530257,0.03593227390336843,0.9902469870196333,0.02807939600582279,0.004060448078043386,0.0013859020310633215,0.23306482049741106,0.1709807106809595
14,2,id_test,size_weighted,0.4572231268490541,0.7052108612446908,0.6733992602395598,0.41212999516972226,0.2102498555024842,0.6095999286208803,0.0775107300957667,-0.006171652406710539,0.9617536984017149,0.02915814035671616,0.004953754925225932,0.0016515740809995478,0.23284608194692014,0.1698170238744804
14,2,ood_test,equal_pair,0.40187314740586927,0.6778953846539105,0.5871764800709175,0.3193331832506273,0.21299441262932195,0.6173073508753544,0.05309264589741019,0.020917701555716636,1.0095304720879366,0.0321420803151663,0.005687671695269551,0.0006444300597088432,0.24735565690689448,0.18272026737391392
14,2,ood_test,size_weighted,0.4125428245146555,0.6876489366557108,0.607260638235892,0.3377476532956586,0.21528863194577783,0.6232402687815027,0.059729870019834,-0.02348139697657366,0.9289996954235482,0.04092120289303388,0.007613247049866768,0.000951655881233346,0.24813231969473945,0.18205065266832984
14,3,id_test,equal_pair,0.4338974090708609,0.7103877601297774,0.6554392806537793,0.40499535025465855,0.20609289076194526,0.603222978448438,0.08254645359790408,-0.019106649569293043,0.9958091322578828,0.02646323472926935,0.0060243506399390275,0.0013729065794713783,0.22473518031000936,0.16446117447013966
14,3,id_test,size_weighted,0.4572231268490541,0.7230536648580128,0.6863495353163553,0.43227975158937115,0.2083396806864089,0.6090597898119988,0.08197429841370733,-0.04953043368006947,0.983170423240225,0.02420190559963419,0.0066092729725389775,0.0016535062881321524,0.22539718461439384,0.1650235603050576
14,3,ood_test,equal_pair,0.40187314740586927,0.6745710377506664,0.5842680409548593,0.31570900226345366,0.21317768096481432,0.6170804443632228,0.05716329447255481,-0.13596296071617486,0.8388563230280413,0.02984634301629812,0.002848207147030709,0.0009312998584639828,0.24876207070382728,0.18366879582115528
14,3,ood_test,size_weighted,0.4125428245146555,0.6863486580355519,0.6066653009386188,0.3377316652515896,0.2146177818900029,0.6204756522598323,0.05841944452778159,-0.10257495493442413,0.8630390445062247,0.03121431290445375,0.0031404644080700417,0.0010468214693566806,0.2498950304376705,0.18367890457627029
14,4,id_test,equal_pair,0.4338974090708609,0.7315046320097667,0.6925753352186349,0.47035102088291086,0.20023080954817524,0.5860153409598925,0.06752814673115078,3.689618039362978,4.490913929447205,0.023058704861922893,0.0014337956921688978,0.0004873294346978557,0.20349634703807842,0.15435128137412352
14,4,id_test,size_weighted,0.4572231268490541,0.7382382373711195,0.720224286225415,0.4934013494144713,0.20173901790386414,0.5891471614213551,0.06824869555495958,1.0244668770363805,2.047536107862138,0.024211897892621192,0.0016536681823200537,0.0005520591807441757,0.20841761960117686,0.15695161768481347
14,4,ood_test,equal_pair,0.40187314740586927,0.6803861869767536,0.5862921336636284,0.31903439992924176,0.21376994544871597,0.6189991625701012,0.05930128757272625,0.809449399999373,1.7322927825718548,0.03191731893554056,0.003607922814075353,0.0010355250249858398,0.24603961557350626,0.18282518631058603
14,4,ood_test,size_weighted,0.4125428245146555,0.6895926364445429,0.6064158377754297,0.33697878326869324,0.21558327875432481,0.6229075397490482,0.06286240496729341,0.16577772721506767,1.1277259908503345,0.03787590407308717,0.0039017891130567186,0.000951655881233346,0.24817916344001437,0.18310974258658516
14,5,id_test,equal_pair,0.4338974090708609,0.7070141568727331,0.6731856728058866,0.435347564002889,0.2041030864713136,0.5962430606237215,0.08986293777218685,0.011154074181456423,1.061892780995316,0.029338000920691967,0.005101071472682318,0.0,0.22465759100557559,0.170876239984769
14,5,id_test,size_weighted,0.4572231268490541,0.7166719825635426,0.6938770040469009,0.44502123831018137,0.20824569596107897,0.6045368822886389,0.08598806135677034,0.02184583217761822,1.0365952972352042,0.026946208097911914,0.00440017814065512,0.0,0.22825624619708365,0.1689986626147951
14,5,ood_test,equal_pair,0.40187314740586927,0.6733625593463223,0.5851867973310996,0.31581041732491233,0.21685804857006477,0.629368738253728,0.07192771183566146,-0.1041321882301951,0.832625946086587,0.05110254117303427,0.01313937760240985,0.001583126846010367,0.2516418856975279,0.1861598017882531
14,5,ood_test,size_weighted,0.4125428245146555,0.6847810313926453,0.6054015553547324,0.3344610126936951,0.2189501175293442,0.6351585621628946,0.07470414001526632,-0.061603027429616077,0.8598365291244422,0.05395888846593072,0.014845831747240197,0.0019984773505900264,0.251702693304564,0.18462079048192712
14,6,id_test,equal_pair,0.4338974090708609,0.7241235512885446,0.6690308368270577,0.4324574182219011,0.20029340225482611,0.5851428658269856,0.07423703599295951,1.3618257083766112,2.41284386708317,0.010375321678506327,0.0009182736455463728,0.0,0.2026093022021329,0.14797723336738886
14,6,id_test,size_weighted,0.4572231268490541,0.7366154572477628,0.7004642373980043,0.4601611078482519,0.201533912569625,0.587686876714843,0.07770710103802209,0.3909024504975124,1.5190958748113652,0.012653999533467205,0.0010990996416634046,0.0,0.2040377333122173,0.1482117639418675
14,6,ood_test,equal_pair,0.40187314740586927,0.676273992626892,0.5872977415857847,0.3216798482518931,0.21176376734347263,0.6135080573131644,0.04610695480015939,0.3369750063275128,1.3356542184146825,0.021522037376832826,0.0021711636589694266,0.0005637690184798241,0.24791054261262083,0.18456804878319255
14,6,ood_test,size_weighted,0.4125428245146555,0.6909474139553871,0.6099855090929548,0.3437345904948223,0.2130584831764571,0.6163166118192744,0.04846249740418901,0.047874145781643895,1.0623903423965442,0.026741530262657024,0.002569470879330034,0.0005709935287400076,0.24429418880694065,0.17958741558387747
14,7,id_test,equal_pair,0.4338974090708609,0.7107858999090035,0.6650806250331628,0.430255641884687,0.2033862234345339,0.5946953930629889,0.0850498914582643,-0.028566971275937197,1.0073696444692892,0.034846095491749364,0.008044660165872288,0.0006172839506172839,0.21934749380047358,0.166118203625249
14,7,id_test,size_weighted,0.4572231268490541,0.7308631942642956,0.7096471762347543,0.47737819332913445,0.20284522803161045,0.5919524919020328,0.07877894262965102,0.059591735208065155,1.0886589567977893,0.02969212576217787,0.006046985016014496,0.0005506790327923154,0.21271079583088975,0.15835206867837265
14,7,ood_test,equal_pair,0.40187314740586927,0.6813306215634412,0.5916855672829585,0.32864876137978144,0.21242808264960328,0.6162246291156452,0.05496085206100257,-0.07794573849120597,0.9251160374743707,0.03722580868097542,0.00637462748611425,0.0010878526172921007,0.24474630211582568,0.18076461366544994
14,7,ood_test,size_weighted,0.4125428245146555,0.6938219749314364,0.6163349483153016,0.353431318444748,0.21266355865253,0.6162976296428216,0.05011198825338303,-0.042523496532497235,0.9457930676090748,0.03283212790255044,0.005234107346783403,0.00123715264560335,0.24359439778063702,0.17898008774986077
14,8,id_test,equal_pair,0.4338974090708609,0.7056910726951201,0.6478180149802466,0.40162017374949943,0.20325959745271932,0.5942002751140597,0.07098636092957977,-0.5369473548201967,0.6417965612745649,0.01604429159465124,0.002086323705050437,0.0,0.23019279292755407,0.17779169226887748
14,8,id_test,size_weighted,0.4572231268490541,0.7302241578011902,0.696893054100622,0.454739048706959,0.20274610717679614,0.5924842890738257,0.07245500776044993,-0.12180756455018205,1.0505478637003505,0.01704352367431805,0.002197301996682289,0.0,0.21878594718098235,0.1664049474250771
14,8,ood_test,equal_pair,0.40187314740586927,0.6661906459988184,0.575957136774004,0.3051558924619031,0.21171114787664835,0.6130817454954087,0.046224011338742176,-0.6850820728260635,0.4128868504271452,0.019695965003940025,0.002391915024075364,0.00044376102304778263,0.2539939164104449,0.19117378696468454
14,8,ood_test,size_weighted,0.4125428245146555,0.6881850957395258,0.6066408164364573,0.33770321859340274,0.21311650599345286,0.6162762237502837,0.04919061303616207,-0.2027248175909274,0.8392950563769193,0.024457556147696992,0.0029501332318233727,0.0005709935287400076,0.24757075234969386,0.18336571194629056
14,9,id_test,equal_pair,0.4338974090708609,0.6749230857776265,0.6325864617600301,0.3623288021085136,0.2068460890934323,0.6090881603011863,0.09721299173633484,-0.5197708556279914,0.15447565350703585,0.03477005928064941,0.009839040100375413,0.002156001445500854,0.2703628484869233,0.21296352309101632
14,9,id_test,size_weighted,0.4572231268490541,0.7003445695251711,0.6572209550039853,0.3794243712259628,0.20899743096086676,0.6151064136833446,0.08902005111497796,-0.40011974901101394,0.3480238933474526,0.032994097964654495,0.011002285314759068,0.0027529201972512616,0.2604638961535515,0.2012201662378471
14,9,ood_test,equal_pair,0.40187314740586927,0.6584048960212369,0.5724208736096159,0.2933562839696117,0.2118432960737987,0.6131462165313174,0.0433646467103466,-0.40205198744710563,0.28994669662618233,0.02745006918821437,0.004293158468097418,0.001068411207448399,0.2614513915516984,0.19727837214448962
14,9,ood_test,size_weighted,0.4125428245146555,0.677192575663617,0.5987417739178647,0.3228786971783588,0.21274272598016045,0.6155137612794809,0.042212488089490637,-0.29822404317533574,0.4752762249313959,0.030548153787590408,0.005234107346783403,0.00123715264560335,0.25675369436656603,0.1920746659452901
56,0,id_test,equal_pair,0.40438687588844424,0.7456424860863875,0.6948379777152479,0.5046265405040125,0.18755452525967786,0.5550262429238955,0.07793675084076021,-0.02309929470227963,1.0218938514395386,0.03972943984322258,0.005466934418325199,0.0017079806266197494,0.17663191806223572,0.13267887625675445
56,0,id_test,size_weighted,0.42402813776982484,0.7597028118458728,0.728786852900864,0.537773967589256,0.1890895410559458,0.5581476106190931,0.07359542385981016,0.015644413767797412,1.0123154645043433,0.041799776690927486,0.006970042585982601,0.0023235089627163035,0.17449662192033766,0.1298690016805838
56,0,ood_test,equal_pair,0.3792229985160614,0.7394425881279242,0.6650141627982544,0.469802945536389,0.19270737047688125,0.5755342963970418,0.06827387930031513,-0.010332954043887305,1.067225378846707,0.04721304560352911,0.017900501661777632,0.006977428197933975,0.1797596418200216,0.13360699119226632
56,0,ood_test,size_weighted,0.38780150257018586,0.7483900577833854,0.6847553443790343,0.4906556325772237,0.19510683287159317,0.5848202660916476,0.07337869158773569,0.0013624737707370084,1.0012277158075362,0.05782918149466192,0.025998418347172796,0.01018189007512851,0.1785971019863559,0.13127573203430104
56,1,id_test,equal_pair,0.40438687588844424,0.7617855134251801,0.714837765174433,0.5320975221791205,0.18355104413299406,0.5444280881662976,0.07145027539660317,0.17152236961978218,1.2148577758887007,0.039110554632577454,0.0027842344284852057,0.00041305245766212306,0.16574113867945883,0.12340946455966008
56,1,id_test,size_weighted,0.42402813776982484,0.7694750548193756,0.7414629470134547,0.5572978118489422,0.1849973675694476,0.5475916265056682,0.07373865360963547,0.061324661632289126,1.1282958142210737,0.037128558286682,0.003486001958579567,0.0005807533460827943,0.16771472645332347,0.12437661907300766
56,1,ood_test,equal_pair,0.3792229985160614,0.7339651366743917,0.659122182937643,0.4607201335617701,0.1927394523372071,0.5751032289421478,0.07107316705508399,-0.0437712079676135,1.0654368398494323,0.04555000981488949,0.014937844201270244,0.006132181428279336,0.18261441493250433,0.13682896829726016
56,1,ood_test,size_weighted,0.38780150257018586,0.7430656375877159,0.6771730006602751,0.47863946527992235,0.19555268867188408,0.584919633027579,0.07954784377361582,-0.0858410801231876,1.005637719618927,0.05209568999604587,0.02184657967576117,0.008896797153024912,0.1822361562498829,0.1352909545567359
56,2,id_test,equal_pair,0.40438687588844424,0.6953793935967398,0.6570911152089361,0.44841591479906434,0.19223625903846953,0.5653413012153374,0.07596070908996096,-0.8537198817359409,0.21172975801184066,0.03765440932826505,0.007306523676594515,0.0014763617018656763,0.1977668259859603,0.15096886974377272
56,2,id_test,size_weighted,0.42402813776982484,0.7377156781890105,0.7116774470196371,0.5102073220060983,0.19192088778484304,0.563518058887989,0.07403400102555455,-0.2675718859638505,0.7128632063594987,0.04124030297411317,0.007546892830991707,0.0017417159939116182,0.18456209090108266,0.13657751127171572
56,2,ood_test,equal_pair,0.3792229985160614,0.7106899803382168,0.6424013302509982,0.4409950413090685,0.1927790710118184,0.5738912939851724,0.07129163958148708,-1.1755142808777455,0.09269041239046777,0.04356779535747882,0.015122062096941925,0.004577393160419518,0.2000535396118533,0.1547628679125848
56,2,ood_test,size_weighted,0.38780150257018586,0.7410975906090768,0.6808906091401389,0.48673990635858183,0.1934897414433268,0.5772509015258368,0.08030968478657745,-0.46244717708399075,0.6755152806038193,0.054567022538552785,0.021154606563859233,0.006227758007117438,0.18541517997516482,0.13934949091000773
56,3,id_test,equal_pair,0.40438687588844424,0.7485858746927198,0.6990407883194485,0.5093403073285127,0.18664757792203138,0.5533976814777704,0.07077078509722323,-0.029038802491045655,0.9978273646089968,0.03682249772927149,0.010735833579846591,0.001736016399135101,0.17200306503039609,0.12754434018853858
56,3,id_test,size_weighted,0.42402813776982484,0.7645853524395799,0.732298061765323,0.5434368416185767,0.1872479382165521,0.5536686494223513,0.07019356793152308,-0.021744498887435484,1.0120438147032875,0.03305976342133017,0.005767027941413484,0.0023243018968203883,0.1703519015224171,0.12468777979103979
56,3,ood_test,equal_pair,0.3792229985160614,0.7407555015788376,0.6680470918265065,0.4736971915802362,0.19029668471684538,0.571383473411308,0.06580740663346436,-0.10551129488485508,0.9530397348635063,0.050593935788995716,0.02025434884318281,0.006966296220465706,0.17787915370979918,0.13310003021181746
56,3,ood_test,size_weighted,0.38780150257018586,0.7471439867159446,0.6850165780132337,0.4904716363303804,0.192779723776634,0.5804146468449163,0.07058160133482248,-0.06751657287871489,0.9371615166223659,0.05693950177935943,0.025603005140371688,0.009489916963226572,0.1776295701937881,0.13185878155216263
56,4,id_test,equal_pair,0.40438687588844424,0.7425705887025876,0.6994330312797516,0.5092354645251965,0.18720207295704702,0.5550288984100948,0.091527424590775,-0.15129147162046047,0.9679062182097158,0.041596757101632964,0.005846237433330046,0.0005241090146750524,0.18315809854964704,0.14124235838744065
56,4,id_test,size_weighted,0.42402813776982484,0.761139872395478,0.7330441978600344,0.5420728924359383,0.18791342111427103,0.5551835452831118,0.08493964606294682,-0.08075258489385959,1.010331446933148,0.037709635528894496,0.005803845368147338,0.0005808500308795894,0.17425949152308945,0.13019209572507445
56,4,ood_test,equal_pair,0.3792229985160614,0.7385550540783059,0.6675723028715144,0.4737183232385321,0.1917244062122156,0.5722717323737906,0.06963052611853766,-0.13466862476147143,1.0102868663374982,0.04425355720072926,0.017547638084719566,0.005855240988351986,0.18249099209121594,0.13863581263874564
56,4,ood_test,size_weighted,0.38780150257018586,0.7467409020013535,0.6845522724758376,0.4904856614085438,0.19412613850816257,0.58056774722394,0.07364668678913833,-0.09581616926492642,0.989714005477988,0.05249110320284697,0.02372479240806643,0.008501383946223804,0.180299672953786,0.13509795661730822
56,5,id_test,equal_pair,0.40438687588844424,0.7510589694688444,0.7044401391842651,0.5141386735817883,0.1853636094626383,0.5487576719366873,0.0886738880654571,-0.037305662993862725,1.0552094412719832,0.031048323477159048,0.004499392056522401,0.0024056089607668494,0.1700662750777422,0.12415832949668565
56,5,id_test,size_weighted,0.42402813776982484,0.7680328332830866,0.7354786979561289,0.546659850773995,0.18575637901462855,0.5492731940319706,0.08336360282229688,-0.05474857396847546,1.0351905070161351,0.02960270820259896,0.005812492853679825,0.0029070387171883103,0.16759862533575695,0.12129535940771272
56,5,ood_test,equal_pair,0.3792229985160614,0.7369402807395106,0.666115715111651,0.4734499927288654,0.19152150002553447,0.5790962032282526,0.07317759275640218,-0.09117174648480915,1.0217378609803833,0.04976725423260973,0.021244248604246934,0.01067004243220661,0.1812084427258402,0.13907958902677514
56,5,ood_test,size_weighted,0.38780150257018586,0.7489966541979642,0.6861562996533136,0.49400830655751826,0.1943181297404045,0.5906611239510469,0.07918751763763292,-0.04422436885452761,1.0259690073512826,0.05693950177935943,0.028766310794780547,0.015322261763542903,0.17711737270809652,0.133103203054117
56,6,id_test,equal_pair,0.40438687588844424,0.7382960030489618,0.687598840335122,0.5003686939712165,0.18728945684748605,0.5560673482235017,0.08943697556156185,-0.15667231940758977,0.9869323829413976,0.04072599006871108,0.008802694079194163,0.0008546257227691826,0.1780655689803909,0.13683053951336024
56,6,id_test,size_weighted,0.42402813776982484,0.765167197007538,0.7369997957322874,0.5564511829408928,0.18470602204719164,0.5484331708069435,0.08017629891597931,-0.05053112014472361,1.1033753649338383,0.0313101263825967,0.00519794019995466,0.0011631940982431313,0.1664066404290683,0.12632527456347112
56,6,ood_test,equal_pair,0.3792229985160614,0.7359665803720303,0.6635771249019402,0.46793204584692494,0.18865070189268002,0.5599818159169181,0.05539442149991035,-0.173339310294781,0.9702742673506111,0.03844652853152478,0.006648796594637043,0.001973121320952879,0.18225095919936793,0.13677061807898772
56,6,ood_test,size_weighted,0.38780150257018586,0.7488246650811061,0.6852968117874766,0.4916832329769311,0.18838545981281044,0.5579103391031696,0.05189882952987464,-0.15591866662136833,1.0025372123329155,0.033412415974693556,0.004250691973111902,0.0014827995255041518,0.17769643264188317,0.13187947669942465
56,7,id_test,equal_pair,0.40438687588844424,0.7489094804698367,0.6789522890310393,0.4776510823739701,0.18745967736307487,0.5564018771675968,0.08541899831154479,0.09264195881835319,1.1389761779653673,0.02896775869570686,0.005237469247697611,0.0020562415125119863,0.1769046052930165,0.13164421842838905
56,7,id_test,size_weighted,0.42402813776982484,0.7646088320724831,0.7191931099617959,0.5210984813452442,0.1873970090042814,0.5561060657480964,0.08149692283886839,0.013124470230434908,1.0851822939227143,0.030209175283755434,0.005807684131180615,0.0023230616031763344,0.17348809316053002,0.12820138851175913
56,7,ood_test,equal_pair,0.3792229985160614,0.7363503380945235,0.6545438233243213,0.4525265940697272,0.19353723487615737,0.5727950580641461,0.07005353347189898,-0.048311023354549336,1.1542503644375168,0.029197144720461667,0.0048984938946716,0.0019112701688721303,0.19619652543924826,0.14713080569148096
56,7,ood_test,size_weighted,0.38780150257018586,0.7448753966392501,0.6762120063632798,0.47521448983664005,0.1946011324093058,0.5747324450018207,0.07331162628890527,-0.17902117101582316,1.0537967940484259,0.029754843811783314,0.005338078291814947,0.0019770660340055358,0.1959932897125002,0.14536834775824778
56,8,id_test,equal_pair,0.40438687588844424,0.7593577753338898,0.7103784944062801,0.532628245257462,0.18236720005791934,0.5431792155265245,0.10157521786969205,0.006521206096019771,1.1867159187708156,0.028082304428511666,0.002806717412154328,0.001184657395933728,0.162212808648077,0.12277330097877469
56,8,id_test,size_weighted,0.42402813776982484,0.77645846700277,0.7521194095715993,0.5802783353207177,0.1805104886162544,0.538440986192782,0.09309709631838886,-0.017655768804390858,1.1945017070983492,0.02551321216439134,0.0029022034146434354,0.0017446436936332152,0.15669404013575197,0.11791876575608773
56,8,ood_test,equal_pair,0.3792229985160614,0.7302694839813001,0.6592001918667254,0.4616150733332445,0.19113913031823393,0.56750468903616,0.06030666980432951,-0.13187472271923315,1.0064057125252455,0.04066390085201357,0.009062607109614117,0.0017488260222292967,0.18873401753307173,0.1432837531455945
56,8,ood_test,size_weighted,0.38780150257018586,0.7455289818008476,0.684036393470105,0.489289522474514,0.19153622889801183,0.5675540537001718,0.06294473445796182,-0.09362243131385757,1.0170818531213073,0.04478054567022539,0.010873863187030448,0.0016805061289047055,0.18279571286626223,0.1366787415929414
56,9,id_test,equal_pair,0.40438687588844424,0.7477412262618165,0.7028546656664183,0.51748166836042,0.18480291203694374,0.5477258515413354,0.08446056591253683,-0.0035633059801409464,0.9431487909460977,0.04504299411851195,0.008574804508134796,0.00038580246913580245,0.16906569430348423,0.12485634837237233
56,9,id_test,size_weighted,0.42402813776982484,0.7619591626907702,0.7372393854114397,0.5536917900987328,0.18537484586423866,0.5490117248978122,0.08064008205591941,0.006339782401391893,0.9646191026446068,0.04119345162441612,0.009291121166465122,0.0005819451737752105,0.1688950852375296,0.12440232640580139
56,9,ood_test,equal_pair,0.3792229985160614,0.7453798518522109,0.6677206433181523,0.47464298728693827,0.1871930399015218,0.557507296864573,0.05342002421052433,-0.1355677684033006,0.9135489725524965,0.04635032067513373,0.010782554731378582,0.0020699893157145144,0.17572813606156695,0.132481143022386
56,9,ood_test,size_weighted,0.38780150257018586,0.7519837499584863,0.6863042845539601,0.4936693687364955,0.18854223049049987,0.5606376835430709,0.054068204906776565,-0.12417948606481805,0.9046196128890598,0.05061289047054172,0.012554369315935152,0.002273625939106366,0.17548244052377454,0.13153066774348607
