horizon_day,repeat,domain,conformal_method,aggregation,coverage,avg_set_size,singleton_rate,class0_coverage,class1_coverage,class0_avg_set_size,class1_avg_set_size,class0_singleton_accuracy,class1_singleton_accuracy
14,0,id_test,label_conditional,equal_pair,0.9161836837900914,1.6325399978092694,0.3674600021907308,0.9312056947876611,0.896885826753182,1.6555987675023407,1.6062761760944084,,0.7599449126793567
14,0,id_test,label_conditional,size_weighted,0.9109098337819775,1.5983974114063821,0.401602588593618,0.9265092763216085,0.8923451088607932,1.6240276287346684,1.571567882089689,,0.7522826975252124
14,0,id_test,marginal,equal_pair,0.8936876211427435,1.5517154045541997,0.44828459544580046,0.9415113711180759,0.7971126493882779,1.556729271494737,1.5656643534817913,0.8494282156918024,0.5164049289665987
14,0,id_test,marginal,size_weighted,0.8977169432916898,1.5566800007862054,0.44331999921379456,0.9360899713371683,0.8308516685381347,1.566593372996883,1.5606264090275066,0.8364808460849184,0.6090522413820307
14,0,ood_test,label_conditional,equal_pair,0.9011825692229694,1.6173421240907324,0.3826578759092674,0.9369289773067224,0.8400527263804596,1.6126383633153434,1.6251416508568137,0.7907283189866359,0.6361729913833228
14,0,ood_test,label_conditional,size_weighted,0.8872287780738485,1.5603349828701942,0.4396650171298059,0.9378568325496693,0.8005654241500634,1.5493262624803419,1.579888503016857,0.8295525907414023,0.5960955898101052
14,0,ood_test,marginal,equal_pair,0.8845188858733324,1.540492658331551,0.4595073416684489,0.9492914500416041,0.7549047017015443,1.5262587969945054,1.5775100936190771,0.8494353720617612,0.4378366169943979
14,0,ood_test,marginal,size_weighted,0.8738104301484583,1.50885039969547,0.49114960030452987,0.9458643741385819,0.7404908934496585,1.4938602149360773,1.5435164428701587,0.84557310416641,0.4814762995627441
14,1,id_test,label_conditional,equal_pair,0.9077741285221097,1.559580085425419,0.4404199145745812,0.906873247047916,0.9005707920275489,1.6018109486252667,1.508078036618921,0.7673538955249319,0.7993499534205255
14,1,id_test,label_conditional,size_weighted,0.9053658766819808,1.5527820514472637,0.44721794855273617,0.9017522021892374,0.9081263682521569,1.5970548940183928,1.5048724933320117,0.7565908584898734,0.8156423534088809
14,1,id_test,marginal,equal_pair,0.9022581924141464,1.5319927475979762,0.4680072524020237,0.9456925686396787,0.8228466286204892,1.5204974143217773,1.5695150760225767,0.8754566880194333,0.5429421641961187
14,1,id_test,marginal,size_weighted,0.9004093105888422,1.5247203060954306,0.4752796939045692,0.9400559533656875,0.8394806432539477,1.516437438115074,1.5523468651280288,0.8643254022030932,0.6133367464593542
14,1,ood_test,label_conditional,equal_pair,0.8890189831566175,1.5857275899339633,0.4142724100660368,0.9112036682354095,0.8480292520134459,1.592975617802093,1.574840943568888,0.7556871770818714,0.6652752944535621
14,1,ood_test,label_conditional,size_weighted,0.8858964598401218,1.5605253140464408,0.4394746859535592,0.9158916310050624,0.8337387760614976,1.562196495110813,1.5598484225830826,0.77780605593124,0.6611587600957914
14,1,ood_test,marginal,equal_pair,0.8907990918706157,1.551036518943072,0.448963481056928,0.9541775689904214,0.7746772632761931,1.5266579077133378,1.5980807750646209,0.8853638831607822,0.4389317513311887
14,1,ood_test,marginal,size_weighted,0.8813285116102018,1.518747620860297,0.4812523791397031,0.9516925249948065,0.7593176367593484,1.4907659475095134,1.5691692563283375,0.881649253968933,0.47108746855894734
14,2,id_test,label_conditional,equal_pair,0.8971660228930417,1.5911378426075773,0.40886215739242265,0.9070883725117754,0.8833109015432643,1.6249429412725935,1.5706804801447865,0.7412741970791505,
14,2,id_test,label_conditional,size_weighted,0.8921848234674232,1.5587462854637493,0.44125371453625106,0.9013778661422044,0.879475399428123,1.5991017038403617,1.5248940135211102,0.7395455066193896,
14,2,id_test,marginal,equal_pair,0.894353473687536,1.558442990998339,0.44155700900166106,0.9318060535437327,0.8216153978820293,1.5653991780767855,1.5748728200476876,0.8235194352420395,0.4720214714301425
14,2,id_test,marginal,size_weighted,0.8888602887321857,1.5372825042054379,0.4627174957945622,0.9219256621391629,0.8353261768433554,1.548149042689506,1.5425353156017965,0.8074510054798668,0.5656824989988429
14,2,ood_test,label_conditional,equal_pair,0.8824125270470442,1.5757952267531878,0.42420477324681205,0.9071306132785034,0.8408696820513412,1.582420334308945,1.5605598468824122,0.7142719373879604,0.6748244851603347
14,2,ood_test,label_conditional,size_weighted,0.874286258089075,1.534354777312524,0.4656452226874762,0.9104578021142254,0.8105427170271694,1.533275114105434,1.5369504157061462,0.7753987379205675,0.626475305972556
14,2,ood_test,marginal,equal_pair,0.8934855190266275,1.5697870134433343,0.43021298655666573,0.9446613842156381,0.7981043595199453,1.5453070571828205,1.6187960039815619,0.8736001432908639,0.41035566279496
14,2,ood_test,marginal,size_weighted,0.877426722497145,1.5170346402740769,0.4829653597259231,0.9390335580890221,0.7678532136124253,1.4897054073951572,1.567624068700354,0.8637560395378128,0.4556010022077086
14,3,id_test,label_conditional,equal_pair,0.8967457300555066,1.5953435983446962,0.40465640165530375,0.8848430603427798,0.9089961011290557,1.620750025754833,1.5527381469936392,0.6692718953776112,0.7829417992386523
14,3,id_test,label_conditional,size_weighted,0.8894252538108597,1.556007339197772,0.443992660802228,0.8772997857539188,0.9030632749133392,1.5803205379893592,1.524762208709816,0.687306751063365,0.7881714610529779
14,3,id_test,marginal,equal_pair,0.9037286842778397,1.5714609819476717,0.42853901805232836,0.9248657299056053,0.8577797716237909,1.5577444783001377,1.6064232408033159,0.8252796192285039,0.5383231706174532
14,3,id_test,marginal,size_weighted,0.8971322496453951,1.5407064826539079,0.4592935173460925,0.9145543624405515,0.8618526951699077,1.525474719045777,1.5737402421806377,0.8081504086093434,0.6214368219292675
14,3,ood_test,label_conditional,equal_pair,0.8788048641755141,1.5822176074136598,0.41778239258634,0.8976553033865086,0.850329215637659,1.5911280008035242,1.5671364338521576,0.6867571125578926,0.699901182165857
14,3,ood_test,label_conditional,size_weighted,0.8683859916254283,1.5309288161400838,0.46907118385991625,0.9008192718952044,0.8143644792338179,1.5359933800326042,1.5237279917953872,0.7344689037385728,0.6585275394866527
14,3,ood_test,marginal,equal_pair,0.8880464144775988,1.5634082177350237,0.43659178226497647,0.9411042924060323,0.7910691279160381,1.5483681628769217,1.5986021253551728,0.8583827904522242,0.4518488782755086
14,3,ood_test,marginal,size_weighted,0.8732394366197183,1.5134183479253902,0.4865816520746098,0.9366599656625169,0.7607139796652082,1.4967684217404489,1.5492161492011471,0.8520474275398504,0.49177637466488805
14,4,id_test,label_conditional,equal_pair,0.9329860116273065,1.6650496610715442,0.33495033892845594,0.9437556566048877,0.9190312302460105,1.6900898381445453,1.6468932803135528,0.8183610423686923,0.7729668122128174
14,4,id_test,label_conditional,size_weighted,0.9235242122143604,1.6308152752184841,0.3691847247815158,0.9353446093948523,0.90865882089293,1.6616008023662912,1.6031141070926334,0.7976912342433328,0.76375816975062
14,4,id_test,marginal,equal_pair,0.9209631639067494,1.5971526553967477,0.40284734460325217,0.9580217575020692,0.8458729530001797,1.5957459678676127,1.6225135616501163,0.8764871339724157,0.5582941757823403
14,4,id_test,marginal,size_weighted,0.9213620512087629,1.6007099595768124,0.39929004042318755,0.9508384346635523,0.8730414595975406,1.6038056927051738,1.6127933091656088,0.861016176260211,0.6440380349388151
14,4,ood_test,label_conditional,equal_pair,0.9059132974796648,1.6432538792942202,0.35674612070578005,0.9291473418500461,0.8683703618714149,1.640863998613758,1.6510280074969867,0.7686668173015297,0.671400704001759
14,4,ood_test,label_conditional,size_weighted,0.8994099733536354,1.6026836695850781,0.397316330414922,0.936787281935111,0.8340051484539382,1.595394480395073,1.619331886080006,0.8085457964523488,0.6238408446681875
14,4,ood_test,marginal,equal_pair,0.9021942525205695,1.5934058520033298,0.40659414799667026,0.9549953704699448,0.7946377162918938,1.5730284479289134,1.6364787312616116,0.8631330499989563,0.4704144039693861
14,4,ood_test,marginal,size_weighted,0.8952226874762086,1.5749904834411876,0.4250095165588123,0.9512071377734328,0.7929390615791065,1.5520151710316294,1.6184474310486305,0.8586711782573699,0.5098398670931195
14,5,id_test,label_conditional,equal_pair,0.907027976222548,1.6076678727516567,0.39233212724834327,0.929506101051644,0.8792656405550117,1.6446924803763734,1.5487543485744744,0.8013781250323474,0.7065880989972659
14,5,id_test,label_conditional,size_weighted,0.9031564501761457,1.5840139895577539,0.4159860104422459,0.9214616682895597,0.8858676557478689,1.620662025746397,1.53323161438957,0.7841203652578089,0.7480323741352758
14,5,id_test,marginal,equal_pair,0.9111404702744755,1.5817580020126931,0.4182419979873072,0.9520638921520967,0.8407253896214855,1.5833553401183194,1.6028102396889234,0.8855135800042778,0.501477081015135
14,5,id_test,marginal,size_weighted,0.9053450023094755,1.564218077768574,0.43578192223142603,0.9429777717602844,0.8514175251556347,1.5723736087860278,1.5710165756157943,0.8651000187781271,0.5901459274845726
14,5,ood_test,label_conditional,equal_pair,0.8757203136132656,1.5661101488607476,0.4338898511392524,0.9157916847053877,0.8178463123345385,1.558995706055299,1.5739096273207664,0.7867885024163922,0.5743810103484194
14,5,ood_test,label_conditional,size_weighted,0.8670536733917016,1.5269318614389036,0.4730681385610963,0.914114684651069,0.7984860112444628,1.5149736890691263,1.542931543630245,0.7951773457680528,0.5849799645451185
14,5,ood_test,marginal,equal_pair,0.8831621767026717,1.5428516232649474,0.4571483767350524,0.9468495790069298,0.7636520180100016,1.5194779263077394,1.5888326789365965,0.8774013893994651,0.404537471304665
14,5,ood_test,marginal,size_weighted,0.8734297677959649,1.5134183479253902,0.4865816520746098,0.9415956382153154,0.7554191781529863,1.4869972624659369,1.5618412365792718,0.8674730038174687,0.44513142375967374
14,6,id_test,label_conditional,equal_pair,0.9021659622295446,1.5854104017495125,0.41458959825048736,0.9028558690063705,0.8947043599018143,1.610073057794068,1.5514606381440044,0.7462084591940309,0.7669273967906174
14,6,id_test,label_conditional,size_weighted,0.9059619284365759,1.5786394124008096,0.4213605875991902,0.9023728315694238,0.9095720555120494,1.6007588715925931,1.555140856674203,0.7504145362883712,0.7925422326843063
14,6,id_test,marginal,equal_pair,0.8985037128948172,1.492162359758193,0.507837640241807,0.9508180657691017,0.7988298234624353,1.471854031340956,1.5503123279942579,0.8983807150143946,0.5244752295611446
14,6,id_test,marginal,size_weighted,0.9010182905858816,1.5144302078468215,0.4855697921531786,0.9435725479049911,0.8346159802128741,1.4998825079701332,1.5508958303757214,0.8840798109602384,0.6065286898205416
14,6,ood_test,label_conditional,equal_pair,0.8845993873949811,1.5942530740427179,0.40574692595728223,0.9018883249325427,0.8530557553010664,1.599538798593076,1.5843303716190447,0.7361314453484256,0.6625723182409301
14,6,ood_test,label_conditional,size_weighted,0.8823753330795584,1.571374191092501,0.4286258089074991,0.9056156942133945,0.8432317234862575,1.571885789124131,1.570164036007627,0.7604254393545878,0.6590852027296373
14,6,ood_test,marginal,equal_pair,0.8708735469041935,1.4907941744728972,0.5092058255271028,0.9408940978265998,0.727676039246705,1.4648946938205114,1.5403102395733992,0.8839195775665741,0.4139573989790876
14,6,ood_test,marginal,size_weighted,0.8726684430909784,1.4975256947087934,0.5024743052912067,0.9374549844942044,0.755173193871733,1.4685738345445933,1.5501563010320627,0.877641334951453,0.46658706071592815
14,7,id_test,label_conditional,equal_pair,0.8983588481690423,1.5810621633457276,0.4189378366542724,0.9174463027842579,0.8625282992911613,1.601100932409412,1.554538121078878,0.7932038825481449,0.6803184799169105
14,7,id_test,label_conditional,size_weighted,0.9026352861170369,1.5730449787523786,0.4269550212476214,0.9170902618515357,0.8811089378819188,1.5938208533084348,1.5494772336828093,0.7960210906575189,0.730528998850834
14,7,id_test,marginal,equal_pair,0.8965759250636633,1.5552377746190218,0.4447622253809784,0.9409814268618505,0.8079641795040525,1.548974385168246,1.5767130967739296,0.8674477163018995,0.497360743502801
14,7,id_test,marginal,size_weighted,0.902641961460556,1.557675990765915,0.44232400923408494,0.9374382339664176,0.8427320370179799,1.5481822437382433,1.5806386833297565,0.8619534288073271,0.5801118330162235
14,7,ood_test,label_conditional,equal_pair,0.8972910957234431,1.592679940792893,0.40732005920710707,0.9265426100603182,0.8448582127288176,1.585339665456775,1.6044341136811733,0.8235887439086773,0.5885760582294101
14,7,ood_test,label_conditional,size_weighted,0.8996954701180053,1.5872668443090978,0.4127331556909022,0.9275955240593956,0.85405785133845,1.5792038026452941,1.6002535035239858,0.8273824882406413,0.6158100589044323
14,7,ood_test,marginal,equal_pair,0.8960604823862934,1.5634618437903436,0.43653815620965614,0.9498811798059899,0.7899501074219663,1.5406542518815518,1.609960656017466,0.8780492990942775,0.4203845012844482
14,7,ood_test,marginal,size_weighted,0.896745336886182,1.5606204796345642,0.43937952036543587,0.9471043338285353,0.8076046868790993,1.535012192003401,1.610543688145245,0.8719115100258682,0.46256764994190347
14,8,id_test,label_conditional,equal_pair,0.9070611594344844,1.6065290905325105,0.3934709094674898,0.9246537758702815,0.8884960769463256,1.605784591642207,1.6092476095187982,0.7329592310508632,0.71411882470706
14,8,id_test,label_conditional,size_weighted,0.9026342483531488,1.5636659943406075,0.43633400565939245,0.9230685496644779,0.8784972951239113,1.5708910819947972,1.5559759572482013,0.7989916470568414,0.7111398926082524
14,8,id_test,marginal,equal_pair,0.89498302207394,1.5505034840899976,0.4494965159100024,0.9378696474978282,0.8129441610249158,1.5551815055538214,1.5454898195716855,0.8721753765809945,0.5216566214657942
14,8,id_test,marginal,size_weighted,0.8949683378845561,1.5203225281812747,0.4796774718187252,0.9325671508297168,0.8336934151274766,1.5211109730881214,1.526402378380221,0.8616937016874808,0.6083941901182529
14,8,ood_test,label_conditional,equal_pair,0.8937911047812686,1.6125179600480646,0.3874820399519356,0.9388410218884267,0.8339245085749728,1.5931312240919904,1.6386646848365074,0.7512888847595464,0.5828713508357588
14,8,ood_test,label_conditional,size_weighted,0.8850399695470118,1.5649029311001141,0.4350970688998858,0.9378473663013405,0.8092419895532038,1.5401133648406529,1.6004169543920452,0.8291616533245418,0.5559658473624102
14,8,ood_test,marginal,equal_pair,0.8885518445931826,1.5627638910467252,0.43723610895327475,0.9486012040690631,0.7867445781336365,1.5312094548547213,1.6147534979014804,0.8951446912744166,0.39398000911340014
14,8,ood_test,marginal,size_weighted,0.8775218880852683,1.5182717929196803,0.48172820708031977,0.9441979020390521,0.7672054752924132,1.4815735142549922,1.5788081564289984,0.8872003618451807,0.4345510735517649
14,9,id_test,label_conditional,equal_pair,0.8871066050103343,1.5776823506429412,0.42231764935705873,0.8929150909767186,0.8571539340248611,1.6039916507126517,1.539122258609774,0.6660595175698473,0.6799130933285888
14,9,id_test,label_conditional,size_weighted,0.894420303639363,1.579171683343541,0.42082831665645887,0.8889099008653688,0.8921326732871524,1.6009370477287903,1.558275781445699,0.6757345459743342,0.7376290212376255
14,9,id_test,marginal,equal_pair,0.8951998507718516,1.572313608088255,0.42768639191174523,0.9192805180027486,0.8256406891232215,1.593069006717835,1.5544892268422084,0.7966655234174335,0.5520967909716047
14,9,id_test,marginal,size_weighted,0.8976849488076423,1.5609541298024543,0.43904587019754615,0.9109665134704011,0.8607419927576639,1.5745644755156858,1.5557004385587845,0.7793376966875434,0.6416006906926199
14,9,ood_test,label_conditional,equal_pair,0.8925265068115049,1.587176382413418,0.41282361758658204,0.9180169791685251,0.850446627414165,1.5772529861851357,1.6085779458074836,0.7754304906921632,0.5865979295963707
14,9,ood_test,label_conditional,size_weighted,0.8937952036543586,1.5815569090216977,0.41844309097830223,0.9204136928077721,0.8514526000451814,1.5708118305633643,1.6012820550541031,0.7950966435131364,0.6039414545171855
14,9,ood_test,marginal,equal_pair,0.8919815504205114,1.567894470920033,0.4321055290799669,0.938126231468493,0.8015575620730865,1.5556531611504196,1.6032542294196275,0.8572729775516634,0.4419829826098742
14,9,ood_test,marginal,size_weighted,0.8862771221926151,1.5445374952417206,0.45546250475827943,0.9361731407369198,0.7949017173372553,1.5267163545938078,1.5820021698735602,0.8549190634637474,0.48812254155668267
56,0,id_test,label_conditional,equal_pair,0.9045878791863999,1.5674074704130823,0.4325925295869178,0.8931525027850624,0.9109616345939191,1.6287718169456569,1.4812094191566945,0.6960313345371588,0.8202643041243328
56,0,id_test,label_conditional,size_weighted,0.9042080128094174,1.5440803340355,0.4559196659645,0.891302043913362,0.914963062910758,1.6099722753872825,1.4608628904463032,0.711051046785778,0.8380567684272086
56,0,id_test,marginal,equal_pair,0.8986643637045213,1.4816106654469368,0.5183893345530632,0.9581420741486705,0.7965835815487985,1.462308892344903,1.5307528181702983,0.9190806062541128,0.5160406632772894
56,0,id_test,marginal,size_weighted,0.8925450119429159,1.462755245071556,0.5372447549284441,0.9532551103388549,0.801981478922087,1.4453435087446054,1.5022266705796843,0.9115009418018905,0.5763715296152778
56,0,ood_test,label_conditional,equal_pair,0.8948355880916308,1.55324776858843,0.44675223141156967,0.8901054831359443,0.8911569643812418,1.6019499327140478,1.4834816241861222,0.6545027386533947,0.8076352827656768
56,0,ood_test,label_conditional,size_weighted,0.8865164096480822,1.502570185844207,0.4974298141557928,0.8922534930360904,0.8614448386195539,1.5441751957846124,1.4498339182737527,0.6951188187034003,0.7683307720123929
56,0,ood_test,marginal,equal_pair,0.8976470767413394,1.481612878860202,0.5183871211397979,0.9637043424439038,0.7750822726102904,1.4558869488069064,1.5395667314078214,0.9220679589279087,0.48213845551872914
56,0,ood_test,marginal,size_weighted,0.8852313167259787,1.436041913799921,0.563958086200079,0.9624223887224169,0.7471679065193679,1.4098443541401173,1.4898175167070506,0.9198996025658149,0.5138669724863622
56,1,id_test,label_conditional,equal_pair,0.8970250407430116,1.536580214549627,0.4634197854503731,0.8941252097378408,0.9004536819969958,1.586986179823874,1.464230603608179,0.6598677116217216,0.828903780568156
56,1,id_test,label_conditional,size_weighted,0.8866985382964914,1.4846134334119123,0.5153865665880877,0.8856376194077972,0.8869312235206956,1.5361608456233669,1.4161135914820138,0.7245590198805053,0.8106472122007978
56,1,id_test,marginal,equal_pair,0.891941369453536,1.4302880802272466,0.5697119197727534,0.955795305482137,0.780030514685625,1.4056686486032501,1.487859706002036,0.9220951825753136,0.5186435874555355
56,1,id_test,marginal,size_weighted,0.8873014885459649,1.415140668861639,0.584859331138361,0.9492748456525523,0.7926396989736652,1.3923075501963373,1.4585373305809934,0.9138672349129208,0.5884920140476303
56,1,ood_test,label_conditional,equal_pair,0.8938747432731488,1.5515011722031542,0.4484988277968455,0.8953215855154907,0.8838459261800569,1.6025905453032883,1.4739922021076959,0.6397504124859615,0.8219244473474778
56,1,ood_test,label_conditional,size_weighted,0.880387504942665,1.4910043495452747,0.5089956504547252,0.894218383574875,0.8441710744400308,1.538109909643902,1.425301532169134,0.708645208863775,0.7711452573404388
56,1,ood_test,marginal,equal_pair,0.8934799342194076,1.471401653827866,0.5285983461721341,0.9569231856174696,0.7671764585883857,1.4586042188954833,1.511501580130549,0.9099694289934005,0.49661465388496434
56,1,ood_test,marginal,size_weighted,0.8809806247528668,1.4307038355081059,0.569296164491894,0.9518531627633963,0.7475799366182991,1.4192772708649757,1.4636443628346423,0.9035382347363433,0.5394981578475511
56,2,id_test,label_conditional,equal_pair,0.903666639126383,1.574847043105365,0.42515295689463517,0.9211954279928989,0.881583147763706,1.6152135777654084,1.5328149988353086,0.7654971186657098,0.6746444386712689
56,2,id_test,label_conditional,size_weighted,0.9018619406130521,1.5393370339163432,0.4606629660836568,0.9202176328840949,0.8783650147876212,1.5829470732831918,1.4902247541827878,0.793544442697813,0.7404610957802995
56,2,id_test,marginal,equal_pair,0.8872400574677667,1.4962440493954325,0.5037559506045675,0.9551951678550061,0.765351814488968,1.509947923338252,1.4826370244039166,0.9062407354134245,0.5049909573155376
56,2,id_test,marginal,size_weighted,0.8861805662059001,1.4655943853106745,0.5344056146893252,0.9500214869876048,0.7872065949235519,1.4749581811326093,1.463011577858857,0.8991285176794404,0.5780620522907058
56,2,ood_test,label_conditional,equal_pair,0.897582162932809,1.5577821469288509,0.44221785307114936,0.9050359452762993,0.8747783218519432,1.6038504630766257,1.4893444097811364,0.6662331073677579,0.702796625117647
56,2,ood_test,label_conditional,size_weighted,0.8855278766310795,1.4923882957690786,0.5076117042309213,0.9021696738394996,0.8460084914766296,1.532445484560753,1.4369033871836778,0.7128918496796244,0.7282649747627898
56,2,ood_test,marginal,equal_pair,0.9048326804460637,1.5187186739326124,0.4812813260673875,0.9507356254909057,0.8068798125785114,1.528069345510857,1.5174360776259634,0.8871813065984703,0.5494074999932651
56,2,ood_test,marginal,size_weighted,0.8926453143534994,1.4585804665875841,0.541419533412416,0.9464520188360188,0.7856402752803514,1.4626197657485138,1.4687714600923754,0.8822794207101273,0.5910424458350757
56,3,id_test,label_conditional,equal_pair,0.9060069777233646,1.573616655623132,0.42638334437686815,0.9001365005933241,0.9142465663606058,1.6201387096422253,1.513448055748915,0.6557750599194279,0.8358409696647044
56,3,id_test,label_conditional,size_weighted,0.9047526615539371,1.5428361591491686,0.4571638408508313,0.9038137345627426,0.9057241924559492,1.59158301134743,1.482847564941559,0.7356734964154646,0.8206973263306373
56,3,id_test,marginal,equal_pair,0.9185546615395351,1.5462203875588172,0.4537796124411828,0.964871002357734,0.845373539489914,1.53270315207875,1.5825826194817434,0.9269452045704618,
56,3,id_test,marginal,size_weighted,0.9122738873734046,1.5091212657918687,0.49087873420813133,0.9606992667963605,0.8401986240967788,1.4971721857435523,1.5376036092092658,0.9201798771308057,
56,3,ood_test,label_conditional,equal_pair,0.894099368394164,1.5462384790303285,0.4537615209696713,0.9033633026882703,0.8728734414260408,1.5900806783959596,1.478950184454188,0.6339088677062259,0.7885277887117565
56,3,ood_test,label_conditional,size_weighted,0.8866152629497825,1.4952550415183867,0.5047449584816133,0.9126522453340925,0.8331743741737925,1.5282878413776497,1.4503395467811828,0.7389108161737059,0.7272668265151345
56,3,ood_test,marginal,equal_pair,0.9112823086083378,1.53591950983455,0.4640804901654501,0.9697529292442449,0.8060633731139563,1.526204906623717,1.563498482268144,0.936245956186425,0.49435311651790187
56,3,ood_test,marginal,size_weighted,0.896797153024911,1.473902728351127,0.5260972716488731,0.9690246249176071,0.7673404527879722,1.4613088751948722,1.504395324452637,0.9359965244905535,0.5349436061545424
56,4,id_test,label_conditional,equal_pair,0.878775903844539,1.5187931587679864,0.48120684123201385,0.862428608489,0.8996722508894359,1.5738805563571034,1.4342656565920395,0.6432282594514567,0.8198566742112353
56,4,id_test,label_conditional,size_weighted,0.8809822657078339,1.4882485721426717,0.5117514278573285,0.8615492926534709,0.9034048103652105,1.540807218119159,1.4139602903386483,0.6849158562103393,0.8326199598956723
56,4,id_test,marginal,equal_pair,0.9055847262728434,1.502119088373388,0.49788091162661213,0.9596208281585462,0.8081295846875204,1.4934954443520063,1.5171595157603308,0.9144635123632742,0.5615708555974822
56,4,id_test,marginal,size_weighted,0.9059262315150143,1.4819459936592843,0.5180540063407156,0.9565289306629386,0.8272234149589186,1.4676010710185639,1.5044274703844098,0.9141231930790943,0.6329288589272779
56,4,ood_test,label_conditional,equal_pair,0.8769071789082089,1.5146981791949619,0.4853018208050383,0.8765864380025641,0.8705860880490927,1.5633588826815734,1.4394957156942567,0.655886009907067,0.7832096727798963
56,4,ood_test,label_conditional,size_weighted,0.872479240806643,1.4682680901542111,0.5317319098457889,0.8835176696124812,0.8425490186301994,1.5102123623549288,1.4095393094083848,0.7138738357003438,0.7529690176625177
56,4,ood_test,marginal,equal_pair,0.9061896936193831,1.5054687840651897,0.49453121593481036,0.9679168412536919,0.7868452163576398,1.495726307074992,1.5371762333502248,0.9243177280916277,0.5292411905991324
56,4,ood_test,marginal,size_weighted,0.8942269671807038,1.4620403321470936,0.5379596678529063,0.9657901198070092,0.7617586173146869,1.4502555739365706,1.4935244571233512,0.9220816221993313,0.5535433992433131
56,5,id_test,label_conditional,equal_pair,0.9048898209232106,1.5754338080429982,0.42456619195700157,0.8892179828097105,0.9354026837310919,1.6320218509069275,1.4958229182483422,0.6817877451321913,0.8728224343496536
56,5,id_test,label_conditional,size_weighted,0.9059011433982024,1.5474451857582363,0.4525548142417637,0.8916502177941655,0.9289323979598222,1.605018080396303,1.4724812550799173,0.7181142433135843,0.8649872058409361
56,5,id_test,marginal,equal_pair,0.920368271541395,1.5429892408717711,0.45701075912822897,0.9604189704187459,0.8483680275158513,1.5386833395010335,1.5657161772168502,0.9063404528478056,0.6070994632416704
56,5,id_test,marginal,size_weighted,0.9168907350289266,1.514318601047929,0.4856813989520711,0.9535419953243707,0.8578707763021244,1.510809205877655,1.5308429967640602,0.8995375299822361,0.6731526915143672
56,5,ood_test,label_conditional,equal_pair,0.8894137323903006,1.5410900615513505,0.4589099384486492,0.9036170129177692,0.8619971839205323,1.5892787752077249,1.466292181648459,0.7157357757167588,0.7738009376578264
56,5,ood_test,label_conditional,size_weighted,0.8862198497429814,1.4987149070778965,0.5012850929221035,0.9138448565781151,0.8306407158287384,1.5392685453328256,1.4418342803111646,0.7655601382324343,0.7407138462593226
56,5,ood_test,marginal,equal_pair,0.9094203184644221,1.5137313774214651,0.48626862257853504,0.9736893508331647,0.7864401324698163,1.5020156815549077,1.5513151041431676,0.9372433347269516,0.5302963769569533
56,5,ood_test,marginal,size_weighted,0.8963028865164097,1.4654013444049032,0.5345986555950969,0.9706849285353549,0.7596656892409068,1.4526842954857735,1.5013479278360171,0.9334172856020561,0.5559085121043218
56,6,id_test,label_conditional,equal_pair,0.8989407921885044,1.530779473728825,0.46922052627117494,0.9005490748225894,0.8828889957199338,1.5889193651094462,1.4624013706431296,0.7563802756899218,0.7624769069881102
56,6,id_test,label_conditional,size_weighted,0.907727640650151,1.5314565138917453,0.46854348610825464,0.9083478751520387,0.9003801643973228,1.5976472426588828,1.4510048808834828,0.7676622834669218,0.80756180963978
56,6,id_test,marginal,equal_pair,0.906631417347656,1.4862813858448796,0.5137186141551203,0.9750270313201553,0.7821315748834051,1.4806624437599671,1.5127090434523711,0.9500214817611131,0.5433984038558393
56,6,id_test,marginal,size_weighted,0.9094024436267011,1.4890187290653307,0.5109812709346692,0.9721566383988111,0.8095682108370608,1.488214412467742,1.5002144540730684,0.9450990579556654,0.6196035117445826
56,6,ood_test,label_conditional,equal_pair,0.8799301459013448,1.5224490590046156,0.47755094099538437,0.8618157518533841,0.8996895125082519,1.5723998993505417,1.4575673981076431,0.646304310732236,0.8053138353039242
56,6,ood_test,label_conditional,size_weighted,0.8879992091735864,1.518189007512851,0.4818109924871491,0.8754495704132049,0.8973518138501395,1.5644733399036574,1.4587043789040186,0.6781059994297005,0.7985465775134117
56,6,ood_test,marginal,equal_pair,0.9085672394262347,1.5187539860259385,0.4812460139740614,0.9612001441572288,0.7984964008756945,1.5107729990579326,1.5502233160355017,0.9068115049388159,0.5261130536238432
56,6,ood_test,marginal,size_weighted,0.9040134440490313,1.498220640569395,0.501779359430605,0.9574344183542005,0.8014696696903876,1.4905553540111725,1.5256137566262828,0.9008364053341608,0.5773680715693954
56,7,id_test,label_conditional,equal_pair,0.9042721840995961,1.5408754478235314,0.4591245521764686,0.8819704727598574,0.9314662144862977,1.5925462389502625,1.4630619869128507,0.7077248180906718,0.8548873645599482
56,7,id_test,label_conditional,size_weighted,0.905932657525936,1.526123605650336,0.4738763943496639,0.881639964165381,0.9348599989095593,1.5806033914880349,1.4536319160722528,0.7126173620281517,0.868802059779036
56,7,id_test,marginal,equal_pair,0.9088041311479833,1.5198927121429477,0.48010728785705237,0.9641851988610858,0.8109595775033727,1.5025252903509,1.552398512451791,0.9289551177890518,0.5345523389925987
56,7,id_test,marginal,size_weighted,0.9087980923655373,1.5045422327138323,0.49545776728616786,0.9603750735579741,0.8258735800523687,1.4857667519173088,1.534217234392621,0.9213090268347264,0.6145258432806421
56,7,ood_test,label_conditional,equal_pair,0.8780093374949896,1.5740087021989468,0.42599129780105294,0.8370906523297993,0.9382775833462839,1.644576268042608,1.4635081978958244,0.5413745626343186,0.8744981662603046
56,7,ood_test,label_conditional,size_weighted,0.8740608936338474,1.5501186239620404,0.4498813760379597,0.8288864813372714,0.941351594201743,1.6219174393439195,1.4421056257089377,0.5408068216240941,0.8904217724636203
56,7,ood_test,marginal,equal_pair,0.9174970367029831,1.5664680519954148,0.43353194800458517,0.9538456555393832,0.8471530700311545,1.561830549268821,1.585843767243083,0.8755902352830309,0.5657022754773016
56,7,ood_test,marginal,size_weighted,0.9147884539343614,1.544286279161724,0.455713720838276,0.9488106477271248,0.851421879924326,1.5422256598758053,1.5586033978378333,0.8620804966080949,0.639981684331593
56,8,id_test,label_conditional,equal_pair,0.8894351341784853,1.4947984601013793,0.5052015398986208,0.8939040874669091,0.8744437826846682,1.5629865989647984,1.4141239075275975,0.7434779595649161,0.796058817188007
56,8,id_test,label_conditional,size_weighted,0.8972925460683023,1.4971895828099409,0.5028104171900593,0.893359038947882,0.8980303886958261,1.5759708047267433,1.3969440958804926,0.7363547853963307,0.8461118887095508
56,8,id_test,marginal,equal_pair,0.8911228447010511,1.4415990176990752,0.5584009823009249,0.9611284517185532,0.7732460089018789,1.4350723491428659,1.471836493294226,0.9344835676250349,0.5094538910275005
56,8,id_test,marginal,size_weighted,0.8931866930807568,1.4350402688500972,0.5649597311499026,0.9574381048322108,0.7953873845352899,1.434307277308226,1.4454495756362877,0.9273106038357346,0.6014525229683287
56,8,ood_test,label_conditional,equal_pair,0.8795884184891667,1.495794616598306,0.5042053834016939,0.883405166790083,0.8551710789295446,1.5378693766868905,1.4382168601798127,0.6891450204612243,0.7449780512224257
56,8,ood_test,label_conditional,size_weighted,0.8798932384341637,1.4808224594701462,0.5191775405298537,0.8845138120256585,0.8582843791166213,1.5207819872983805,1.4294600067905068,0.70285716848125,0.7618368308942189
56,8,ood_test,marginal,equal_pair,0.8847288461023024,1.4511744200274326,0.5488255799725672,0.9544390332840691,0.7475908238917168,1.4413515631439529,1.4807387875533478,0.9167464700265577,0.46377608360688644
56,8,ood_test,marginal,size_weighted,0.8791024120205615,1.4229932779754844,0.5770067220245156,0.9514162166848256,0.745694798819288,1.4121120075207152,1.4530170895852974,0.910626642269768,0.5156275979353964
56,9,id_test,label_conditional,equal_pair,0.9171962166025158,1.6099737247275516,0.3900262752724486,0.9257241893870063,0.9153071917379607,1.6646435864088533,1.5326070482311533,0.7148128205938392,0.8443849015558343
56,9,id_test,label_conditional,size_weighted,0.9140346648737467,1.5683703949389054,0.43162960506109455,0.9275789593210046,0.9016508481843846,1.6251311708703016,1.4930499193111972,0.7693523008847116,0.8195880138550473
56,9,id_test,marginal,equal_pair,0.9136025368857816,1.5151454292091369,0.4848545707908633,0.9804792452563258,0.8022926659403219,1.5028539102009657,1.5495867765374645,0.96348525450434,0.4940359582263134
56,9,id_test,marginal,size_weighted,0.9117193529284295,1.5040940684349315,0.49590593156506857,0.9760659082476052,0.8178907026926531,1.4952101412257046,1.5264796121040562,0.9555144447641728,0.5743520172711358
56,9,ood_test,label_conditional,equal_pair,0.9092768884184674,1.6067234292461525,0.3932765707538473,0.9135585872361802,0.9031727123757628,1.6545742921523303,1.5302294987130975,0.646979392520092,0.8170132561526211
56,9,ood_test,label_conditional,size_weighted,0.9022340846184262,1.5563463819691579,0.44365361803084225,0.9161150828259456,0.8764194791896305,1.596946138828525,1.4954148419684352,0.7169699695461658,0.7794614079526595
56,9,ood_test,marginal,equal_pair,0.9195207564824361,1.5421949033438929,0.4578050966561072,0.9686120857963996,0.8271135467855405,1.527193976992295,1.5884532076465794,0.9248732384991745,0.5302146310095658
56,9,ood_test,marginal,size_weighted,0.9082641360221432,1.5011862396204034,0.4988137603795967,0.9656183688754104,0.804062728522425,1.4862951193723342,1.5412064724012182,0.9214791036790825,0.5655799451525614
