horizon_day,domain,conformal_method,aggregation,metric,n_repeats,mean,sd,min,q25,median,q75,max
14,id_test,label_conditional,equal_pair,coverage,10,0.9052576127954011,0.012585261498360428,0.8871066050103343,0.8974642292120418,0.9045969692260463,0.9075958862502034,0.9329860116273065
14,id_test,label_conditional,equal_pair,avg_set_size,10,1.6002003064280856,0.03017522685790669,1.559580085425419,1.5821492229466738,1.5932407204761367,1.60738317719687,1.6650496610715442
14,id_test,label_conditional,equal_pair,singleton_rate,10,0.39979969357191464,0.03017522685790664,0.33495033892845594,0.39261682280312993,0.4067592795238632,0.4178507770533262,0.4404199145745812
14,id_test,label_conditional,equal_pair,class0_coverage,10,0.9141143170984292,0.01845287342453445,0.8848430603427798,0.9038602135167568,0.9122673376480166,0.9282930197563034,0.9437556566048877
14,id_test,label_conditional,equal_pair,class1_coverage,10,0.8890943162418236,0.019357856569083676,0.8571539340248611,0.8802769558020749,0.8916002184240699,0.8996495507089571,0.9190312302460105
14,id_test,label_conditional,equal_pair,class0_avg_set_size,10,1.6258835234234295,0.029275166919003084,1.601100932409412,1.6044398859450406,1.6154115417744506,1.6397550956004285,1.6900898381445453
14,id_test,label_conditional,equal_pair,class1_avg_set_size,10,1.5687789096091236,0.040653489903475996,1.508078036618921,1.5494309209668569,1.5536381340362586,1.5973772521070029,1.6468932803135528
14,id_test,label_conditional,equal_pair,class0_singleton_accuracy,9,0.7484522495272911,0.05408679588190947,0.6660595175698473,0.7329592310508632,0.7462084591940309,0.7932038825481449,0.8183610423686923
14,id_test,label_conditional,equal_pair,class1_singleton_accuracy,9,0.7403410412546437,0.04546093627190285,0.6799130933285888,0.7065880989972659,0.7599449126793567,0.7729668122128174,0.7993499534205255
14,id_test,label_conditional,size_weighted,coverage,10,0.9030218216678871,0.009850654927334536,0.8894252538108597,0.8964737898178095,0.9028958681465913,0.9058129154979271,0.9235242122143604
14,id_test,label_conditional,size_weighted,avg_set_size,10,1.577528442112874,0.02347948824961566,1.5527820514472637,1.559976212682964,1.5758421955765942,1.5828034130042006,1.6308152752184841
14,id_test,label_conditional,size_weighted,singleton_rate,10,0.4224715578871258,0.023479488249615675,0.3691847247815158,0.41719658699579915,0.4241578044234058,0.4400237873170364,0.44721794855273617
14,id_test,label_conditional,size_weighted,class0_coverage,10,0.9095186952042187,0.018195405045469085,0.8772997857539188,0.9014714501539627,0.9097315467104798,0.9226668293207484,0.9353446093948523
14,id_test,label_conditional,size_weighted,class1_coverage,10,0.8938847589900243,0.012599701626264673,0.8784972951239113,0.8822986173484063,0.8922388910739728,0.9068605949174524,0.9095720555120494
14,id_test,label_conditional,size_weighted,class0_avg_set_size,10,1.6049175447320088,0.025475062658051384,1.5708910819947972,1.5946293634859243,1.5999302877164774,1.6157307812419954,1.6616008023662912
14,id_test,label_conditional,size_weighted,class1_avg_set_size,10,1.5481312148185742,0.027823227557424775,1.5048724933320117,1.5269784137382252,1.5523090451785062,1.5577008253963245,1.6031141070926334
14,id_test,label_conditional,size_weighted,class0_singleton_accuracy,9,0.7540462817389818,0.04664779290613567,0.6757345459743342,0.7395455066193896,0.7565908584898734,0.7960210906575189,0.7989916470568414
14,id_test,label_conditional,size_weighted,class1_singleton_accuracy,9,0.7599696890282206,0.03339518436480852,0.7111398926082524,0.7376290212376255,0.7522826975252124,0.7881714610529779,0.8156423534088809
14,id_test,marginal,equal_pair,coverage,10,0.9011394116507763,0.008841117952626694,0.8936876211427435,0.8950372292484179,0.8975398189792403,0.9033610613119164,0.9209631639067494
14,id_test,marginal,equal_pair,avg_set_size,10,1.5562740009063094,0.02899837512293768,1.492162359758193,1.5508064642060482,1.5568403828086805,1.5721004515531092,1.5971526553967477
14,id_test,marginal,equal_pair,singleton_rate,10,0.4437259990936906,0.028998375122937653,0.40284734460325217,0.42789954844689104,0.44315961719131974,0.44919353579395194,0.507837640241807
14,id_test,marginal,equal_pair,class0_coverage,10,0.9402911030992789,0.012257330591467339,0.9192805180027486,0.9333219520322565,0.9412463989899632,0.9495366914867459,0.9580217575020692
14,id_test,marginal,equal_pair,class1_coverage,10,0.8231331643250879,0.02010328507950679,0.7971126493882779,0.8092091748842684,0.8222310132512592,0.8369542144969195,0.8577797716237909
14,id_test,marginal,equal_pair,class0_avg_set_size,10,1.554855057896023,0.03677557363833482,1.471854031340956,1.5505261652646398,1.5572368748974372,1.578866299607936,1.5957459678676127
14,id_test,marginal,equal_pair,class1_avg_set_size,10,1.576880376287649,0.025828974171438968,1.5454898195716855,1.557283008502104,1.5721939480351321,1.596285953960175,1.6225135616501163
14,id_test,marginal,equal_pair,class0_singleton_accuracy,10,0.8570354003473195,0.03233493397451356,0.7966655234174335,0.8313167683443285,0.8698115464414471,0.8762295224841701,0.8983807150143946
14,id_test,marginal,equal_pair,class1_singleton_accuracy,10,0.5225052377509132,0.026851934512042493,0.4720214714301425,0.505209043003001,0.5230659255134693,0.5417874158014524,0.5582941757823403
14,id_test,marginal,size_weighted,coverage,10,0.9007139384514987,0.008538801662414773,0.8888602887321857,0.8972704244359568,0.899063126940266,0.9022360437418874,0.9213620512087629
14,id_test,marginal,size_weighted,avg_set_size,10,1.5477700187682832,0.025778094301763078,1.5144302078468215,1.5278608556229325,1.5486932417200565,1.5601345950433194,1.6007099595768124
14,id_test,marginal,size_weighted,singleton_rate,10,0.45222998123171665,0.025778094301763067,0.39929004042318755,0.43986540495668086,0.4513067582799435,0.47213914437706744,0.4855697921531786
14,id_test,marginal,size_weighted,class0_coverage,10,0.9330986601877933,0.013153047065695493,0.9109665134704011,0.9245860343118014,0.936764102651793,0.9422473171616352,0.9508384346635523
14,id_test,marginal,size_weighted,class1_coverage,10,0.8463753593674517,0.014550477056239462,0.8308516685381347,0.8347935293704944,0.8411063401359637,0.8584108758571567,0.8730414595975406
14,id_test,marginal,size_weighted,class0_avg_set_size,10,1.5476574074650624,0.032146385929154496,1.4998825079701332,1.5222019095775352,1.5481656432138746,1.5709285498387415,1.6038056927051738
14,id_test,marginal,size_weighted,class1_avg_set_size,10,1.5626696047363855,0.023678706833225913,1.526402378380221,1.5512585890637982,1.5581634237931454,1.5730593255394267,1.6127933091656088
14,id_test,marginal,size_weighted,class0_singleton_accuracy,10,0.842958849555815,0.03372700922230576,0.7793376966875434,0.8152330179782371,0.861354938973846,0.8637324088541516,0.8840798109602384
14,id_test,marginal,size_weighted,class1_singleton_accuracy,10,0.6080327674840521,0.024782342934763876,0.5656824989988429,0.5942416180685649,0.6087232157501419,0.6194118030617892,0.6440380349388151
14,ood_test,label_conditional,equal_pair,coverage,10,0.8901260649406273,0.00982615004403104,0.8757203136132656,0.8829592421340284,0.8907727449840612,0.8964160979878995,0.9059132974796648
14,ood_test,label_conditional,equal_pair,avg_set_size,10,1.5957073933643604,0.022728948195290873,1.5661101488607476,1.5830951030437357,1.5899281616031555,1.607951738546728,1.6432538792942202
14,ood_test,label_conditional,equal_pair,singleton_rate,10,0.40429260663563954,0.022728948195290814,0.35674612070578005,0.39204826145327226,0.4100718383968446,0.4169048969562642,0.4338898511392524
14,ood_test,label_conditional,equal_pair,class0_coverage,10,0.9183146524812391,0.01426575979212689,0.8976553033865086,0.90814887701773,0.9169043319369564,0.9284961589026142,0.9388410218884267
14,ood_test,label_conditional,equal_pair,class1_coverage,10,0.844778265430788,0.013247072686846054,0.8178463123345385,0.84025696529818,0.8464437323711318,0.8504172744700385,0.8683703618714149
14,ood_test,label_conditional,equal_pair,class0_avg_set_size,10,1.593428469522594,0.021847807925086938,1.558995706055299,1.5831501670959025,1.5920518093028087,1.5979369049678045,1.640863998613758
14,ood_test,label_conditional,equal_pair,class1_avg_set_size,10,1.5988623625922236,0.03163328225963153,1.5605598468824122,1.5741424563827968,1.5943822426501089,1.6210007245944813,1.6510280074969867
14,ood_test,label_conditional,equal_pair,class0_singleton_accuracy,10,0.7589339430441094,0.03961901750796295,0.6867571125578926,0.7399208052012057,0.7621769971917005,0.7839489994853349,0.8235887439086773
14,ood_test,label_conditional,equal_pair,class1_singleton_accuracy,10,0.6342573324415726,0.04676875930310994,0.5743810103484194,0.5870924617546305,0.6493726548121265,0.6698693516147098,0.699901182165857
14,ood_test,label_conditional,size_weighted,coverage,10,0.8843167110772745,0.011651574469360375,0.8670536733917016,0.8763085268366959,0.8854682146935668,0.892153597259231,0.8996954701180053
14,ood_test,label_conditional,size_weighted,avg_set_size,10,1.5620860296916637,0.025246944074711532,1.5269318614389036,1.5408498287019414,1.5627141225732775,1.5790112295393985,1.6026836695850781
14,ood_test,label_conditional,size_weighted,singleton_rate,10,0.4379139703083365,0.025246944074711525,0.397316330414922,0.42098877046060146,0.43728587742672254,0.45915017129805863,0.4730681385610963
14,ood_test,label_conditional,size_weighted,class0_coverage,10,0.9207399781532244,0.013699038874690353,0.9008192718952044,0.9113720227484363,0.9181526619064173,0.9344893424661821,0.9378568325496693
14,ood_test,label_conditional,size_weighted,class1_coverage,10,0.8249686720594042,0.020828468576098703,0.7984860112444628,0.8095671714216952,0.8240516276476577,0.8409250797281778,0.85405785133845
14,ood_test,label_conditional,size_weighted,class0_avg_set_size,10,1.5553174208366838,0.02470401449889646,1.5149736890691263,1.5370233762346164,1.5557613787955775,1.5716172994839392,1.595394480395073
14,ood_test,label_conditional,size_weighted,class1_avg_set_size,10,1.5734795311789485,0.032142970874296656,1.5237279917953872,1.5471607633684545,1.5750262695122421,1.6003760916750305,1.619331886080006
14,ood_test,label_conditional,size_weighted,class0_singleton_accuracy,10,0.7933015654985092,0.03180402362927614,0.7344689037385728,0.7760005674232355,0.7951369946405946,0.8226733152935681,0.8295525907414023
14,ood_test,label_conditional,size_weighted,class1_singleton_accuracy,10,0.6185880568092077,0.0348272604700023,0.5559658473624102,0.5980570559868753,0.6198254517863099,0.6505144811081285,0.6611587600957914
14,ood_test,marginal,equal_pair,coverage,10,0.8889673764775597,0.008432828434737595,0.8708735469041935,0.8854007680243989,0.8896754682318991,0.8931095268750985,0.9021942525205695
14,ood_test,marginal,equal_pair,avg_set_size,10,1.5545896263951255,0.02699170801337014,1.4907941744728972,1.5448978471844785,1.5630860543908744,1.5667863141376106,1.5934058520033298
14,ood_test,marginal,equal_pair,singleton_rate,10,0.4454103736048742,0.02699170801337011,0.40659414799667026,0.43321368586238923,0.4369139456091256,0.4551021528155213,0.5092058255271028
14,ood_test,marginal,equal_pair,class0_coverage,10,0.9468582358300717,0.0056532704123960255,0.938126231468493,0.9419935653584337,0.9477253915379964,0.9497337473648935,0.9549953704699448
14,ood_test,marginal,equal_pair,class1_coverage,10,0.778297347359101,0.02335224772897056,0.727676039246705,0.7664083293265495,0.7883473427778014,0.7937455691979299,0.8015575620730865
14,ood_test,marginal,equal_pair,class0_avg_set_size,10,1.5331509860711443,0.02881260768702708,1.4648946938205114,1.5263585746742134,1.5359318533681365,1.5476028864533964,1.5730284479289134
14,ood_test,marginal,equal_pair,class1_avg_set_size,10,1.5986579031130614,0.026230719191545335,1.5403102395733992,1.5911447029686026,1.6009281773874,1.6135552874304768,1.6364787312616116
14,ood_test,marginal,equal_pair,class0_singleton_accuracy,10,0.8721703173850985,0.014584941490279859,0.8494353720617612,0.8595703553389072,0.8755007663451645,0.8824520079485,0.8951446912744166
14,ood_test,marginal,equal_pair,class1_singleton_accuracy,10,0.4284229676656916,0.023692733997703882,0.39398000911340014,0.4112560968409919,0.4291105591394231,0.4412201747902028,0.4704144039693861
14,ood_test,marginal,size_weighted,coverage,10,0.8807670346402741,0.00907449889657471,0.8726684430909784,0.8735249333840882,0.8774743052912066,0.8850399695470118,0.896745336886182
14,ood_test,marginal,size_weighted,avg_set_size,10,1.526741530262657,0.024834956970666143,1.4975256947087934,1.5134183479253902,1.5176532165968786,1.5380900266463646,1.5749904834411876
14,ood_test,marginal,size_weighted,singleton_rate,10,0.4732584697373429,0.024834956970666153,0.4250095165588123,0.4619099733536354,0.4823467834031214,0.4865816520746098,0.5024743052912067
14,ood_test,marginal,size_weighted,class0_coverage,10,0.9430983559972386,0.0058172125826516236,0.9361731407369198,0.9378496278929088,0.9428967701271838,0.946794343906047,0.9516925249948065
14,ood_test,marginal,size_weighted,class1_coverage,10,0.7701619036599234,0.021281524206838556,0.7404908934496585,0.7563937928045769,0.7639597274788107,0.7866675995874363,0.8076046868790993
14,ood_test,marginal,size_weighted,class0_avg_set_size,10,1.5021988320475557,0.026525550453766894,1.4685738345445933,1.4876742986982419,1.4923130812227954,1.519229371380468,1.5520151710316294
14,ood_test,marginal,size_weighted,class1_avg_set_size,10,1.5731324900207766,0.025198049381807912,1.5435164428701587,1.553077534918865,1.5683966625143457,1.5812036665124198,1.6184474310486305
14,ood_test,marginal,size_weighted,class0_singleton_accuracy,10,0.8660842277574095,0.013582613119341395,0.84557310416641,0.855857092162153,0.8656145216776407,0.8762088787200568,0.8872003618451807
14,ood_test,marginal,size_weighted,class1_singleton_accuracy,10,0.470674076161336,0.02277300511751914,0.4345510735517649,0.45734266414125735,0.46883726463743775,0.486460981058198,0.5098398670931195
56,id_test,label_conditional,equal_pair,coverage,10,0.900479658861601,0.010425389176535911,0.878775903844539,0.8975039786043848,0.9039694116129895,0.9048143354890079,0.9171962166025158
56,id_test,label_conditional,equal_pair,avg_set_size,10,1.5523105456883477,0.033866298729175494,1.4947984601013793,1.5322296589340254,1.554141459118307,1.5745394462348066,1.6099737247275516
56,id_test,label_conditional,equal_pair,singleton_rate,10,0.4476894543116522,0.0338662987291755,0.3900262752724486,0.4254605537651934,0.4458585408816932,0.4677703410659745,0.5052015398986208
56,id_test,label_conditional,equal_pair,class0_coverage,10,0.8962404056844198,0.018078352445912577,0.862428608489,0.8902016128035485,0.894014648602375,0.9004459312652731,0.9257241893870063
56,id_test,label_conditional,equal_pair,class1_coverage,10,0.9046426149964615,0.020738494905251897,0.8744437826846682,0.8870848095123094,0.9057076582954575,0.9150420353936219,0.9354026837310919
56,id_test,label_conditional,equal_pair,class0_avg_set_size,10,1.6066108480874555,0.0309693626941398,1.5629865989647984,1.587469476145267,1.6038799083578354,1.626613540119799,1.6646435864088533
56,id_test,label_conditional,equal_pair,class1_avg_set_size,10,1.479398596550421,0.039721922670796744,1.4141239075275975,1.46256652471056,1.4727200113824366,1.5090417713737718,1.5328149988353086
56,id_test,label_conditional,equal_pair,class0_singleton_accuracy,10,0.7024583103267015,0.04309487406178539,0.6432282594514567,0.6653477199993391,0.7018780763139153,0.7363116748221469,0.7654971186657098
56,id_test,label_conditional,equal_pair,class1_singleton_accuracy,10,0.8110140591881251,0.056896709120087714,0.6746444386712689,0.8020082814438141,0.8245840423462444,0.8422489185830518,0.8728224343496536
56,id_test,label_conditional,size_weighted,coverage,10,0.900939207149707,0.010042036427540535,0.8809822657078339,0.8984348947044898,0.9044803371816772,0.9059247789940026,0.9140346648737467
56,id_test,label_conditional,size_weighted,avg_set_size,10,1.5269700815704759,0.027951970998795483,1.4846134334119123,1.5044230885200396,1.5353967739040444,1.543769290313917,1.5683703949389054
56,id_test,label_conditional,size_weighted,singleton_rate,10,0.4730299184295241,0.027951970998795542,0.43162960506109455,0.4562307096860828,0.4646032260959557,0.4955769114799604,0.5153865665880877
56,id_test,label_conditional,size_weighted,class0_coverage,10,0.896509637880194,0.01927306250385894,0.8615492926534709,0.8870537255341884,0.8925046283710238,0.9072143400047147,0.9275789593210046
56,id_test,label_conditional,size_weighted,class1_coverage,10,0.905324210218715,0.017264922990814127,0.8783650147876212,0.8986178326212002,0.9025278292747976,0.9126533452970558,0.9348599989095593
56,id_test,label_conditional,size_weighted,class0_avg_set_size,10,1.5845841113900696,0.028440472180198278,1.5361608456233669,1.577128951417066,1.587265042315311,1.603175370961948,1.6251311708703016
56,id_test,label_conditional,size_weighted,class1_avg_set_size,10,1.4531121158618654,0.03391676807258023,1.3969440958804926,1.424836413832381,1.4572474032592782,1.4802559874761485,1.4930499193111972
56,id_test,label_conditional,size_weighted,class0_singleton_accuracy,10,0.73538448370796,0.03274865055460291,0.6849158562103393,0.7139915823495099,0.730116258147985,0.759835408949274,0.793544442697813
56,id_test,label_conditional,size_weighted,class1_singleton_accuracy,10,0.8249533340458965,0.036357105452947736,0.7404610957802995,0.8128824126143602,0.8266586431131548,0.8440981086389652,0.868802059779036
56,id_test,marginal,equal_pair,coverage,10,0.904251438006207,0.011664031931214739,0.8872400574677667,0.8936221180162823,0.9061080718102497,0.9124029354513321,0.920368271541395
56,id_test,marginal,equal_pair,avg_set_size,10,1.496239005676963,0.03841794211679673,1.4302880802272466,1.4827783455464225,1.4991815688844103,1.518705891409495,1.5462203875588172
56,id_test,marginal,equal_pair,singleton_rate,10,0.5037609943230368,0.038417942116796715,0.4537796124411828,0.4812941085905051,0.5008184311155898,0.5172216544535775,0.5697119197727534
56,id_test,marginal,equal_pair,class0_coverage,10,0.9634863275576959,0.008237579059296521,0.9551951678550061,0.9585117626511395,0.9607737110686496,0.964699551483572,0.9804792452563258
56,id_test,marginal,equal_pair,class1_coverage,10,0.8012466889645655,0.028323814705058674,0.765351814488968,0.7805557797350701,0.7994381237445602,0.8102520792994096,0.8483680275158513
56,id_test,marginal,equal_pair,class0_avg_set_size,10,1.4863921393672892,0.041870852893584824,1.4056686486032501,1.466897280198669,1.498010367351453,1.5081744200539304,1.5386833395010335
56,id_test,marginal,equal_pair,class1_avg_set_size,10,1.525323868677103,0.037377535762570926,1.471836493294226,1.4940720403646197,1.5239561669653146,1.5516955784732094,1.5825826194817434
56,id_test,marginal,equal_pair,class0_singleton_accuracy,10,0.9272111115703933,0.01832499058215824,0.9062407354134245,0.9156177858359839,0.9245201935728877,0.9331014551660392,0.96348525450434
56,id_test,marginal,equal_pair,class1_singleton_accuracy,9,0.5321984576655298,0.034933197901056416,0.4940359582263134,0.5094538910275005,0.5186435874555355,0.5433984038558393,0.6070994632416704
56,id_test,marginal,size_weighted,coverage,10,0.9024224502613551,0.011400610892434836,0.8861805662059001,0.8927054322273762,0.9073621619402759,0.9111401256029974,0.9168907350289266
56,id_test,marginal,size_weighted,avg_set_size,10,1.4781571458807143,0.0333213922606072,1.415140668861639,1.4634650301313357,1.4854823613623074,1.504430191644107,1.514318601047929
56,id_test,marginal,size_weighted,singleton_rate,10,0.5218428541192855,0.03332139226060714,0.4856813989520711,0.49556980835589304,0.5145176386376924,0.5365349698686644,0.584859331138361
56,id_test,marginal,size_weighted,class0_coverage,10,0.9589357360799283,0.00891696878074267,0.9492748456525523,0.9533268315852339,0.9569835177475747,0.960618218486764,0.9760659082476052
56,id_test,marginal,size_weighted,class1_coverage,10,0.8155840466294497,0.022611607463128423,0.7872065949235519,0.7970359081319892,0.813729456764857,0.8268859562322811,0.8578707763021244
56,id_test,marginal,size_weighted,class0_avg_set_size,10,1.4691690285632306,0.035840834139633175,1.3923075501963373,1.450907899313095,1.480362466524959,1.493461209036214,1.510809205877655
56,id_test,marginal,size_weighted,class1_avg_set_size,10,1.5003010531583303,0.03386912098078174,1.4454495756362877,1.4723122969124098,1.503327070482047,1.5297521505990592,1.5376036092092658
56,id_test,marginal,size_weighted,class0_singleton_accuracy,10,0.9207570427976688,0.018072112665075576,0.8991285176794404,0.9120925150796481,0.91715153510495,0.9258102095854825,0.9555144447641728
56,id_test,marginal,size_weighted,class1_singleton_accuracy,9,0.6065490046288832,0.032551611732852995,0.5743520172711358,0.5780620522907058,0.6014525229683287,0.6196035117445826,0.6731526915143672
56,ood_test,label_conditional,equal_pair,coverage,10,0.8893517564294232,0.010569513001034798,0.8769071789082089,0.8796738503422112,0.8916442378317246,0.8946515331672641,0.9092768884184674
56,ood_test,label_conditional,equal_pair,avg_set_size,10,1.5463533614545097,0.031218551009664086,1.495794616598306,1.5271093096412993,1.5488698256167415,1.5566485523437457,1.6067234292461525
56,ood_test,label_conditional,equal_pair,singleton_rate,10,0.45364663854549014,0.031218551009664135,0.3932765707538473,0.44335144765625445,0.4511301743832584,0.47289069035870057,0.5042053834016939
56,ood_test,label_conditional,equal_pair,class0_coverage,10,0.8869899925745784,0.023333292665534085,0.8370906523297993,0.8782911201994438,0.8927135343257175,0.9035535853603944,0.9135585872361802
56,ood_test,label_conditional,equal_pair,class1_coverage,10,0.8851548812968751,0.024270973562872656,0.8551710789295446,0.8711579263933297,0.879312124016,0.8975563754764994,0.9382775833462839
56,ood_test,label_conditional,equal_pair,class0_avg_set_size,10,1.596052911361159,0.03498067747164478,1.5378693766868905,1.5766196183148375,1.5960153055550037,1.6035354836332913,1.6545742921523303
56,ood_test,label_conditional,equal_pair,class1_avg_set_size,10,1.4721078272768235,0.026638125050777364,1.4382168601798127,1.4590525980546885,1.4701421918780775,1.4823487642531386,1.5302294987130975
56,ood_test,label_conditional,equal_pair,class0_singleton_accuracy,10,0.6489820198185037,0.04515140204124994,0.5413745626343186,0.6413888870475302,0.6507410655867434,0.6636463330025851,0.7157357757167588
56,ood_test,label_conditional,equal_pair,class1_singleton_accuracy,10,0.7919698063319556,0.04635327132295066,0.702796625117647,0.7761531214383439,0.7969208120078404,0.8146687628058851,0.8744981662603046
56,ood_test,label_conditional,size_weighted,coverage,10,0.8841933570581257,0.008366368141476066,0.872479240806643,0.880016805061289,0.8858738631870304,0.8865905496243575,0.9022340846184262
56,ood_test,label_conditional,size_weighted,avg_set_size,10,1.505367734282325,0.028428916014100938,1.4682680901542111,1.4913503361012257,1.4969849742981416,1.51428430209569,1.5563463819691579
56,ood_test,label_conditional,size_weighted,singleton_rate,10,0.4946322657176749,0.02842891601410088,0.44365361803084225,0.48571569790431,0.5030150257018584,0.5086496638987742,0.5317319098457889
56,ood_test,label_conditional,size_weighted,class0_coverage,10,0.8903621268577234,0.025716526417316744,0.8288864813372714,0.8837667052157756,0.8932359383054826,0.9100316024604442,0.9161150828259456
56,ood_test,label_conditional,size_weighted,class1_coverage,10,0.8631395779527079,0.034191838376834725,0.8306407158287384,0.8429545325826573,0.8521464352966255,0.8726758190471113,0.941351594201743
56,ood_test,label_conditional,size_weighted,class0_avg_set_size,10,1.5496618244429154,0.035104899793555154,1.5102123623549288,1.5293272521734256,1.538689227488364,1.5593988038738962,1.6219174393439195
56,ood_test,label_conditional,size_weighted,class1_avg_set_size,10,1.4439436827499195,0.022951934510760844,1.4095393094083848,1.4313208518887994,1.4419699530100512,1.4502131396543252,1.4954148419684352
56,ood_test,label_conditional,size_weighted,class0_singleton_accuracy,10,0.6973740626434494,0.059924429374957656,0.5408068216240941,0.6970534061478627,0.7107685292716996,0.7161959360847103,0.7655601382324343
56,ood_test,label_conditional,size_weighted,class1_singleton_accuracy,10,0.7718957283376506,0.04732428977737251,0.7272668265151345,0.7437776391101214,0.7650838014533059,0.7773823702996043,0.8904217724636203
56,ood_test,marginal,equal_pair,coverage,10,0.905316589081291,0.010733634911589204,0.8847288461023024,0.8994434776675204,0.9073784665228088,0.9108168110723589,0.9195207564824361
56,ood_test,marginal,equal_pair,avg_set_size,10,1.5105444239334562,0.03470065991700834,1.4511744200274326,1.487576855161449,1.5162250256770387,1.5316281288823972,1.5664680519954148
56,ood_test,marginal,equal_pair,singleton_rate,10,0.48945557606654366,0.03470065991700831,0.43353194800458517,0.4683718711176029,0.48377497432296124,0.512423144838551,0.5488255799725672
56,ood_test,marginal,equal_pair,class0_coverage,10,0.9620819193660461,0.007854769938599918,0.9507356254909057,0.9550600713674192,0.9624522433005662,0.9684382746607226,0.9736893508331647
56,ood_test,marginal,equal_pair,class1_coverage,10,0.7948841107302705,0.02903084263511779,0.7475908238917168,0.7779217375751719,0.7926708086166672,0.8066757027123725,0.8471530700311545
56,ood_test,marginal,equal_pair,class0_avg_set_size,10,1.5007656496929866,0.038396829090881164,1.4413515631439529,1.4678847409403604,1.5063943403064202,1.5269467094001505,1.561830549268821
56,ood_test,marginal,equal_pair,class1_avg_set_size,10,1.542575328740438,0.03334851453442643,1.4807387875533478,1.5223711165570288,1.5448950237216614,1.5604526377369,1.5884532076465794
56,ood_test,marginal,equal_pair,class0_singleton_accuracy,10,0.9141047162272363,0.01998559401602112,0.8755902352830309,0.9076009859524621,0.9194072144772332,0.9247343608972878,0.9372433347269516
56,ood_test,marginal,equal_pair,class1_singleton_accuracy,10,0.5167857337188543,0.031592139363642156,0.46377608360688644,0.4949185008596675,0.5276771221114878,0.5302759404701064,0.5657022754773016
56,ood_test,marginal,size_weighted,coverage,10,0.8952352708580467,0.011566146091455459,0.8791024120205615,0.8870848161328588,0.8952649268485567,0.9022093712930013,0.9147884539343614
56,ood_test,marginal,size_weighted,avg_set_size,10,1.4693357058125742,0.03714855695569445,1.4229932779754844,1.4416765519968369,1.4637208382759983,1.492141162514828,1.544286279161724
56,ood_test,marginal,size_weighted,singleton_rate,10,0.5306642941874259,0.03714855695569444,0.455713720838276,0.507858837485172,0.5362791617240016,0.5583234480031632,0.5770067220245156
56,ood_test,marginal,size_weighted,class0_coverage,10,0.9589506895223364,0.008887847204000382,0.9464520188360188,0.9515254532044682,0.9599284035383087,0.9657471820741095,0.9706849285353549
56,ood_test,marginal,size_weighted,class1_coverage,10,0.7771801954718012,0.03383899189778514,0.745694798819288,0.7506013747739511,0.7645495350513296,0.7975123210878785,0.851421879924326
56,ood_test,marginal,size_weighted,class0_avg_set_size,10,1.458717827615085,0.04081655634330962,1.4098443541401173,1.4270218466328743,1.4569965853403228,1.4803762809663792,1.5422256598758053
56,ood_test,marginal,size_weighted,class1_avg_set_size,10,1.4999941765496705,0.034090557723065934,1.4530170895852974,1.474032974246044,1.4974361924796842,1.5203091485828715,1.5586033978378333
56,ood_test,marginal,size_weighted,class0_singleton_accuracy,10,0.9092235338195334,0.02305723549974254,0.8620804966080949,0.9015118626847064,0.9152631224177914,0.9219309925692691,0.9359965244905535
56,ood_test,marginal,size_weighted,class1_singleton_accuracy,10,0.5587360392660112,0.03783187319618212,0.5138669724863622,0.5360822440777946,0.5547259556738174,0.5744210399651869,0.639981684331593
