mapping,scenario_family,conformal_method,alpha,metric,n_repeats,mean,sd,min,q25,median,q75,max
isotonic,none,label_conditional,0.05,coverage,20,0.9713333333333332,0.025964438118003363,0.9066666666666666,0.9566666666666667,0.98,0.9933333333333333,1.0
isotonic,none,label_conditional,0.05,avg_set_size,20,1.8479999999999996,0.10803075152406282,1.6533333333333333,1.7766666666666666,1.8766666666666665,1.9266666666666667,2.0
isotonic,none,label_conditional,0.05,singleton_rate,20,0.152,0.10803075152406282,0.0,0.07333333333333333,0.12333333333333334,0.22333333333333333,0.3466666666666667
isotonic,none,label_conditional,0.05,singleton_accuracy,19,0.8122852653426721,0.12640676595416644,0.4666666666666667,0.7298387096774194,0.8461538461538461,0.901219512195122,1.0
isotonic,none,label_conditional,0.05,class0_coverage,20,0.9657142857142859,0.03876602417870808,0.8761904761904762,0.9380952380952381,0.9857142857142858,0.9904761904761905,1.0
isotonic,none,label_conditional,0.05,class1_coverage,20,0.9844444444444445,0.028016517916281927,0.9111111111111111,0.9777777777777777,1.0,1.0,1.0
isotonic,none,label_conditional,0.05,class0_singleton_accuracy,18,0.5351827154383113,0.4052517562694984,0.0,0.06818181818181818,0.6527777777777777,0.89375,1.0
isotonic,none,label_conditional,0.05,class1_singleton_accuracy,19,0.8767942583732058,0.23128945041742655,0.25,0.8295454545454546,1.0,1.0,1.0
isotonic,none,label_conditional,0.05,empty_rate,20,0.0,0.0,0.0,0.0,0.0,0.0,0.0
isotonic,none,label_conditional,0.1,coverage,20,0.9513333333333331,0.03869811183571006,0.86,0.94,0.9666666666666667,0.98,0.9933333333333333
isotonic,none,label_conditional,0.1,avg_set_size,20,1.6826666666666668,0.13647868972311394,1.4733333333333334,1.5716666666666665,1.67,1.7933333333333332,1.88
isotonic,none,label_conditional,0.1,singleton_rate,20,0.31733333333333336,0.13647868972311394,0.12,0.20666666666666667,0.33,0.42833333333333334,0.5266666666666666
isotonic,none,label_conditional,0.1,singleton_accuracy,20,0.8519154125176908,0.08399809081808599,0.6666666666666666,0.8057140310215725,0.8929623567921441,0.9103896103896103,0.9444444444444444
isotonic,none,label_conditional,0.1,class0_coverage,20,0.9552380952380952,0.04146729961767525,0.8666666666666667,0.9238095238095239,0.9761904761904762,0.9904761904761905,1.0
isotonic,none,label_conditional,0.1,class1_coverage,20,0.9422222222222223,0.057407721812633344,0.7777777777777778,0.9277777777777778,0.9444444444444444,0.9833333333333333,1.0
isotonic,none,label_conditional,0.1,class0_singleton_accuracy,20,0.8251790835481179,0.23045233795391337,0.0,0.8,0.889093137254902,0.9445043103448276,1.0
isotonic,none,label_conditional,0.1,class1_singleton_accuracy,20,0.7706652661064426,0.22823434060077127,0.25,0.6916666666666667,0.8214285714285714,0.96875,1.0
isotonic,none,label_conditional,0.1,empty_rate,20,0.0,0.0,0.0,0.0,0.0,0.0,0.0
isotonic,none,label_conditional,0.2,coverage,20,0.8466666666666667,0.09653651249974816,0.62,0.8133333333333334,0.8733333333333333,0.915,0.9733333333333334
isotonic,none,label_conditional,0.2,avg_set_size,20,1.3703333333333334,0.18447935271717367,1.0,1.25,1.3833333333333333,1.5066666666666666,1.6133333333333333
isotonic,none,label_conditional,0.2,singleton_rate,20,0.6296666666666666,0.18447935271717367,0.38666666666666666,0.49333333333333335,0.6166666666666667,0.75,1.0
isotonic,none,label_conditional,0.2,singleton_accuracy,20,0.7717861395320271,0.08918916751779177,0.62,0.6960685483870968,0.7787121212121212,0.8246325780771586,0.9310344827586207
isotonic,none,label_conditional,0.2,class0_coverage,20,0.8338095238095239,0.14107408550526113,0.5047619047619047,0.8095238095238095,0.8714285714285714,0.9238095238095239,0.9904761904761905
isotonic,none,label_conditional,0.2,class1_coverage,20,0.8766666666666667,0.07646341393905372,0.7111111111111111,0.8222222222222222,0.8888888888888888,0.9333333333333333,1.0
isotonic,none,label_conditional,0.2,class0_singleton_accuracy,20,0.7489632453952866,0.1765317328190346,0.3448275862068966,0.6954545454545454,0.7688834154351396,0.8946835443037975,0.9791666666666666
isotonic,none,label_conditional,0.2,class1_singleton_accuracy,20,0.7618032847975933,0.18662952105210898,0.2727272727272727,0.6296296296296297,0.8389694041867954,0.8839869281045751,1.0
isotonic,none,label_conditional,0.2,empty_rate,20,0.0,0.0,0.0,0.0,0.0,0.0,0.0
isotonic,none,marginal,0.05,coverage,20,0.9596666666666666,0.0288147947704095,0.88,0.945,0.9666666666666667,0.98,1.0
isotonic,none,marginal,0.05,avg_set_size,20,1.6553333333333335,0.13347536294994622,1.3933333333333333,1.5533333333333332,1.6600000000000001,1.7233333333333334,1.9333333333333333
isotonic,none,marginal,0.05,singleton_rate,20,0.3446666666666666,0.13347536294994622,0.06666666666666667,0.27666666666666667,0.33999999999999997,0.44666666666666666,0.6066666666666667
isotonic,none,marginal,0.05,singleton_accuracy,20,0.8940246309901511,0.05348390017067861,0.7428571428571429,0.875201694231545,0.8924606845513413,0.9247638326585695,1.0
isotonic,none,marginal,0.05,class0_coverage,20,0.9842857142857143,0.018865039737853105,0.9238095238095239,0.9714285714285714,0.9904761904761905,1.0,1.0
isotonic,none,marginal,0.05,class1_coverage,20,0.9022222222222223,0.07188178874343949,0.7777777777777778,0.8388888888888889,0.9222222222222223,0.9555555555555556,1.0
isotonic,none,marginal,0.05,class0_singleton_accuracy,20,0.9639822661450733,0.039648014702582876,0.8571428571428571,0.9441655359565807,0.9758720930232558,1.0,1.0
isotonic,none,marginal,0.05,class1_singleton_accuracy,19,0.47402407533986485,0.3064422870406399,0.0,0.26136363636363635,0.42857142857142855,0.6458333333333333,1.0
isotonic,none,marginal,0.05,empty_rate,20,0.0,0.0,0.0,0.0,0.0,0.0,0.0
isotonic,none,marginal,0.1,coverage,20,0.9253333333333332,0.03693522067506555,0.8466666666666667,0.91,0.9233333333333333,0.9483333333333334,1.0
isotonic,none,marginal,0.1,avg_set_size,20,1.4836666666666667,0.13671971584871873,1.3,1.4083333333333332,1.4633333333333334,1.5383333333333333,1.9333333333333333
isotonic,none,marginal,0.1,singleton_rate,20,0.5163333333333333,0.13671971584871873,0.06666666666666667,0.46166666666666667,0.5366666666666666,0.5916666666666667,0.7
isotonic,none,marginal,0.1,singleton_accuracy,20,0.8640290980610834,0.059753349916939875,0.7428571428571429,0.8403191489361702,0.8606701940035273,0.9025925925925926,1.0
isotonic,none,marginal,0.1,class0_coverage,20,0.970952380952381,0.03066280584049956,0.8857142857142857,0.969047619047619,0.9809523809523809,0.9904761904761905,1.0
isotonic,none,marginal,0.1,class1_coverage,20,0.8188888888888888,0.0986655602909362,0.6222222222222222,0.75,0.8222222222222222,0.8888888888888888,1.0
isotonic,none,marginal,0.1,class0_singleton_accuracy,20,0.950942912714033,0.05089788212293186,0.8153846153846154,0.939598880597015,0.9648690292758089,0.9848565924657534,1.0
isotonic,none,marginal,0.1,class1_singleton_accuracy,19,0.47402369825475227,0.2305279094064049,0.07142857142857142,0.30952380952380953,0.5,0.6666666666666666,0.8666666666666667
isotonic,none,marginal,0.1,empty_rate,20,0.0,0.0,0.0,0.0,0.0,0.0,0.0
isotonic,none,marginal,0.2,coverage,20,0.8656666666666666,0.060224725353127596,0.7266666666666667,0.84,0.88,0.9133333333333333,0.9533333333333334
isotonic,none,marginal,0.2,avg_set_size,20,1.2786666666666666,0.12051740307708446,1.0466666666666666,1.2233333333333334,1.2833333333333332,1.3433333333333333,1.5
isotonic,none,marginal,0.2,singleton_rate,20,0.7213333333333335,0.12051740307708447,0.5,0.6566666666666667,0.7166666666666667,0.7766666666666667,0.9533333333333334
isotonic,none,marginal,0.2,singleton_accuracy,20,0.8206419610826075,0.05298914704816376,0.7007299270072993,0.808521331248604,0.830952380952381,0.8456932773109244,0.9066666666666666
isotonic,none,marginal,0.2,class0_coverage,20,0.9571428571428573,0.04022849168367581,0.8761904761904762,0.9214285714285715,0.9761904761904762,0.9904761904761905,1.0
isotonic,none,marginal,0.2,class1_coverage,20,0.6522222222222223,0.14990141876456117,0.37777777777777777,0.6222222222222222,0.6555555555555556,0.75,0.8888888888888888
isotonic,none,marginal,0.2,class0_singleton_accuracy,20,0.9477662929951641,0.04613232722956322,0.8433734939759037,0.9149974450689831,0.9660053929121726,0.9852692018072289,1.0
isotonic,none,marginal,0.2,class1_singleton_accuracy,20,0.3867833324503553,0.19325950949139672,0.07142857142857142,0.27033492822966504,0.36,0.5334224598930482,0.7142857142857143
isotonic,none,marginal,0.2,empty_rate,20,0.0,0.0,0.0,0.0,0.0,0.0,0.0
platt,fixed_count_mcar_like,label_conditional,0.05,coverage,20,0.9613333333333334,0.03183289703016886,0.88,0.9516666666666667,0.97,0.9816666666666667,1.0
platt,fixed_count_mcar_like,label_conditional,0.05,avg_set_size,20,1.7570000000000001,0.11545941794839627,1.5666666666666667,1.65,1.7733333333333334,1.8433333333333333,1.9466666666666668
platt,fixed_count_mcar_like,label_conditional,0.05,singleton_rate,20,0.24299999999999997,0.11545941794839631,0.05333333333333334,0.15666666666666668,0.22666666666666666,0.35000000000000003,0.43333333333333335
platt,fixed_count_mcar_like,label_conditional,0.05,singleton_accuracy,20,0.8475109658661623,0.09019726534478743,0.6666666666666666,0.7826797385620915,0.8535539215686274,0.9135532591414944,1.0
platt,fixed_count_mcar_like,label_conditional,0.05,class0_coverage,20,0.9661904761904762,0.02906425424479462,0.8952380952380953,0.95,0.9809523809523809,0.9833333333333333,1.0
platt,fixed_count_mcar_like,label_conditional,0.05,class1_coverage,20,0.95,0.05578898328765551,0.7777777777777778,0.9111111111111111,0.9777777777777777,0.9833333333333333,1.0
platt,fixed_count_mcar_like,label_conditional,0.05,class0_singleton_accuracy,20,0.8131733309856376,0.20069279761272274,0.2857142857142857,0.7781746031746032,0.8666666666666667,0.9433823529411764,1.0
platt,fixed_count_mcar_like,label_conditional,0.05,class1_singleton_accuracy,20,0.8149922299922301,0.18708307197827823,0.2857142857142857,0.7285714285714285,0.8819444444444444,0.9624999999999999,1.0
platt,fixed_count_mcar_like,label_conditional,0.05,empty_rate,20,0.0,0.0,0.0,0.0,0.0,0.0,0.0
platt,fixed_count_mcar_like,label_conditional,0.1,coverage,20,0.9103333333333332,0.050051435532164394,0.7733333333333333,0.8983333333333333,0.9199999999999999,0.9433333333333334,0.9666666666666667
platt,fixed_count_mcar_like,label_conditional,0.1,avg_set_size,20,1.5086666666666666,0.13729381138010138,1.26,1.4033333333333333,1.4966666666666666,1.58,1.8066666666666666
platt,fixed_count_mcar_like,label_conditional,0.1,singleton_rate,20,0.4913333333333333,0.13729381138010138,0.19333333333333333,0.42,0.5033333333333333,0.5966666666666667,0.74
platt,fixed_count_mcar_like,label_conditional,0.1,singleton_accuracy,20,0.8229068972211577,0.062009340805002484,0.6936936936936937,0.7935139573070608,0.8332450681848272,0.8661184210526316,0.90625
platt,fixed_count_mcar_like,label_conditional,0.1,class0_coverage,20,0.9271428571428573,0.04262258284717465,0.8380952380952381,0.9095238095238095,0.9428571428571428,0.9619047619047619,0.9714285714285714
platt,fixed_count_mcar_like,label_conditional,0.1,class1_coverage,20,0.8711111111111112,0.10537226314432059,0.5555555555555556,0.8222222222222222,0.8777777777777778,0.9388888888888889,1.0
platt,fixed_count_mcar_like,label_conditional,0.1,class0_singleton_accuracy,20,0.8499858687786824,0.08013206697994395,0.6976744186046512,0.7971230158730159,0.8822923816060397,0.9185052399338114,0.95
platt,fixed_count_mcar_like,label_conditional,0.1,class1_singleton_accuracy,20,0.7311016493658,0.17159092821236618,0.3333333333333333,0.6465909090909091,0.746031746031746,0.8398692810457515,1.0
platt,fixed_count_mcar_like,label_conditional,0.1,empty_rate,20,0.0,0.0,0.0,0.0,0.0,0.0,0.0
platt,fixed_count_mcar_like,label_conditional,0.2,coverage,20,0.8216666666666667,0.052576872152878366,0.7133333333333334,0.7916666666666666,0.8366666666666667,0.86,0.8866666666666667
platt,fixed_count_mcar_like,label_conditional,0.2,avg_set_size,20,1.2436666666666665,0.09770405248169102,1.1066666666666667,1.16,1.2266666666666666,1.3033333333333332,1.4933333333333334
platt,fixed_count_mcar_like,label_conditional,0.2,singleton_rate,20,0.7563333333333333,0.09770405248169099,0.5066666666666667,0.6966666666666667,0.7733333333333333,0.84,0.8933333333333333
platt,fixed_count_mcar_like,label_conditional,0.2,singleton_accuracy,20,0.7661371660596397,0.05005127253847136,0.6587301587301587,0.7400640728015601,0.7689393939393939,0.8066416593115622,0.8333333333333334
platt,fixed_count_mcar_like,label_conditional,0.2,class0_coverage,20,0.8423809523809525,0.0575984345572371,0.7142857142857143,0.8166666666666667,0.8523809523809524,0.8785714285714286,0.9333333333333333
platt,fixed_count_mcar_like,label_conditional,0.2,class1_coverage,20,0.7733333333333334,0.10487778710203798,0.5111111111111111,0.7111111111111111,0.8,0.8444444444444444,0.9111111111111111
platt,fixed_count_mcar_like,label_conditional,0.2,class0_singleton_accuracy,20,0.7936797732286408,0.07076878372252414,0.6511627906976745,0.7590996168582376,0.7946961714085001,0.8495798319327731,0.9186046511627907
platt,fixed_count_mcar_like,label_conditional,0.2,class1_singleton_accuracy,20,0.6935226494425601,0.11791537256555346,0.42105263157894735,0.642436974789916,0.6913513513513514,0.772235576923077,0.8709677419354839
platt,fixed_count_mcar_like,label_conditional,0.2,empty_rate,20,0.0,0.0,0.0,0.0,0.0,0.0,0.0
platt,fixed_count_mcar_like,marginal,0.05,coverage,20,0.9383333333333331,0.032435270672922276,0.8466666666666667,0.92,0.94,0.9633333333333334,0.98
platt,fixed_count_mcar_like,marginal,0.05,avg_set_size,20,1.537,0.117627124214091,1.3533333333333333,1.4716666666666667,1.5366666666666666,1.58,1.8066666666666666
platt,fixed_count_mcar_like,marginal,0.05,singleton_rate,20,0.46299999999999997,0.117627124214091,0.19333333333333333,0.42,0.4633333333333334,0.5283333333333333,0.6466666666666666
platt,fixed_count_mcar_like,marginal,0.05,singleton_accuracy,20,0.8720389049660289,0.04402246506554084,0.7578947368421053,0.8409523809523809,0.8789338035811177,0.900609756097561,0.9411764705882353
platt,fixed_count_mcar_like,marginal,0.05,class0_coverage,20,0.9971428571428571,0.005440386386452183,0.9809523809523809,0.9976190476190476,1.0,1.0,1.0
platt,fixed_count_mcar_like,marginal,0.05,class1_coverage,20,0.8011111111111113,0.1068115487789902,0.5111111111111111,0.75,0.8,0.8944444444444444,0.9333333333333333
platt,fixed_count_mcar_like,marginal,0.05,class0_singleton_accuracy,20,0.9952438658958205,0.008818756094536645,0.9746835443037974,0.9965277777777778,1.0,1.0,1.0
platt,fixed_count_mcar_like,marginal,0.05,class1_singleton_accuracy,20,0.12885638906418956,0.13617891465476373,0.0,0.0,0.09545454545454546,0.1823529411764706,0.4444444444444444
platt,fixed_count_mcar_like,marginal,0.05,empty_rate,20,0.0,0.0,0.0,0.0,0.0,0.0,0.0
platt,fixed_count_mcar_like,marginal,0.1,coverage,20,0.8873333333333331,0.039759510981025564,0.7733333333333333,0.87,0.89,0.9099999999999999,0.9466666666666667
platt,fixed_count_mcar_like,marginal,0.1,avg_set_size,20,1.3456666666666666,0.08414065083422528,1.2,1.305,1.3266666666666667,1.3883333333333332,1.5066666666666666
platt,fixed_count_mcar_like,marginal,0.1,singleton_rate,20,0.6543333333333334,0.08414065083422528,0.49333333333333335,0.6116666666666667,0.6733333333333333,0.6950000000000001,0.8
platt,fixed_count_mcar_like,marginal,0.1,singleton_accuracy,20,0.8313299781295342,0.041886429199693306,0.7166666666666667,0.8124224565756825,0.8349170775437024,0.8560382916053019,0.8918918918918919
platt,fixed_count_mcar_like,marginal,0.1,class0_coverage,20,0.9871428571428572,0.014252258234434304,0.9523809523809523,0.9809523809523809,0.9904761904761905,1.0,1.0
platt,fixed_count_mcar_like,marginal,0.1,class1_coverage,20,0.6544444444444444,0.12414228144707584,0.35555555555555557,0.5888888888888889,0.6444444444444445,0.7444444444444445,0.8222222222222222
platt,fixed_count_mcar_like,marginal,0.1,class0_singleton_accuracy,20,0.9824923191765101,0.01961450572888565,0.9354838709677419,0.9733065442020665,0.9870107962213226,1.0,1.0
platt,fixed_count_mcar_like,marginal,0.1,class1_singleton_accuracy,20,0.22782295966483151,0.14860758113380249,0.0,0.08444816053511706,0.23157894736842105,0.36401098901098905,0.42857142857142855
platt,fixed_count_mcar_like,marginal,0.1,empty_rate,20,0.0,0.0,0.0,0.0,0.0,0.0,0.0
platt,fixed_count_mcar_like,marginal,0.2,coverage,20,0.8016666666666665,0.05823425169241413,0.6866666666666666,0.7566666666666667,0.82,0.8416666666666667,0.88
platt,fixed_count_mcar_like,marginal,0.2,avg_set_size,20,1.1203333333333334,0.08942898780400638,1.0,1.0416666666666665,1.13,1.195,1.2533333333333334
platt,fixed_count_mcar_like,marginal,0.2,singleton_rate,20,0.8796666666666667,0.08942898780400638,0.7466666666666667,0.8049999999999999,0.87,0.9583333333333334,1.0
platt,fixed_count_mcar_like,marginal,0.2,singleton_accuracy,20,0.7780605757108658,0.04502958548404853,0.6866666666666666,0.7461203180381262,0.7902798982188295,0.8020943702761885,0.8461538461538461
platt,fixed_count_mcar_like,marginal,0.2,class0_coverage,20,0.9485714285714286,0.03217092434659343,0.8571428571428571,0.9428571428571428,0.9523809523809523,0.9714285714285714,0.9904761904761905
platt,fixed_count_mcar_like,marginal,0.2,class1_coverage,20,0.45888888888888885,0.17035299513060376,0.17777777777777778,0.3222222222222222,0.5111111111111111,0.5833333333333333,0.7333333333333333
platt,fixed_count_mcar_like,marginal,0.2,class0_singleton_accuracy,20,0.9441092125364282,0.033210416854657976,0.8543689320388349,0.9359649122807018,0.9453405017921147,0.9678904170363798,0.9900990099009901
platt,fixed_count_mcar_like,marginal,0.2,class1_singleton_accuracy,20,0.33268694045593455,0.11616231323658391,0.14285714285714285,0.2677556818181818,0.32379032258064516,0.4041666666666667,0.5714285714285714
platt,fixed_count_mcar_like,marginal,0.2,empty_rate,20,0.0,0.0,0.0,0.0,0.0,0.0,0.0
platt,label_independent_measurement_corruption,label_conditional,0.05,coverage,20,0.9380000000000001,0.03186961742192527,0.8533333333333334,0.9316666666666666,0.9433333333333334,0.9550000000000001,0.9866666666666667
platt,label_independent_measurement_corruption,label_conditional,0.05,avg_set_size,20,1.7153333333333332,0.11220490862911404,1.4933333333333334,1.635,1.7333333333333334,1.7933333333333332,1.9133333333333333
platt,label_independent_measurement_corruption,label_conditional,0.05,singleton_rate,20,0.28466666666666673,0.11220490862911407,0.08666666666666667,0.20666666666666667,0.26666666666666666,0.365,0.5066666666666667
platt,label_independent_measurement_corruption,label_conditional,0.05,singleton_accuracy,20,0.7784245250355293,0.07583823200513579,0.6153846153846154,0.7397849462365591,0.7936623125302371,0.8286654135338346,0.8947368421052632
platt,label_independent_measurement_corruption,label_conditional,0.05,class0_coverage,20,0.9461904761904762,0.033031212296823556,0.8476190476190476,0.930952380952381,0.9523809523809523,0.9619047619047619,0.9904761904761905
platt,label_independent_measurement_corruption,label_conditional,0.05,class1_coverage,20,0.918888888888889,0.0696319107087682,0.7333333333333333,0.8833333333333333,0.9444444444444444,0.9611111111111111,1.0
platt,label_independent_measurement_corruption,label_conditional,0.05,class0_singleton_accuracy,20,0.7821679497053349,0.15579579798301216,0.2857142857142857,0.7195740365111563,0.7960662525879918,0.9166666666666666,0.9565217391304348
platt,label_independent_measurement_corruption,label_conditional,0.05,class1_singleton_accuracy,20,0.7112156593406593,0.21264079238177672,0.25,0.575,0.7928571428571429,0.8489010989010989,1.0
platt,label_independent_measurement_corruption,label_conditional,0.05,empty_rate,20,0.0,0.0,0.0,0.0,0.0,0.0,0.0
platt,label_independent_measurement_corruption,label_conditional,0.1,coverage,20,0.8786666666666665,0.04968202988573686,0.7533333333333333,0.8633333333333334,0.8933333333333333,0.9,0.96
platt,label_independent_measurement_corruption,label_conditional,0.1,avg_set_size,20,1.5010000000000001,0.11768279299065716,1.34,1.3866666666666667,1.4933333333333332,1.5983333333333332,1.7
platt,label_independent_measurement_corruption,label_conditional,0.1,singleton_rate,20,0.499,0.11768279299065719,0.3,0.40166666666666667,0.5066666666666666,0.6133333333333333,0.66
platt,label_independent_measurement_corruption,label_conditional,0.1,singleton_accuracy,20,0.7590354267226748,0.06906879832462764,0.6145833333333334,0.7181818181818183,0.7610317975340688,0.7956487956487956,0.8928571428571429
platt,label_independent_measurement_corruption,label_conditional,0.1,class0_coverage,20,0.9028571428571428,0.0494968116115452,0.7619047619047619,0.8904761904761905,0.9095238095238095,0.9357142857142857,0.9714285714285714
platt,label_independent_measurement_corruption,label_conditional,0.1,class1_coverage,20,0.8222222222222222,0.10423146132940954,0.5333333333333333,0.7833333333333333,0.8222222222222222,0.8888888888888888,0.9777777777777777
platt,label_independent_measurement_corruption,label_conditional,0.1,class0_singleton_accuracy,20,0.8086863885077863,0.07991138500193526,0.6376811594202898,0.7597844112769485,0.8048701298701298,0.8794856459330143,0.9210526315789473
platt,label_independent_measurement_corruption,label_conditional,0.1,class1_singleton_accuracy,20,0.6356409670046802,0.16614310148432154,0.27586206896551724,0.5631868131868132,0.6435294117647059,0.7475296442687747,0.9166666666666666
platt,label_independent_measurement_corruption,label_conditional,0.1,empty_rate,20,0.0,0.0,0.0,0.0,0.0,0.0,0.0
platt,label_independent_measurement_corruption,label_conditional,0.2,coverage,20,0.7863333333333334,0.059371956677930715,0.6733333333333333,0.7533333333333333,0.7866666666666666,0.8333333333333334,0.9066666666666666
platt,label_independent_measurement_corruption,label_conditional,0.2,avg_set_size,20,1.2543333333333333,0.10537096818228686,1.12,1.1916666666666667,1.22,1.3433333333333333,1.4866666666666666
platt,label_independent_measurement_corruption,label_conditional,0.2,singleton_rate,20,0.7456666666666666,0.10537096818228689,0.5133333333333333,0.6566666666666667,0.78,0.8083333333333333,0.88
platt,label_independent_measurement_corruption,label_conditional,0.2,singleton_accuracy,20,0.7163926635364326,0.05652758542734983,0.6068376068376068,0.6829803719008265,0.7190924588034743,0.7559583858764186,0.8181818181818182
platt,label_independent_measurement_corruption,label_conditional,0.2,class0_coverage,20,0.8209523809523811,0.0657364388216198,0.6761904761904762,0.8071428571428572,0.8333333333333334,0.8690476190476191,0.9047619047619048
platt,label_independent_measurement_corruption,label_conditional,0.2,class1_coverage,20,0.7055555555555555,0.10666544833612213,0.4222222222222222,0.6611111111111111,0.7,0.7777777777777778,0.9111111111111111
platt,label_independent_measurement_corruption,label_conditional,0.2,class0_singleton_accuracy,20,0.7658402975871146,0.07020852535747327,0.6091954022988506,0.7500463392029657,0.7838414634146342,0.8142512077294686,0.8674698795180723
platt,label_independent_measurement_corruption,label_conditional,0.2,class1_singleton_accuracy,20,0.594507608941555,0.1200084849057689,0.23529411764705882,0.5333333333333333,0.5883458646616542,0.6858062330623307,0.8
platt,label_independent_measurement_corruption,label_conditional,0.2,empty_rate,20,0.0,0.0,0.0,0.0,0.0,0.0,0.0
platt,label_independent_measurement_corruption,marginal,0.05,coverage,20,0.9223333333333334,0.03791495561976992,0.8133333333333334,0.905,0.9299999999999999,0.9416666666666667,0.98
platt,label_independent_measurement_corruption,marginal,0.05,avg_set_size,20,1.5390000000000001,0.10321781885243929,1.3933333333333333,1.45,1.5466666666666666,1.6116666666666668,1.7533333333333334
platt,label_independent_measurement_corruption,marginal,0.05,singleton_rate,20,0.46099999999999997,0.1032178188524393,0.24666666666666667,0.3883333333333333,0.45333333333333337,0.55,0.6066666666666667
platt,label_independent_measurement_corruption,marginal,0.05,singleton_accuracy,20,0.8385062144439113,0.05199277469445338,0.6923076923076923,0.8200187969924811,0.8323970037453183,0.8736812570145903,0.9411764705882353
platt,label_independent_measurement_corruption,marginal,0.05,class0_coverage,20,0.9933333333333334,0.008233378341624945,0.9809523809523809,0.9880952380952381,1.0,1.0,1.0
platt,label_independent_measurement_corruption,marginal,0.05,class1_coverage,20,0.7566666666666667,0.11546442650519742,0.4222222222222222,0.7111111111111111,0.7777777777777778,0.8222222222222222,0.9333333333333333
platt,label_independent_measurement_corruption,marginal,0.05,class0_singleton_accuracy,20,0.9888829189946164,0.013857863916331323,0.9615384615384616,0.9800417587816261,1.0,1.0,1.0
platt,label_independent_measurement_corruption,marginal,0.05,class1_singleton_accuracy,20,0.16785230972730975,0.12820010037512125,0.0,0.06919642857142858,0.16666666666666666,0.2554945054945055,0.4
platt,label_independent_measurement_corruption,marginal,0.05,empty_rate,20,0.0,0.0,0.0,0.0,0.0,0.0,0.0
platt,label_independent_measurement_corruption,marginal,0.1,coverage,20,0.859,0.044447222135422106,0.72,0.855,0.8666666666666667,0.88,0.9266666666666666
platt,label_independent_measurement_corruption,marginal,0.1,avg_set_size,20,1.341,0.08717194140559827,1.16,1.2983333333333333,1.3233333333333333,1.375,1.54
platt,label_independent_measurement_corruption,marginal,0.1,singleton_rate,20,0.659,0.08717194140559824,0.46,0.625,0.6766666666666667,0.7016666666666667,0.84
platt,label_independent_measurement_corruption,marginal,0.1,singleton_accuracy,20,0.7894067095645393,0.04258804116416998,0.6666666666666666,0.7768817204301075,0.798989898989899,0.8138339406559084,0.8607594936708861
platt,label_independent_measurement_corruption,marginal,0.1,class0_coverage,20,0.9733333333333334,0.019688467590363884,0.9333333333333333,0.9619047619047619,0.9666666666666667,0.9904761904761905,1.0
platt,label_independent_measurement_corruption,marginal,0.1,class1_coverage,20,0.5922222222222222,0.11983853117531112,0.2222222222222222,0.55,0.6,0.65,0.7777777777777778
platt,label_independent_measurement_corruption,marginal,0.1,class0_singleton_accuracy,20,0.9637373205765829,0.026303966361650527,0.9195402298850575,0.9456321839080459,0.958492975734355,0.9861992945326279,1.0
platt,label_independent_measurement_corruption,marginal,0.1,class1_singleton_accuracy,20,0.21144475153628473,0.10689963436545466,0.045454545454545456,0.1349206349206349,0.19523809523809524,0.26972624798711753,0.42105263157894735
platt,label_independent_measurement_corruption,marginal,0.1,empty_rate,20,0.0,0.0,0.0,0.0,0.0,0.0,0.0
platt,label_independent_measurement_corruption,marginal,0.2,coverage,20,0.7739999999999999,0.05007129420060935,0.6733333333333333,0.7266666666666667,0.79,0.8133333333333334,0.84
platt,label_independent_measurement_corruption,marginal,0.2,avg_set_size,20,1.1096666666666666,0.0703034359004964,1.0,1.0466666666666666,1.13,1.1466666666666667,1.2266666666666666
platt,label_independent_measurement_corruption,marginal,0.2,singleton_rate,20,0.8903333333333334,0.0703034359004964,0.7733333333333333,0.8533333333333334,0.87,0.9533333333333334,1.0
platt,label_independent_measurement_corruption,marginal,0.2,singleton_accuracy,20,0.7481490644322492,0.0394323986869787,0.6689655172413793,0.7245302013422819,0.7565286276223776,0.772235576923077,0.816793893129771
platt,label_independent_measurement_corruption,marginal,0.2,class0_coverage,20,0.9304761904761906,0.03343700312802499,0.8380952380952381,0.9047619047619048,0.9380952380952381,0.9523809523809523,0.9809523809523809
platt,label_independent_measurement_corruption,marginal,0.2,class1_coverage,20,0.40888888888888886,0.12516915130832462,0.13333333333333333,0.3111111111111111,0.4222222222222222,0.4944444444444444,0.6
platt,label_independent_measurement_corruption,marginal,0.2,class0_singleton_accuracy,20,0.9248123735871877,0.03436479383493058,0.8349514563106796,0.9047619047619048,0.9297989244797755,0.9475054824561403,0.9791666666666666
platt,label_independent_measurement_corruption,marginal,0.2,class1_singleton_accuracy,20,0.2885224535990189,0.10334317538494431,0.09375,0.23444976076555024,0.2698412698412699,0.317923186344239,0.4857142857142857
platt,label_independent_measurement_corruption,marginal,0.2,empty_rate,20,0.0,0.0,0.0,0.0,0.0,0.0,0.0
platt,label_informed_oracle,label_conditional,0.05,coverage,20,0.9410000000000001,0.03173538250791973,0.8666666666666667,0.93,0.9466666666666667,0.9633333333333334,0.98
platt,label_informed_oracle,label_conditional,0.05,avg_set_size,20,1.7630000000000003,0.09657224668821451,1.6066666666666667,1.6916666666666667,1.7833333333333332,1.8366666666666667,1.9266666666666667
platt,label_informed_oracle,label_conditional,0.05,singleton_rate,20,0.23699999999999996,0.09657224668821451,0.07333333333333333,0.16333333333333333,0.21666666666666667,0.30833333333333335,0.3933333333333333
platt,label_informed_oracle,label_conditional,0.05,singleton_accuracy,20,0.7480263747838676,0.08423169663881054,0.6190476190476191,0.6912306558585114,0.7488755622188905,0.8195187165775402,0.875
platt,label_informed_oracle,label_conditional,0.05,class0_coverage,20,0.9385714285714286,0.03188399428831121,0.8761904761904762,0.9142857142857143,0.9428571428571428,0.9619047619047619,0.9809523809523809
platt,label_informed_oracle,label_conditional,0.05,class1_coverage,20,0.9466666666666667,0.06343021214583393,0.8222222222222222,0.9222222222222223,0.9666666666666667,1.0,1.0
platt,label_informed_oracle,label_conditional,0.05,class0_singleton_accuracy,20,0.6684044158604052,0.2131837555932581,0.2,0.63,0.7084848484848485,0.7948275862068965,0.9444444444444444
platt,label_informed_oracle,label_conditional,0.05,class1_singleton_accuracy,20,0.8172734992046138,0.20936633909119196,0.2727272727272727,0.7107142857142857,0.8605769230769231,1.0,1.0
platt,label_informed_oracle,label_conditional,0.05,empty_rate,20,0.0,0.0,0.0,0.0,0.0,0.0,0.0
platt,label_informed_oracle,label_conditional,0.1,coverage,20,0.8673333333333332,0.049412927730509815,0.7333333333333333,0.8533333333333334,0.88,0.8966666666666666,0.9333333333333333
platt,label_informed_oracle,label_conditional,0.1,avg_set_size,20,1.518333333333333,0.11791314079410245,1.3133333333333332,1.4183333333333332,1.5066666666666668,1.5966666666666667,1.74
platt,label_informed_oracle,label_conditional,0.1,singleton_rate,20,0.48166666666666663,0.11791314079410242,0.26,0.4033333333333333,0.49333333333333335,0.5816666666666667,0.6866666666666666
platt,label_informed_oracle,label_conditional,0.1,singleton_accuracy,20,0.724811266387378,0.06631815284800102,0.5769230769230769,0.676739214924213,0.732538647792885,0.7724358974358975,0.8113207547169812
platt,label_informed_oracle,label_conditional,0.1,class0_coverage,20,0.8738095238095239,0.043684577190149565,0.7619047619047619,0.8547619047619047,0.8952380952380953,0.8976190476190476,0.9238095238095239
platt,label_informed_oracle,label_conditional,0.1,class1_coverage,20,0.8522222222222222,0.1040505200431385,0.5777777777777777,0.7944444444444445,0.8555555555555556,0.9222222222222223,1.0
platt,label_informed_oracle,label_conditional,0.1,class0_singleton_accuracy,20,0.7198267371900631,0.10181589252887825,0.5151515151515151,0.6851165254237288,0.7315476190476191,0.7909688995215312,0.8787878787878788
platt,label_informed_oracle,label_conditional,0.1,class1_singleton_accuracy,20,0.7207185585960735,0.16277737705284948,0.40625,0.6176911544227887,0.7032163742690059,0.8224358974358974,1.0
platt,label_informed_oracle,label_conditional,0.1,empty_rate,20,0.0,0.0,0.0,0.0,0.0,0.0,0.0
platt,label_informed_oracle,label_conditional,0.2,coverage,20,0.7623333333333334,0.05330152560273436,0.64,0.735,0.77,0.8083333333333333,0.8266666666666667
platt,label_informed_oracle,label_conditional,0.2,avg_set_size,20,1.261,0.1091653609135783,1.1266666666666667,1.1616666666666666,1.2566666666666668,1.3216666666666665,1.5
platt,label_informed_oracle,label_conditional,0.2,singleton_rate,20,0.7390000000000001,0.10916536091357831,0.5,0.6783333333333333,0.7433333333333334,0.8383333333333334,0.8733333333333333
platt,label_informed_oracle,label_conditional,0.2,singleton_accuracy,20,0.6785675355337001,0.05044236215702237,0.578125,0.6374814814814814,0.6967128537735849,0.7171699741156169,0.7475728155339806
platt,label_informed_oracle,label_conditional,0.2,class0_coverage,20,0.7695238095238095,0.06291635397545971,0.5904761904761905,0.7404761904761905,0.7857142857142857,0.8095238095238095,0.8571428571428571
platt,label_informed_oracle,label_conditional,0.2,class1_coverage,20,0.7455555555555556,0.10656793676429524,0.4666666666666667,0.7055555555555556,0.7555555555555555,0.8055555555555556,0.8888888888888888
platt,label_informed_oracle,label_conditional,0.2,class0_singleton_accuracy,20,0.681167177718989,0.07654321071516784,0.5113636363636364,0.6322337042925278,0.7139227642276422,0.7288359788359788,0.7916666666666666
platt,label_informed_oracle,label_conditional,0.2,class1_singleton_accuracy,20,0.6720131252402713,0.11665549130638725,0.3684210526315789,0.6146537162162162,0.721875,0.7589655172413793,0.8387096774193549
platt,label_informed_oracle,label_conditional,0.2,empty_rate,20,0.0,0.0,0.0,0.0,0.0,0.0,0.0
platt,label_informed_oracle,marginal,0.05,coverage,20,0.9283333333333333,0.03789026939228437,0.8133333333333334,0.9133333333333333,0.9333333333333333,0.9533333333333334,0.9933333333333333
platt,label_informed_oracle,marginal,0.05,avg_set_size,20,1.6033333333333335,0.10974718422102885,1.3933333333333333,1.5183333333333333,1.6033333333333335,1.6466666666666665,1.86
platt,label_informed_oracle,marginal,0.05,singleton_rate,20,0.3966666666666666,0.10974718422102886,0.14,0.35333333333333333,0.39666666666666667,0.4816666666666667,0.6066666666666667
platt,label_informed_oracle,marginal,0.05,singleton_accuracy,20,0.8265115639190113,0.06072232859753451,0.6923076923076923,0.8,0.8280788177339902,0.8651315789473685,0.9523809523809523
platt,label_informed_oracle,marginal,0.05,class0_coverage,20,0.991904761904762,0.010375455535777197,0.9619047619047619,0.9880952380952381,0.9952380952380953,1.0,1.0
platt,label_informed_oracle,marginal,0.05,class1_coverage,20,0.78,0.1153349220726865,0.4666666666666667,0.7333333333333333,0.7777777777777778,0.85,0.9777777777777777
platt,label_informed_oracle,marginal,0.05,class0_singleton_accuracy,20,0.9839781634574344,0.01914704229869785,0.9384615384615385,0.9721590909090909,0.9918032786885246,1.0,1.0
platt,label_informed_oracle,marginal,0.05,class1_singleton_accuracy,20,0.15396745282581198,0.17970688768349696,0.0,0.0,0.10101010101010101,0.18055555555555555,0.6363636363636364
platt,label_informed_oracle,marginal,0.05,empty_rate,20,0.0,0.0,0.0,0.0,0.0,0.0,0.0
platt,label_informed_oracle,marginal,0.1,coverage,20,0.8693333333333332,0.044558916908104845,0.74,0.8533333333333334,0.87,0.8966666666666666,0.94
platt,label_informed_oracle,marginal,0.1,avg_set_size,20,1.394,0.08692000758915203,1.1933333333333334,1.3583333333333334,1.3866666666666667,1.4500000000000002,1.56
platt,label_informed_oracle,marginal,0.1,singleton_rate,20,0.606,0.08692000758915203,0.44,0.55,0.6133333333333333,0.6416666666666666,0.8066666666666666
platt,label_informed_oracle,marginal,0.1,singleton_accuracy,20,0.7883018622889819,0.04972460935175814,0.6776859504132231,0.7720021703743896,0.799193751574704,0.8197708926875593,0.8732394366197183
platt,label_informed_oracle,marginal,0.1,class0_coverage,20,0.9666666666666666,0.026490647141300876,0.9047619047619048,0.95,0.9714285714285714,0.9904761904761905,1.0
platt,label_informed_oracle,marginal,0.1,class1_coverage,20,0.6422222222222221,0.12190815575893932,0.35555555555555557,0.5555555555555556,0.6555555555555556,0.7055555555555555,0.8444444444444444
platt,label_informed_oracle,marginal,0.1,class0_singleton_accuracy,20,0.9506440378520786,0.03584662303316785,0.8876404494382022,0.9230952380952381,0.9595840867992766,0.9818993506493506,1.0
platt,label_informed_oracle,marginal,0.1,class1_singleton_accuracy,20,0.2435068050897991,0.1748857269477529,0.0,0.10677083333333333,0.20032051282051283,0.38666666666666666,0.5625
platt,label_informed_oracle,marginal,0.1,empty_rate,20,0.0,0.0,0.0,0.0,0.0,0.0,0.0
platt,label_informed_oracle,marginal,0.2,coverage,20,0.7763333333333333,0.048388051301658457,0.6466666666666666,0.7516666666666667,0.7766666666666666,0.8066666666666666,0.8533333333333334
platt,label_informed_oracle,marginal,0.2,avg_set_size,20,1.1303333333333332,0.08489346609012567,1.0,1.06,1.13,1.195,1.2666666666666666
platt,label_informed_oracle,marginal,0.2,singleton_rate,20,0.8696666666666667,0.0848934660901257,0.7333333333333333,0.8049999999999999,0.87,0.94,1.0
platt,label_informed_oracle,marginal,0.2,singleton_accuracy,20,0.7443552211847192,0.039301729671425575,0.6466666666666666,0.716008316008316,0.7529807130333138,0.7684979358526516,0.8103448275862069
platt,label_informed_oracle,marginal,0.2,class0_coverage,20,0.9104761904761904,0.038766024178708086,0.819047619047619,0.8857142857142857,0.9142857142857143,0.9428571428571428,0.9619047619047619
platt,label_informed_oracle,marginal,0.2,class1_coverage,20,0.4633333333333334,0.144246377922843,0.24444444444444444,0.35555555555555557,0.43333333333333335,0.6,0.7111111111111111
platt,label_informed_oracle,marginal,0.2,class0_singleton_accuracy,20,0.8988090978133417,0.04343129247091665,0.8181818181818182,0.8696078431372549,0.9081179085273132,0.9335294117647059,0.9583333333333334
platt,label_informed_oracle,marginal,0.2,class1_singleton_accuracy,20,0.35420633921202066,0.12160339581695224,0.16666666666666666,0.2657894736842105,0.3294573643410853,0.41206896551724137,0.5882352941176471
platt,label_informed_oracle,marginal,0.2,empty_rate,20,0.0,0.0,0.0,0.0,0.0,0.0,0.0
platt,none,label_conditional,0.05,coverage,20,0.9556666666666664,0.033317540118264495,0.88,0.945,0.9666666666666667,0.98,1.0
platt,none,label_conditional,0.05,avg_set_size,20,1.7313333333333332,0.11714139005133027,1.5266666666666666,1.62,1.7566666666666668,1.815,1.9266666666666667
platt,none,label_conditional,0.05,singleton_rate,20,0.2686666666666667,0.11714139005133027,0.07333333333333333,0.185,0.24333333333333335,0.38,0.47333333333333333
platt,none,label_conditional,0.05,singleton_accuracy,20,0.8441154863371892,0.07684708420638266,0.7166666666666667,0.8011363636363636,0.8550420168067226,0.8854166666666666,1.0
platt,none,label_conditional,0.05,class0_coverage,20,0.9547619047619047,0.03480462236079465,0.8761904761904762,0.9380952380952381,0.9714285714285714,0.9738095238095238,1.0
platt,none,label_conditional,0.05,class1_coverage,20,0.9577777777777777,0.055332887102172136,0.8444444444444444,0.9444444444444444,0.9888888888888889,1.0,1.0
platt,none,label_conditional,0.05,class0_singleton_accuracy,20,0.7843449497991584,0.17235990467454465,0.3333333333333333,0.7134920634920635,0.8377192982456141,0.8907342657342657,1.0
platt,none,label_conditional,0.05,class1_singleton_accuracy,20,0.8663504611330699,0.1709958184544283,0.45454545454545453,0.7875000000000001,0.9583333333333333,1.0,1.0
platt,none,label_conditional,0.05,empty_rate,20,0.0,0.0,0.0,0.0,0.0,0.0,0.0
platt,none,label_conditional,0.1,coverage,20,0.898,0.04861111946532927,0.78,0.8783333333333333,0.9099999999999999,0.935,0.9533333333333334
platt,none,label_conditional,0.1,avg_set_size,20,1.4816666666666665,0.1291243563980269,1.2666666666666666,1.3766666666666665,1.4866666666666668,1.5683333333333334,1.7466666666666666
platt,none,label_conditional,0.1,singleton_rate,20,0.5183333333333332,0.12912435639802694,0.25333333333333335,0.43166666666666664,0.5133333333333334,0.6233333333333333,0.7333333333333333
platt,none,label_conditional,0.1,singleton_accuracy,20,0.8084730555667805,0.054604864894379185,0.696078431372549,0.7834821428571428,0.8111205432937181,0.8482620320855615,0.8805970149253731
platt,none,label_conditional,0.1,class0_coverage,20,0.9004761904761904,0.04909735415464131,0.780952380952381,0.8809523809523809,0.9190476190476191,0.9357142857142857,0.9523809523809523
platt,none,label_conditional,0.1,class1_coverage,20,0.8922222222222222,0.08569556403109141,0.6444444444444445,0.8444444444444444,0.9111111111111111,0.9555555555555556,1.0
platt,none,label_conditional,0.1,class0_singleton_accuracy,20,0.8025924623119108,0.08248109876133956,0.6567164179104478,0.7389610389610389,0.8233729662077597,0.8601288582559186,0.9242424242424242
platt,none,label_conditional,0.1,class1_singleton_accuracy,20,0.8017271750653073,0.13427159826375099,0.5151515151515151,0.7185714285714285,0.8117647058823529,0.9011904761904762,1.0
platt,none,label_conditional,0.1,empty_rate,20,0.0,0.0,0.0,0.0,0.0,0.0,0.0
platt,none,label_conditional,0.2,coverage,20,0.8146666666666669,0.05396988547339801,0.6733333333333333,0.7983333333333333,0.82,0.8533333333333334,0.88
platt,none,label_conditional,0.2,avg_set_size,20,1.2386666666666666,0.09889683915738477,1.12,1.1583333333333332,1.22,1.2966666666666666,1.4533333333333334
platt,none,label_conditional,0.2,singleton_rate,20,0.7613333333333333,0.09889683915738479,0.5466666666666666,0.7033333333333334,0.78,0.8416666666666667,0.88
platt,none,label_conditional,0.2,singleton_accuracy,20,0.7582260139748997,0.05162938907899775,0.6287878787878788,0.7457614942528735,0.7552417629439452,0.7932032590051459,0.8378378378378378
platt,none,label_conditional,0.2,class0_coverage,20,0.813809523809524,0.06328516833609846,0.6285714285714286,0.7976190476190477,0.819047619047619,0.85,0.9333333333333333
platt,none,label_conditional,0.2,class1_coverage,20,0.8166666666666668,0.09397025783047074,0.5333333333333333,0.7722222222222223,0.8222222222222222,0.8722222222222222,0.9777777777777777
platt,none,label_conditional,0.2,class0_singleton_accuracy,20,0.7541671618741842,0.07374711881617001,0.5760869565217391,0.7125773993808049,0.7657434021426706,0.7890801599721787,0.9102564102564102
platt,none,label_conditional,0.2,class1_singleton_accuracy,20,0.7656778282167871,0.10871183760031204,0.46153846153846156,0.7126736111111112,0.7787878787878788,0.8302884615384615,0.9545454545454546
platt,none,label_conditional,0.2,empty_rate,20,0.0,0.0,0.0,0.0,0.0,0.0,0.0
platt,none,marginal,0.05,coverage,20,0.9493333333333334,0.033814077140526796,0.84,0.9383333333333332,0.9533333333333334,0.9683333333333334,1.0
platt,none,marginal,0.05,avg_set_size,20,1.5676666666666665,0.10920820824708194,1.38,1.5,1.5666666666666667,1.5933333333333333,1.82
platt,none,marginal,0.05,singleton_rate,20,0.4323333333333334,0.10920820824708191,0.18,0.4066666666666667,0.43333333333333335,0.5,0.62
platt,none,marginal,0.05,singleton_accuracy,20,0.8924859937160301,0.052481308602352325,0.7419354838709677,0.8698924731182796,0.8911111111111111,0.923650975889782,1.0
platt,none,marginal,0.05,class0_coverage,20,0.9952380952380953,0.009008621932637306,0.9714285714285714,0.9904761904761905,1.0,1.0,1.0
platt,none,marginal,0.05,class1_coverage,20,0.8422222222222222,0.10013635927245948,0.5333333333333333,0.8,0.8444444444444444,0.9111111111111111,1.0
platt,none,marginal,0.05,class0_singleton_accuracy,20,0.9923405594121707,0.01392501376491108,0.9565217391304348,0.9850023342670402,1.0,1.0,1.0
platt,none,marginal,0.05,class1_singleton_accuracy,19,0.25131250832893043,0.18087906890201944,0.0,0.09545454545454546,0.25,0.38181818181818183,0.6
platt,none,marginal,0.05,empty_rate,20,0.0,0.0,0.0,0.0,0.0,0.0,0.0
platt,none,marginal,0.1,coverage,20,0.9003333333333332,0.039379693166886505,0.78,0.8866666666666667,0.8933333333333333,0.9133333333333333,0.96
platt,none,marginal,0.1,avg_set_size,20,1.3720000000000003,0.08183852307837135,1.1866666666666668,1.325,1.3766666666666667,1.4066666666666667,1.5266666666666666
platt,none,marginal,0.1,singleton_rate,20,0.628,0.08183852307837138,0.47333333333333333,0.5933333333333333,0.6233333333333333,0.675,0.8133333333333334
platt,none,marginal,0.1,singleton_accuracy,20,0.8450157103478148,0.046684841079289795,0.7295081967213115,0.8222135007849294,0.8422688422688422,0.8658368895211,0.922077922077922
platt,none,marginal,0.1,class0_coverage,20,0.9790476190476192,0.015633955841297592,0.9333333333333333,0.9714285714285714,0.9809523809523809,0.9904761904761905,1.0
platt,none,marginal,0.1,class1_coverage,20,0.7166666666666666,0.11096481597049498,0.4222222222222222,0.6555555555555556,0.7111111111111111,0.7611111111111111,0.8888888888888888
platt,none,marginal,0.1,class0_singleton_accuracy,20,0.9712034030123602,0.01920378252558699,0.9239130434782609,0.9599780701754386,0.968455042225534,0.9858409610983982,1.0
platt,none,marginal,0.1,class1_singleton_accuracy,20,0.3447786891471102,0.18647703197081647,0.1,0.18229166666666666,0.33289473684210524,0.48026315789473684,0.6875
platt,none,marginal,0.1,empty_rate,20,0.0,0.0,0.0,0.0,0.0,0.0,0.0
platt,none,marginal,0.2,coverage,20,0.8156666666666668,0.05417213197799157,0.7,0.7866666666666666,0.8333333333333334,0.845,0.9
platt,none,marginal,0.2,avg_set_size,20,1.1260000000000001,0.08526258031715428,1.0,1.0499999999999998,1.1333333333333333,1.1933333333333334,1.26
platt,none,marginal,0.2,singleton_rate,20,0.874,0.08526258031715427,0.74,0.8066666666666666,0.8666666666666667,0.95,1.0
platt,none,marginal,0.2,singleton_accuracy,20,0.7918731499215863,0.044909790633495095,0.7,0.7676927959377975,0.7972602739726027,0.8239837398373984,0.8717948717948718
platt,none,marginal,0.2,class0_coverage,20,0.9323809523809524,0.03312141731566161,0.8666666666666667,0.9214285714285715,0.9333333333333333,0.9619047619047619,0.9809523809523809
platt,none,marginal,0.2,class1_coverage,20,0.5433333333333333,0.14678269378329997,0.28888888888888886,0.3944444444444445,0.5777777777777777,0.65,0.7333333333333333
platt,none,marginal,0.2,class0_singleton_accuracy,20,0.9256786120062722,0.034792442142766285,0.8613861386138614,0.9110774283188077,0.9289175257731959,0.9560283687943263,0.9772727272727273
platt,none,marginal,0.2,class1_singleton_accuracy,20,0.4385760192249236,0.11659741759683497,0.2564102564102564,0.339405684754522,0.45314637482900133,0.5435633001422475,0.59375
platt,none,marginal,0.2,empty_rate,20,0.0,0.0,0.0,0.0,0.0,0.0,0.0
platt,random_feature_set_deletion,label_conditional,0.05,coverage,400,0.95985,0.03010572200354108,0.8066666666666666,0.9466666666666667,0.9666666666666667,0.98,1.0
platt,random_feature_set_deletion,label_conditional,0.05,avg_set_size,400,1.7599500000000001,0.1147272758064942,1.4533333333333334,1.66,1.78,1.8533333333333333,2.0
platt,random_feature_set_deletion,label_conditional,0.05,singleton_rate,400,0.24005,0.11472727580649421,0.0,0.14666666666666667,0.22,0.34,0.5466666666666666
platt,random_feature_set_deletion,label_conditional,0.05,singleton_accuracy,399,0.838759930542801,0.08595819171598817,0.5538461538461539,0.7912885662431942,0.851063829787234,0.8972554539057003,1.0
platt,random_feature_set_deletion,label_conditional,0.05,class0_coverage,400,0.9636428571428572,0.037273868420110344,0.7238095238095238,0.9523809523809523,0.9714285714285714,0.9904761904761905,1.0
platt,random_feature_set_deletion,label_conditional,0.05,class1_coverage,400,0.9510000000000001,0.06280656119753295,0.6,0.9333333333333333,0.9777777777777777,1.0,1.0
platt,random_feature_set_deletion,label_conditional,0.05,class0_singleton_accuracy,399,0.79331338314536,0.21912212837106346,0.0,0.6923076923076923,0.8636363636363636,0.9611320754716981,1.0
platt,random_feature_set_deletion,label_conditional,0.05,class1_singleton_accuracy,397,0.7564961726033305,0.2964499698606563,0.0,0.6,0.8571428571428571,1.0,1.0
platt,random_feature_set_deletion,label_conditional,0.05,empty_rate,400,0.0,0.0,0.0,0.0,0.0,0.0,0.0
platt,random_feature_set_deletion,label_conditional,0.1,coverage,400,0.9039166666666667,0.048981765087177255,0.74,0.88,0.9166666666666667,0.94,0.9866666666666667
platt,random_feature_set_deletion,label_conditional,0.1,avg_set_size,400,1.5112,0.13156176462576535,1.18,1.405,1.5133333333333334,1.6066666666666667,1.8533333333333333
platt,random_feature_set_deletion,label_conditional,0.1,singleton_rate,400,0.4888,0.13156176462576533,0.14666666666666667,0.3933333333333333,0.4866666666666667,0.595,0.82
platt,random_feature_set_deletion,label_conditional,0.1,singleton_accuracy,400,0.8077773988053377,0.06683329812460792,0.5681818181818182,0.7682484977023684,0.8194105336588768,0.8542613636363636,0.9473684210526315
platt,random_feature_set_deletion,label_conditional,0.1,class0_coverage,400,0.9201666666666668,0.059279920450069266,0.638095238095238,0.8928571428571429,0.9333333333333333,0.9619047619047619,1.0
platt,random_feature_set_deletion,label_conditional,0.1,class1_coverage,400,0.8660000000000001,0.11666774077557827,0.26666666666666666,0.8222222222222222,0.8888888888888888,0.9555555555555556,1.0
platt,random_feature_set_deletion,label_conditional,0.1,class0_singleton_accuracy,400,0.8243604675818992,0.13418596814016312,0.2647058823529412,0.7575757575757576,0.850531914893617,0.921945701357466,1.0
platt,random_feature_set_deletion,label_conditional,0.1,class1_singleton_accuracy,400,0.6945121909905589,0.2523030387636606,0.0,0.5714285714285714,0.75,0.8888888888888888,1.0
platt,random_feature_set_deletion,label_conditional,0.1,empty_rate,400,0.0,0.0,0.0,0.0,0.0,0.0,0.0
platt,random_feature_set_deletion,label_conditional,0.2,coverage,400,0.8181,0.05474480427491597,0.6266666666666667,0.7866666666666666,0.8266666666666667,0.86,0.9333333333333333
platt,random_feature_set_deletion,label_conditional,0.2,avg_set_size,400,1.2569833333333333,0.10324239267752912,1.0866666666666667,1.1733333333333333,1.24,1.32,1.5866666666666667
platt,random_feature_set_deletion,label_conditional,0.2,singleton_rate,400,0.7430166666666668,0.10324239267752912,0.41333333333333333,0.68,0.76,0.8266666666666667,0.9133333333333333
platt,random_feature_set_deletion,label_conditional,0.2,singleton_accuracy,400,0.7571465804838899,0.05583189830733437,0.5757575757575758,0.7239977572189515,0.7654655612244898,0.797979797979798,0.8924731182795699
platt,random_feature_set_deletion,label_conditional,0.2,class0_coverage,400,0.840404761904762,0.08587125103441472,0.5047619047619047,0.7880952380952381,0.8380952380952381,0.8952380952380953,1.0
platt,random_feature_set_deletion,label_conditional,0.2,class1_coverage,400,0.7660555555555555,0.1473706869513247,0.17777777777777778,0.7111111111111111,0.8,0.8666666666666667,0.9777777777777777
platt,random_feature_set_deletion,label_conditional,0.2,class0_singleton_accuracy,400,0.7829438867794991,0.11610577220970167,0.43478260869565216,0.6984126984126984,0.786115569823435,0.8571428571428571,1.0
platt,random_feature_set_deletion,label_conditional,0.2,class1_singleton_accuracy,400,0.6698424508924212,0.2140674473626912,0.0,0.5702380952380952,0.721111111111111,0.825,0.9743589743589743
platt,random_feature_set_deletion,label_conditional,0.2,empty_rate,400,0.0,0.0,0.0,0.0,0.0,0.0,0.0
platt,random_feature_set_deletion,marginal,0.05,coverage,400,0.93675,0.043811623664760234,0.76,0.92,0.9466666666666667,0.9666666666666667,1.0
platt,random_feature_set_deletion,marginal,0.05,avg_set_size,400,1.552916666666667,0.14736502586891365,1.12,1.4733333333333334,1.5466666666666666,1.6466666666666667,1.9133333333333333
platt,random_feature_set_deletion,marginal,0.05,singleton_rate,400,0.44708333333333333,0.14736502586891365,0.08666666666666667,0.35333333333333333,0.4533333333333333,0.5266666666666666,0.88
platt,random_feature_set_deletion,marginal,0.05,singleton_accuracy,400,0.8724804751610893,0.05632888419241224,0.7108433734939759,0.8398765432098765,0.8780487804878049,0.9078947368421053,1.0
platt,random_feature_set_deletion,marginal,0.05,class0_coverage,400,0.9957142857142859,0.009689453411794807,0.9238095238095239,1.0,1.0,1.0,1.0
platt,random_feature_set_deletion,marginal,0.05,class1_coverage,400,0.7991666666666667,0.14374307582030646,0.2,0.7333333333333333,0.8222222222222222,0.9111111111111111,1.0
platt,random_feature_set_deletion,marginal,0.05,class0_singleton_accuracy,400,0.9918014165922143,0.018789178573166934,0.8333333333333334,1.0,1.0,1.0,1.0
platt,random_feature_set_deletion,marginal,0.05,class1_singleton_accuracy,389,0.1374093812084771,0.18455286583881855,0.0,0.0,0.027777777777777776,0.25,0.8
platt,random_feature_set_deletion,marginal,0.05,empty_rate,400,0.0,0.0,0.0,0.0,0.0,0.0,0.0
platt,random_feature_set_deletion,marginal,0.1,coverage,400,0.8861666666666665,0.053353953824900845,0.7133333333333334,0.8666666666666667,0.8933333333333333,0.92,0.9733333333333334
platt,random_feature_set_deletion,marginal,0.1,avg_set_size,400,1.35665,0.11924388049441444,1.02,1.2866666666666666,1.36,1.44,1.62
platt,random_feature_set_deletion,marginal,0.1,singleton_rate,400,0.6433500000000001,0.11924388049441444,0.38,0.56,0.64,0.7133333333333334,0.98
platt,random_feature_set_deletion,marginal,0.1,singleton_accuracy,400,0.830520113886525,0.05295432736648009,0.6886792452830188,0.7959183673469388,0.8351081907782939,0.8655563186813187,0.9444444444444444
platt,random_feature_set_deletion,marginal,0.1,class0_coverage,400,0.985952380952381,0.018141410054246097,0.8761904761904762,0.9809523809523809,0.9904761904761905,1.0,1.0
platt,random_feature_set_deletion,marginal,0.1,class1_coverage,400,0.6533333333333333,0.17912328477749237,0.044444444444444446,0.5555555555555556,0.6888888888888889,0.7777777777777778,0.9555555555555556
platt,random_feature_set_deletion,marginal,0.1,class0_singleton_accuracy,400,0.9797890657228808,0.026428269296107264,0.7936507936507936,0.9701492537313433,0.9875,1.0,1.0
platt,random_feature_set_deletion,marginal,0.1,class1_singleton_accuracy,400,0.23434205532067673,0.20184582213922392,0.0,0.05555555555555555,0.2,0.3684210526315789,0.8461538461538461
platt,random_feature_set_deletion,marginal,0.1,empty_rate,400,0.0,0.0,0.0,0.0,0.0,0.0,0.0
platt,random_feature_set_deletion,marginal,0.2,coverage,400,0.7979333333333334,0.0552612690133492,0.66,0.76,0.8,0.84,0.9
platt,random_feature_set_deletion,marginal,0.2,avg_set_size,400,1.1176166666666667,0.08767543339338828,0.9933333333333333,1.04,1.1033333333333335,1.2,1.3133333333333332
platt,random_feature_set_deletion,marginal,0.2,singleton_rate,400,0.8822833333333332,0.08754078653176377,0.6866666666666666,0.8,0.8966666666666667,0.96,1.0
platt,random_feature_set_deletion,marginal,0.2,singleton_accuracy,400,0.7741453218509372,0.04405757175337952,0.6524822695035462,0.7464788732394366,0.7768595041322314,0.8067617866004962,0.8632478632478633
platt,random_feature_set_deletion,marginal,0.2,class0_coverage,400,0.9472380952380953,0.043961090471400024,0.7047619047619048,0.9238095238095239,0.9619047619047619,0.9809523809523809,1.0
platt,random_feature_set_deletion,marginal,0.2,class1_coverage,400,0.4495555555555555,0.19516999534544224,0.0,0.3111111111111111,0.4666666666666667,0.6,0.9111111111111111
platt,random_feature_set_deletion,marginal,0.2,class0_singleton_accuracy,400,0.9418996677934388,0.047568784302095296,0.6836734693877551,0.912407195888064,0.9540169133192389,0.9792203608247423,1.0
platt,random_feature_set_deletion,marginal,0.2,class1_singleton_accuracy,400,0.32538555199387553,0.17353767931578176,0.0,0.19345238095238096,0.3333333333333333,0.46200750469043156,0.8260869565217391
platt,random_feature_set_deletion,marginal,0.2,empty_rate,400,5e-05,0.0005759014582002953,0.0,0.0,0.0,0.0,0.006666666666666667
platt,targeted_feature_deletion,label_conditional,0.05,coverage,20,0.9656666666666667,0.032679553491048015,0.8866666666666667,0.9466666666666667,0.9733333333333334,0.9933333333333333,1.0
platt,targeted_feature_deletion,label_conditional,0.05,avg_set_size,20,1.786,0.16201797604402884,1.5466666666666666,1.6133333333333333,1.7966666666666666,1.92,2.0
platt,targeted_feature_deletion,label_conditional,0.05,singleton_rate,20,0.21400000000000002,0.16201797604402884,0.0,0.08,0.20333333333333334,0.38666666666666666,0.4533333333333333
platt,targeted_feature_deletion,label_conditional,0.05,singleton_accuracy,19,0.849376845109778,0.07366058107227692,0.6666666666666666,0.8125,0.8484848484848485,0.8838383838383839,1.0
platt,targeted_feature_deletion,label_conditional,0.05,class0_coverage,20,0.9995238095238095,0.002129588549999792,0.9904761904761905,1.0,1.0,1.0,1.0
platt,targeted_feature_deletion,label_conditional,0.05,class1_coverage,20,0.8866666666666667,0.10955637402870902,0.6222222222222222,0.8222222222222222,0.9111111111111111,0.9777777777777777,1.0
platt,targeted_feature_deletion,label_conditional,0.05,class0_singleton_accuracy,19,0.9952153110047848,0.02085597580641471,0.9090909090909091,1.0,1.0,1.0,1.0
platt,targeted_feature_deletion,label_conditional,0.05,class1_singleton_accuracy,19,0.13404723931039722,0.2647267087211849,0.0,0.0,0.0,0.16233766233766234,1.0
platt,targeted_feature_deletion,label_conditional,0.05,empty_rate,20,0.0,0.0,0.0,0.0,0.0,0.0,0.0
platt,targeted_feature_deletion,label_conditional,0.1,coverage,20,0.9096666666666666,0.054824547368419255,0.8066666666666666,0.8766666666666667,0.9133333333333333,0.9550000000000001,0.98
platt,targeted_feature_deletion,label_conditional,0.1,avg_set_size,20,1.5270000000000001,0.19722608512813602,1.2466666666666666,1.395,1.51,1.685,1.8533333333333333
platt,targeted_feature_deletion,label_conditional,0.1,singleton_rate,20,0.47300000000000014,0.19722608512813602,0.14666666666666667,0.315,0.49,0.605,0.7533333333333333
platt,targeted_feature_deletion,label_conditional,0.1,singleton_accuracy,20,0.8201165806174966,0.05285596604792502,0.7433628318584071,0.78154582616179,0.8032258064516129,0.8696933962264151,0.9333333333333333
platt,targeted_feature_deletion,label_conditional,0.1,class0_coverage,20,0.9952380952380953,0.0072465324785969815,0.9809523809523809,0.9904761904761905,1.0,1.0,1.0
platt,targeted_feature_deletion,label_conditional,0.1,class1_coverage,20,0.71,0.1801703042443842,0.4,0.6,0.711111111111111,0.8722222222222222,0.9555555555555556
platt,targeted_feature_deletion,label_conditional,0.1,class0_singleton_accuracy,20,0.9884724225757664,0.019562692584002322,0.9354838709677419,0.9820711417096959,1.0,1.0,1.0
platt,targeted_feature_deletion,label_conditional,0.1,class1_singleton_accuracy,20,0.15483968492776587,0.18609119036697275,0.0,0.0,0.10727969348659003,0.2670807453416149,0.7142857142857143
platt,targeted_feature_deletion,label_conditional,0.1,empty_rate,20,0.0,0.0,0.0,0.0,0.0,0.0,0.0
platt,targeted_feature_deletion,label_conditional,0.2,coverage,20,0.8303333333333333,0.06038763670377131,0.72,0.7933333333333333,0.8400000000000001,0.8683333333333334,0.9333333333333333
platt,targeted_feature_deletion,label_conditional,0.2,avg_set_size,20,1.2596666666666667,0.14734254158729415,1.0666666666666667,1.1783333333333335,1.2433333333333334,1.3133333333333332,1.6466666666666667
platt,targeted_feature_deletion,label_conditional,0.2,singleton_rate,20,0.7403333333333335,0.14734254158729415,0.35333333333333333,0.6866666666666666,0.7566666666666667,0.8216666666666667,0.9333333333333333
platt,targeted_feature_deletion,label_conditional,0.2,singleton_accuracy,20,0.7747735236338035,0.0491692090461803,0.6929133858267716,0.7422620504037192,0.7824229691876751,0.8021739130434783,0.8932038834951457
platt,targeted_feature_deletion,label_conditional,0.2,class0_coverage,20,0.9680952380952382,0.03800427737058602,0.8666666666666667,0.95,0.9809523809523809,0.9928571428571429,1.0
platt,targeted_feature_deletion,label_conditional,0.2,class1_coverage,20,0.508888888888889,0.18309305537506246,0.15555555555555556,0.4444444444444444,0.5222222222222221,0.6055555555555555,0.8888888888888888
platt,targeted_feature_deletion,label_conditional,0.2,class0_singleton_accuracy,20,0.9569603842463852,0.05129725949544845,0.825,0.9374792151646159,0.978021978021978,0.9924242424242424,1.0
platt,targeted_feature_deletion,label_conditional,0.2,class1_singleton_accuracy,20,0.23214917217506223,0.15476140819126807,0.038461538461538464,0.13975155279503104,0.19139194139194138,0.3141025641025641,0.6666666666666666
platt,targeted_feature_deletion,label_conditional,0.2,empty_rate,20,0.0,0.0,0.0,0.0,0.0,0.0,0.0
platt,targeted_feature_deletion,marginal,0.05,coverage,20,0.874,0.059976603625548346,0.76,0.8433333333333334,0.88,0.9266666666666666,0.9666666666666667
platt,targeted_feature_deletion,marginal,0.05,avg_set_size,20,1.3936666666666668,0.18463144891871633,1.1333333333333333,1.3083333333333331,1.3666666666666667,1.4166666666666667,1.78
platt,targeted_feature_deletion,marginal,0.05,singleton_rate,20,0.6063333333333333,0.18463144891871633,0.22,0.5833333333333334,0.6333333333333333,0.6916666666666667,0.8666666666666667
platt,targeted_feature_deletion,marginal,0.05,singleton_accuracy,20,0.7993068644187772,0.048713253397498275,0.71875,0.7709865196078431,0.7894617819990954,0.8256389592447617,0.8936170212765957
platt,targeted_feature_deletion,marginal,0.05,class0_coverage,20,1.0,0.0,1.0,1.0,1.0,1.0,1.0
platt,targeted_feature_deletion,marginal,0.05,class1_coverage,20,0.58,0.1999220120851612,0.2,0.47777777777777775,0.6,0.7555555555555555,0.8888888888888888
platt,targeted_feature_deletion,marginal,0.05,class0_singleton_accuracy,20,1.0,0.0,1.0,1.0,1.0,1.0,1.0
platt,targeted_feature_deletion,marginal,0.05,class1_singleton_accuracy,20,0.00274024024024024,0.008435160737577519,0.0,0.0,0.0,0.0,0.027777777777777776
platt,targeted_feature_deletion,marginal,0.05,empty_rate,20,0.0,0.0,0.0,0.0,0.0,0.0,0.0
platt,targeted_feature_deletion,marginal,0.1,coverage,20,0.7996666666666667,0.04910782979697251,0.72,0.775,0.79,0.8333333333333334,0.9066666666666666
platt,targeted_feature_deletion,marginal,0.1,avg_set_size,20,1.1853333333333336,0.11292185363887615,1.02,1.1099999999999999,1.17,1.2366666666666668,1.4466666666666668
platt,targeted_feature_deletion,marginal,0.1,singleton_rate,20,0.8146666666666667,0.11292185363887615,0.5533333333333333,0.7633333333333334,0.8300000000000001,0.89,0.98
platt,targeted_feature_deletion,marginal,0.1,singleton_accuracy,20,0.7574062481584576,0.03320413465831933,0.7079646017699115,0.7315626460963067,0.7622465254044202,0.7817866276945561,0.8313253012048193
platt,targeted_feature_deletion,marginal,0.1,class0_coverage,20,1.0,0.0,1.0,1.0,1.0,1.0,1.0
platt,targeted_feature_deletion,marginal,0.1,class1_coverage,20,0.33222222222222225,0.16369276598990837,0.06666666666666667,0.25,0.3,0.4444444444444444,0.6888888888888889
platt,targeted_feature_deletion,marginal,0.1,class0_singleton_accuracy,20,1.0,0.0,1.0,1.0,1.0,1.0,1.0
platt,targeted_feature_deletion,marginal,0.1,class1_singleton_accuracy,20,0.011650016650016647,0.026679244217688962,0.0,0.0,0.0,0.0,0.09523809523809523
platt,targeted_feature_deletion,marginal,0.1,empty_rate,20,0.0,0.0,0.0,0.0,0.0,0.0,0.0
platt,targeted_feature_deletion,marginal,0.2,coverage,20,0.7393333333333333,0.03432898967583728,0.7,0.7183333333333333,0.7266666666666667,0.7533333333333333,0.82
platt,targeted_feature_deletion,marginal,0.2,avg_set_size,20,1.0530000000000002,0.05503746730198931,1.0,1.0116666666666667,1.0333333333333334,1.075,1.18
platt,targeted_feature_deletion,marginal,0.2,singleton_rate,20,0.9469999999999998,0.05503746730198932,0.82,0.925,0.9666666666666667,0.9883333333333333,1.0
platt,targeted_feature_deletion,marginal,0.2,singleton_accuracy,20,0.7257999915818838,0.02340400428566776,0.697986577181208,0.7135666347075743,0.7187726329003911,0.7318009118541033,0.7874015748031497
platt,targeted_feature_deletion,marginal,0.2,class0_coverage,20,0.9980952380952381,0.00498236536933902,0.9809523809523809,1.0,1.0,1.0,1.0
platt,targeted_feature_deletion,marginal,0.2,class1_coverage,20,0.13555555555555554,0.11756684189511252,0.0,0.06666666666666667,0.08888888888888889,0.17777777777777778,0.4
platt,targeted_feature_deletion,marginal,0.2,class0_singleton_accuracy,20,0.9979272615194945,0.005586001314760646,0.9777777777777777,1.0,1.0,1.0,1.0
platt,targeted_feature_deletion,marginal,0.2,class1_singleton_accuracy,20,0.028500809038982233,0.04097247255988492,0.0,0.0,0.011363636363636364,0.045454545454545456,0.15625
platt,targeted_feature_deletion,marginal,0.2,empty_rate,20,0.0,0.0,0.0,0.0,0.0,0.0,0.0
raw,none,label_conditional,0.05,coverage,20,0.9556666666666664,0.033317540118264495,0.88,0.945,0.9666666666666667,0.98,1.0
raw,none,label_conditional,0.05,avg_set_size,20,1.7313333333333332,0.11714139005133027,1.5266666666666666,1.62,1.7566666666666668,1.815,1.9266666666666667
raw,none,label_conditional,0.05,singleton_rate,20,0.2686666666666667,0.11714139005133027,0.07333333333333333,0.185,0.24333333333333335,0.38,0.47333333333333333
raw,none,label_conditional,0.05,singleton_accuracy,20,0.8441154863371892,0.07684708420638266,0.7166666666666667,0.8011363636363636,0.8550420168067226,0.8854166666666666,1.0
raw,none,label_conditional,0.05,class0_coverage,20,0.9547619047619047,0.03480462236079465,0.8761904761904762,0.9380952380952381,0.9714285714285714,0.9738095238095238,1.0
raw,none,label_conditional,0.05,class1_coverage,20,0.9577777777777777,0.055332887102172136,0.8444444444444444,0.9444444444444444,0.9888888888888889,1.0,1.0
raw,none,label_conditional,0.05,class0_singleton_accuracy,20,0.7843449497991584,0.17235990467454465,0.3333333333333333,0.7134920634920635,0.8377192982456141,0.8907342657342657,1.0
raw,none,label_conditional,0.05,class1_singleton_accuracy,20,0.8663504611330699,0.1709958184544283,0.45454545454545453,0.7875000000000001,0.9583333333333333,1.0,1.0
raw,none,label_conditional,0.05,empty_rate,20,0.0,0.0,0.0,0.0,0.0,0.0,0.0
raw,none,label_conditional,0.1,coverage,20,0.898,0.04861111946532927,0.78,0.8783333333333333,0.9099999999999999,0.935,0.9533333333333334
raw,none,label_conditional,0.1,avg_set_size,20,1.4816666666666665,0.1291243563980269,1.2666666666666666,1.3766666666666665,1.4866666666666668,1.5683333333333334,1.7466666666666666
raw,none,label_conditional,0.1,singleton_rate,20,0.5183333333333332,0.12912435639802694,0.25333333333333335,0.43166666666666664,0.5133333333333334,0.6233333333333333,0.7333333333333333
raw,none,label_conditional,0.1,singleton_accuracy,20,0.8084730555667805,0.054604864894379185,0.696078431372549,0.7834821428571428,0.8111205432937181,0.8482620320855615,0.8805970149253731
raw,none,label_conditional,0.1,class0_coverage,20,0.9004761904761904,0.04909735415464131,0.780952380952381,0.8809523809523809,0.9190476190476191,0.9357142857142857,0.9523809523809523
raw,none,label_conditional,0.1,class1_coverage,20,0.8922222222222222,0.08569556403109141,0.6444444444444445,0.8444444444444444,0.9111111111111111,0.9555555555555556,1.0
raw,none,label_conditional,0.1,class0_singleton_accuracy,20,0.8025924623119108,0.08248109876133956,0.6567164179104478,0.7389610389610389,0.8233729662077597,0.8601288582559186,0.9242424242424242
raw,none,label_conditional,0.1,class1_singleton_accuracy,20,0.8017271750653073,0.13427159826375099,0.5151515151515151,0.7185714285714285,0.8117647058823529,0.9011904761904762,1.0
raw,none,label_conditional,0.1,empty_rate,20,0.0,0.0,0.0,0.0,0.0,0.0,0.0
raw,none,label_conditional,0.2,coverage,20,0.8146666666666669,0.05396988547339801,0.6733333333333333,0.7983333333333333,0.82,0.8533333333333334,0.88
raw,none,label_conditional,0.2,avg_set_size,20,1.2386666666666666,0.09889683915738477,1.12,1.1583333333333332,1.22,1.2966666666666666,1.4533333333333334
raw,none,label_conditional,0.2,singleton_rate,20,0.7613333333333333,0.09889683915738479,0.5466666666666666,0.7033333333333334,0.78,0.8416666666666667,0.88
raw,none,label_conditional,0.2,singleton_accuracy,20,0.7582260139748997,0.05162938907899775,0.6287878787878788,0.7457614942528735,0.7552417629439452,0.7932032590051459,0.8378378378378378
raw,none,label_conditional,0.2,class0_coverage,20,0.813809523809524,0.06328516833609846,0.6285714285714286,0.7976190476190477,0.819047619047619,0.85,0.9333333333333333
raw,none,label_conditional,0.2,class1_coverage,20,0.8166666666666668,0.09397025783047074,0.5333333333333333,0.7722222222222223,0.8222222222222222,0.8722222222222222,0.9777777777777777
raw,none,label_conditional,0.2,class0_singleton_accuracy,20,0.7541671618741842,0.07374711881617001,0.5760869565217391,0.7125773993808049,0.7657434021426706,0.7890801599721787,0.9102564102564102
raw,none,label_conditional,0.2,class1_singleton_accuracy,20,0.7656778282167871,0.10871183760031204,0.46153846153846156,0.7126736111111112,0.7787878787878788,0.8302884615384615,0.9545454545454546
raw,none,label_conditional,0.2,empty_rate,20,0.0,0.0,0.0,0.0,0.0,0.0,0.0
raw,none,marginal,0.05,coverage,20,0.9456666666666665,0.037791363226310375,0.8266666666666667,0.925,0.9533333333333334,0.9666666666666667,1.0
raw,none,marginal,0.05,avg_set_size,20,1.5633333333333335,0.12638935479639082,1.3533333333333333,1.47,1.5666666666666667,1.625,1.82
raw,none,marginal,0.05,singleton_rate,20,0.4366666666666667,0.1263893547963908,0.18,0.375,0.43333333333333335,0.53,0.6466666666666666
raw,none,marginal,0.05,singleton_accuracy,20,0.8873777862808587,0.054279835762866,0.7319587628865979,0.8594919786096257,0.8888888888888888,0.9197792869269948,1.0
raw,none,marginal,0.05,class0_coverage,20,0.9890476190476191,0.013209232703649649,0.9523809523809523,0.9809523809523809,0.9904761904761905,1.0,1.0
raw,none,marginal,0.05,class1_coverage,20,0.8444444444444444,0.09938079899999067,0.5333333333333333,0.7944444444444445,0.8555555555555556,0.8944444444444444,1.0
raw,none,marginal,0.05,class0_singleton_accuracy,20,0.9818435405833027,0.02052690559278563,0.9305555555555556,0.9678321678321679,0.9838541666666667,1.0,1.0
raw,none,marginal,0.05,class1_singleton_accuracy,19,0.315252307755974,0.20413076867809615,0.0,0.1514285714285714,0.3888888888888889,0.5,0.5555555555555556
raw,none,marginal,0.05,empty_rate,20,0.0,0.0,0.0,0.0,0.0,0.0,0.0
raw,none,marginal,0.1,coverage,20,0.9033333333333333,0.042467738012870716,0.7733333333333333,0.8933333333333333,0.9,0.9283333333333333,0.9666666666666667
raw,none,marginal,0.1,avg_set_size,20,1.3706666666666667,0.08464304132322066,1.2133333333333334,1.3283333333333331,1.37,1.4016666666666666,1.5733333333333333
raw,none,marginal,0.1,singleton_rate,20,0.6293333333333334,0.08464304132322066,0.4266666666666667,0.5983333333333334,0.63,0.6716666666666666,0.7866666666666666
raw,none,marginal,0.1,singleton_accuracy,20,0.850159036577336,0.05232259455173009,0.711864406779661,0.8300561797752809,0.8513157894736842,0.8872340425531915,0.9230769230769231
raw,none,marginal,0.1,class0_coverage,20,0.9704761904761906,0.022260380176441594,0.9142857142857143,0.9619047619047619,0.9714285714285714,0.9904761904761905,1.0
raw,none,marginal,0.1,class1_coverage,20,0.7466666666666667,0.09869848283190748,0.4444444444444444,0.7111111111111111,0.7444444444444445,0.8222222222222222,0.8888888888888888
raw,none,marginal,0.1,class0_singleton_accuracy,20,0.9591566004943919,0.029427834344189337,0.896551724137931,0.9467532467532467,0.9607826384142173,0.9842800374006545,1.0
raw,none,marginal,0.1,class1_singleton_accuracy,20,0.45234649294609913,0.13522532194263243,0.1935483870967742,0.37662337662337664,0.45416666666666666,0.5129310344827587,0.6875
raw,none,marginal,0.1,empty_rate,20,0.0,0.0,0.0,0.0,0.0,0.0,0.0
raw,none,marginal,0.2,coverage,20,0.8156666666666667,0.05695078412862722,0.6866666666666666,0.79,0.8300000000000001,0.84,0.9066666666666666
raw,none,marginal,0.2,avg_set_size,20,1.130666666666667,0.08898123857709249,0.9466666666666667,1.065,1.1433333333333333,1.1883333333333335,1.2666666666666666
raw,none,marginal,0.2,singleton_rate,20,0.8620000000000001,0.07644437644495819,0.7333333333333333,0.8116666666666666,0.8566666666666667,0.935,0.98
raw,none,marginal,0.2,singleton_accuracy,20,0.7931938590977566,0.04566908470432965,0.6986301369863014,0.7807034403228907,0.7992311507936508,0.8148446783228653,0.8727272727272727
raw,none,marginal,0.2,class0_coverage,20,0.910952380952381,0.0452308396766955,0.8285714285714286,0.8761904761904762,0.9238095238095239,0.9428571428571428,0.9809523809523809
raw,none,marginal,0.2,class1_coverage,20,0.5933333333333333,0.10400679739869508,0.3333333333333333,0.55,0.6222222222222222,0.6444444444444445,0.7555555555555555
raw,none,marginal,0.2,class0_singleton_accuracy,20,0.9052239748131712,0.04233533337262121,0.8252427184466019,0.8759850474843403,0.9125029882859192,0.929945054945055,0.9772727272727273
raw,none,marginal,0.2,class1_singleton_accuracy,20,0.48826649666828503,0.09175551203680812,0.34615384615384615,0.4340659340659341,0.47215397215397215,0.5576923076923077,0.6585365853658537
raw,none,marginal,0.2,empty_rate,20,0.0036666666666666666,0.012514319283704684,0.0,0.0,0.0,0.0,0.05333333333333334
