repeat,feature_set,auroc,brier,ece,hcep_090,aurc
0,buerge|laufzeit|weitkred,0.7453968253968254,0.1781931753963667,0.0734142743361722,0.013333333333333334,0.15613680030375676
0,famges|sparkont|weitkred,0.7443386243386243,0.1802911505863993,0.05154604008564851,0.0,0.1593195078283789
0,rate|verm|wohn,0.772910052910053,0.17170516079591125,0.08362222384742518,0.006666666666666667,0.13725451871103087
0,buerge|laufzeit|wohn,0.7477248677248677,0.17857092375725564,0.07583719877473973,0.013333333333333334,0.15638158872157487
0,rate|verw|wohnzeit,0.7597883597883598,0.17532534175697864,0.05538529649952869,0.006666666666666667,0.14857502963586494
0,laufkont|telef|wohnzeit,0.6943915343915343,0.20268685823344934,0.1225642578467889,0.013333333333333334,0.17415512370339092
0,beruf|wohn|wohnzeit,0.7657142857142857,0.1750590039732539,0.10297162006367269,0.013333333333333334,0.14810288390827586
0,beszeit|famges|sparkont,0.7515343915343914,0.1809639343667008,0.09020064606651258,0.006666666666666667,0.15470847211752026
0,beszeit|hoehe|wohnzeit,0.7498412698412699,0.17972810331944042,0.05872089767981845,0.013333333333333334,0.1579624414555673
0,pers|rate|verw,0.7623280423280422,0.17577365890054705,0.0610609510360942,0.006666666666666667,0.14856924934039703
0,bishkred|famges|wohn,0.7580952380952382,0.17927837063319435,0.07892648393531172,0.02,0.15749816091581706
0,beruf|hoehe|verm,0.7343915343915344,0.17746236727522177,0.10263282646874664,0.013333333333333334,0.15846451802757058
0,hoehe|laufzeit|verm,0.718941798941799,0.18145234272004523,0.0642468565502968,0.02,0.17679397798586377
0,famges|verw|wohnzeit,0.7324867724867724,0.18350133480652736,0.0780869832226921,0.013333333333333334,0.1710381477496773
0,famges|pers|verw,0.7341798941798943,0.1836611059857168,0.07491523931335836,0.013333333333333334,0.16572795657461928
0,beszeit|hoehe|wohn,0.7464550264550264,0.1812565750111089,0.10581776077714168,0.02,0.16575613500453146
0,beszeit|sparkont|telef,0.7572486772486773,0.17969855603540813,0.08653728258087882,0.0,0.15435398629123992
0,hoehe|pers|wohn,0.7398941798941798,0.17876682169592722,0.09717290682893205,0.02,0.16660670118878423
0,alter|pers|sparkont,0.7453968253968255,0.1786758331201766,0.08403826310082003,0.006666666666666667,0.15470212976466488
0,alter|hoehe|verw,0.7056084656084656,0.18362748149768968,0.09769452813457045,0.013333333333333334,0.1806640345433444
1,beruf|gastarb|wohnzeit,0.8006349206349206,0.15931314204630975,0.10146082908906265,0.0,0.12189071192741993
1,rate|sparkont|telef,0.8004232804232804,0.1705997845908,0.14118591706317288,0.0,0.1312427969594829
1,famges|sparkont|verw,0.7564021164021164,0.1740161785607801,0.07992891969458174,0.006666666666666667,0.15088538042401314
1,alter|bishkred|buerge,0.8033862433862434,0.15891002945320842,0.05448878999030535,0.006666666666666667,0.11812852976211778
1,bishkred|verm|wohn,0.8052910052910054,0.16049574148260276,0.08401538320103442,0.006666666666666667,0.12221726554611073
1,bishkred|buerge|weitkred,0.7953439153439154,0.1598788678039237,0.0931229709862356,0.006666666666666667,0.1273810986461555
1,pers|wohn|wohnzeit,0.8143915343915343,0.1586638020717957,0.0809891489267745,0.0,0.11314223674316357
1,beszeit|moral|verm,0.8042328042328042,0.15974406125504859,0.09340799921978468,0.02,0.13486372562886428
1,bishkred|pers|sparkont,0.8016931216931217,0.161931560839603,0.09993876451834954,0.0,0.12128422940249695
1,gastarb|moral|weitkred,0.7870899470899471,0.16417082655958762,0.08257723209552857,0.006666666666666667,0.13555770720666666
1,pers|sparkont|verm,0.7911111111111111,0.1639820002017194,0.11203466659862148,0.0,0.12531599448094646
1,bishkred|verm|weitkred,0.7917460317460318,0.16170481506150775,0.10926126420527431,0.02,0.13420285279338695
1,buerge|laufkont|wohn,0.7568253968253968,0.1954950870566253,0.15355736638130135,0.013333333333333334,0.15624572287684516
1,gastarb|verm|wohn,0.7976719576719576,0.16223651697686017,0.082353304449477,0.006666666666666667,0.12709500320734554
1,beruf|moral|weitkred,0.794074074074074,0.1636410669537488,0.0925073423402439,0.006666666666666667,0.1287944520353833
1,beszeit|rate|wohnzeit,0.8146031746031747,0.15625117030075245,0.11739671078472103,0.0,0.11337828109976013
1,beruf|moral|verw,0.78010582010582,0.16785763150604371,0.08562855770228353,0.013333333333333334,0.13956005522276976
1,bishkred|moral|pers,0.806984126984127,0.15936665824515928,0.09656095617137211,0.006666666666666667,0.1203684243937563
1,alter|famges|weitkred,0.7983068783068782,0.16523366928891067,0.08334315300339154,0.006666666666666667,0.1301095869586431
1,rate|verm|weitkred,0.7993650793650793,0.16273365830303285,0.08491704958951596,0.006666666666666667,0.12371300051546597
2,hoehe|telef|verm,0.7468783068783069,0.1806169867295686,0.08470820976452753,0.0,0.1392413258780929
2,alter|hoehe|telef,0.7564021164021164,0.17830554536424417,0.05930650077816295,0.0,0.13525923905316675
2,alter|famges|weitkred,0.7688888888888888,0.16988219636220026,0.1005694879034194,0.0,0.1190105061489534
2,alter|laufzeit|moral,0.7223280423280423,0.18893215232183144,0.11604661842776784,0.006666666666666667,0.16809434502467163
2,laufzeit|pers|weitkred,0.757037037037037,0.17461570317581343,0.13880939021716152,0.006666666666666667,0.1327532990849423
2,bishkred|famges|laufzeit,0.7597883597883598,0.17935212197307,0.0995813450763717,0.006666666666666667,0.13303429224537588
2,famges|gastarb|wohnzeit,0.7828571428571428,0.16675060677418452,0.10651039870241431,0.013333333333333334,0.11780640402660958
2,beszeit|famges|sparkont,0.7674074074074074,0.1716292469741567,0.07756528827192952,0.0,0.12923678091474664
2,hoehe|moral|wohnzeit,0.7608465608465609,0.17477615327100893,0.10874300290181786,0.006666666666666667,0.13264469753917774
2,bishkred|verm|weitkred,0.7627513227513227,0.17560080647811346,0.08278053863120255,0.0,0.12732979138794973
2,laufzeit|moral|wohnzeit,0.7513227513227513,0.17825258557091056,0.09060804376544358,0.013333333333333334,0.1398340909301365
2,laufzeit|rate|verm,0.7312169312169312,0.1885278819879849,0.08381152894168159,0.0,0.15979850872604534
2,alter|gastarb|laufzeit,0.7473015873015872,0.17805841233273537,0.05766541686910059,0.006666666666666667,0.14267588378209106
2,laufkont|laufzeit|moral,0.6118518518518519,0.2125167112060213,0.11412024712705994,0.04666666666666667,0.22589587335869837
2,alter|beruf|wohn,0.766984126984127,0.17474624285623086,0.09193706306385906,0.0,0.12710013861030753
2,laufzeit|moral|verw,0.7394708994708995,0.18189081716863434,0.07657162194694143,0.006666666666666667,0.1474310318136487
2,rate|sparkont|wohn,0.7466666666666667,0.19027085695058932,0.12269864886728657,0.0,0.1641048537413986
2,sparkont|telef|wohn,0.7466666666666667,0.1854482532797752,0.12555270264713445,0.0,0.14955367745764314
2,telef|verm|weitkred,0.7583068783068783,0.1751372498712077,0.10526241725321354,0.0,0.12949570653011197
2,moral|wohn|wohnzeit,0.7568253968253968,0.17574963990293735,0.11195179403551875,0.006666666666666667,0.12768317626337997
3,rate|verm|verw,0.7961904761904761,0.161037815665588,0.08684740712155084,0.006666666666666667,0.1202266790899942
3,famges|weitkred|wohn,0.7997883597883597,0.1644749170698539,0.115156663439556,0.006666666666666667,0.12352231050497278
3,beszeit|famges|telef,0.7877248677248677,0.16547788038925357,0.09740692989044333,0.006666666666666667,0.12016576598028919
3,bishkred|famges|laufzeit,0.7815873015873016,0.1739684918009118,0.09104522918569972,0.006666666666666667,0.12955372069841853
3,famges|laufkont|wohnzeit,0.7716402116402116,0.19554502659123987,0.12680488089466982,0.013333333333333334,0.13543747060701178
3,beszeit|moral|wohn,0.762962962962963,0.1723788197796007,0.08315793771999745,0.006666666666666667,0.1358417844155861
3,rate|verm|wohnzeit,0.8131216931216931,0.15810219074476364,0.09553865393617189,0.0,0.10324606156406294
3,buerge|hoehe|wohnzeit,0.8084656084656084,0.15855480343989514,0.11432806524245377,0.0,0.10759193082245112
3,rate|telef|verw,0.7964021164021163,0.16101649737636284,0.06667470048937923,0.006666666666666667,0.11738784302535157
3,bishkred|pers|rate,0.8048677248677248,0.15882553683013087,0.08091552049565404,0.0,0.11254850884692927
3,beruf|bishkred|telef,0.8086772486772487,0.15912049663377875,0.06645707976178895,0.0,0.10897295250754892
3,buerge|pers|wohnzeit,0.8118518518518518,0.15729163761300877,0.10565532844577791,0.0,0.10380313701188784
3,buerge|laufkont|telef,0.750899470899471,0.1941297955950275,0.11404822097015747,0.006666666666666667,0.1537273582865188
3,famges|hoehe|pers,0.8046560846560846,0.16328824653243265,0.09549000060026144,0.006666666666666667,0.11800989516561206
3,buerge|sparkont|verm,0.7906878306878307,0.167258482669024,0.09921423043928324,0.0,0.11709917553927071
3,buerge|moral|verw,0.7604232804232804,0.17162169197453106,0.0901760329203138,0.0,0.131395948694345
3,beszeit|laufkont|sparkont,0.7284656084656085,0.1922608319663256,0.08075465250008432,0.0,0.15192504746225133
3,alter|pers|sparkont,0.8052910052910053,0.16274252840334166,0.09318342214465544,0.0,0.11062174082315474
3,alter|buerge|verm,0.7932275132275133,0.16259711984732517,0.07477186746264275,0.0,0.11578550306089234
3,laufzeit|verm|wohnzeit,0.7892063492063492,0.16682399921634508,0.07020991015247804,0.0,0.11767284434767888
4,sparkont|verm|wohn,0.7828571428571429,0.1644925233839615,0.07289820860284855,0.013333333333333334,0.1321055654821925
4,bishkred|rate|verm,0.7987301587301587,0.15827296904789043,0.0648561022414706,0.03333333333333333,0.11200291033000406
4,famges|sparkont|verw,0.7754497354497354,0.16775375768018683,0.11619503552346042,0.02666666666666667,0.1321426901194107
4,alter|telef|weitkred,0.816931216931217,0.14975067747323537,0.07068264749195027,0.006666666666666667,0.1021014205388487
4,bishkred|buerge|moral,0.8025396825396826,0.15590098930033222,0.07615713274638211,0.013333333333333334,0.1117168059534149
4,beszeit|pers|telef,0.8207407407407409,0.14875258127143415,0.0716407003685865,0.013333333333333334,0.09948674650415493
4,famges|moral|rate,0.7911111111111111,0.16622484012800834,0.08718352672981561,0.006666666666666667,0.12343942201415835
4,bishkred|laufkont|weitkred,0.7631746031746032,0.19500081194010813,0.15590704901047936,0.07333333333333333,0.1509740120569253
4,beruf|wohn|wohnzeit,0.8091005291005291,0.15689857497102855,0.07754310917061397,0.013333333333333334,0.11042486445995955
4,famges|pers|wohn,0.815026455026455,0.15433645100494894,0.09969341598997356,0.02,0.10363692748743243
4,laufkont|sparkont|verw,0.6871957671957671,0.20750262182700194,0.1451034148700769,0.07333333333333333,0.186873241037684
4,gastarb|laufkont|telef,0.7398941798941799,0.1875522054137972,0.1141299953245876,0.06,0.161026770442681
4,bishkred|laufkont|moral,0.7411640211640211,0.18864883535101176,0.12198106343313181,0.06,0.16663706479194879
4,rate|verm|verw,0.7843386243386243,0.16323958798898347,0.06571426426440988,0.02666666666666667,0.12706209323180376
4,gastarb|laufzeit|wohnzeit,0.7813756613756614,0.16816132855068744,0.10603126655437257,0.006666666666666667,0.11778003419894692
4,famges|sparkont|weitkred,0.7951322751322751,0.1603003914602984,0.11706684217521608,0.013333333333333334,0.11878417664223878
4,famges|rate|wohnzeit,0.7978835978835979,0.16257731214352716,0.1006973736025209,0.02,0.11810493085163574
4,beszeit|laufkont|wohn,0.7748148148148148,0.18535298845634743,0.13131114182108722,0.04,0.14969437875315347
4,gastarb|verm|verw,0.7917460317460318,0.16275517325834465,0.09165832279946033,0.02666666666666667,0.12321410485631851
4,bishkred|laufkont|wohnzeit,0.7494179894179894,0.19210651282981794,0.14581255001385696,0.07333333333333333,0.1517527748946706
5,alter|beruf|bishkred,0.816931216931217,0.16004886835942944,0.0869878791003706,0.02666666666666667,0.09996663323124795
5,beruf|hoehe|pers,0.7947089947089948,0.16678242602150997,0.11317718338443176,0.04,0.11672678738315209
5,moral|verw|wohn,0.7720634920634921,0.1809969769700683,0.12306378006337831,0.03333333333333333,0.13435350692140707
5,famges|moral|pers,0.8086772486772487,0.16239219271234717,0.11935661216799295,0.013333333333333334,0.10767764893930755
5,alter|moral|weitkred,0.783068783068783,0.17541175314956622,0.10793567871155231,0.013333333333333334,0.12442408315327833
5,beruf|buerge|hoehe,0.795978835978836,0.16824419210130448,0.09679058165339935,0.03333333333333333,0.11473118374577518
5,famges|moral|telef,0.8004232804232804,0.1676051058006283,0.09670139232657333,0.006666666666666667,0.11270626119693437
5,famges|hoehe|sparkont,0.7853968253968254,0.16434531008823489,0.14273853762884614,0.04,0.116681647763051
5,gastarb|telef|wohn,0.826031746031746,0.15786197376062053,0.11351839152443698,0.006666666666666667,0.09275486423561108
5,famges|moral|verw,0.777989417989418,0.18084121780051182,0.1366360595515867,0.03333333333333333,0.1281516094968779
5,alter|sparkont|wohnzeit,0.7853968253968254,0.17710306476194096,0.11691678681825511,0.013333333333333334,0.12402367751931015
5,bishkred|hoehe|weitkred,0.797037037037037,0.165982896893693,0.10650847028484811,0.04666666666666667,0.11576148929422894
5,beszeit|rate|verm,0.8296296296296296,0.15884806798633036,0.1269431587970467,0.02,0.11648693349750475
5,beruf|rate|verm,0.8251851851851851,0.1634894664702052,0.11986665197894221,0.02,0.1152661515190298
5,bishkred|laufkont|moral,0.7322751322751323,0.19072994270856578,0.13192303257963411,0.08,0.1612474668041642
5,alter|hoehe|wohnzeit,0.7815873015873016,0.17285900467370977,0.1125965523008939,0.04,0.1214212626439039
5,famges|verm|wohn,0.8342857142857144,0.14902512344475374,0.0826090552624857,0.02,0.09693510913850978
5,gastarb|verm|wohn,0.8256084656084657,0.1523341078236884,0.10965886143809644,0.02,0.09442440062838324
5,laufkont|laufzeit|rate,0.7464550264550265,0.18775318374213498,0.14270376637246793,0.04,0.1449714507111417
5,laufkont|sparkont|wohnzeit,0.7276190476190476,0.1889073668004812,0.14037095361947494,0.08,0.16375672369493183
6,bishkred|buerge|pers,0.8188359788359787,0.15372242244145468,0.09067163483616326,0.006666666666666667,0.10142798434256976
6,gastarb|wohn|wohnzeit,0.8154497354497354,0.15279953143575858,0.07408874474909462,0.013333333333333334,0.10490424753182717
6,alter|gastarb|telef,0.7896296296296296,0.1667608937199474,0.11013637297920181,0.006666666666666667,0.12847303879942518
6,laufzeit|telef|weitkred,0.7908994708994709,0.16483937291773637,0.09525420516635456,0.006666666666666667,0.12202444729425832
6,alter|beszeit|hoehe,0.7947089947089948,0.162133275021138,0.08525618647635358,0.013333333333333334,0.11918261563954682
6,buerge|pers|wohn,0.8332275132275132,0.14815947501533983,0.07414778456398075,0.006666666666666667,0.09056695597153859
6,gastarb|laufkont|weitkred,0.7453968253968255,0.1841335217861437,0.10791769583763798,0.02666666666666667,0.15200394911552942
6,beruf|bishkred|wohnzeit,0.8061375661375662,0.15743858277909709,0.12801323754955066,0.013333333333333334,0.10793733512219605
6,beszeit|verm|weitkred,0.8078306878306878,0.15927159935146964,0.09224521653104072,0.006666666666666667,0.11353655114725195
6,alter|telef|weitkred,0.7987301587301587,0.1625828352125123,0.10233974906353004,0.006666666666666667,0.11985832341635855
6,bishkred|gastarb|rate,0.7959788359788359,0.16725125136061988,0.09394369310049476,0.006666666666666667,0.1268346508599972
6,beruf|hoehe|weitkred,0.7955555555555556,0.16063706136888375,0.09798794761042706,0.013333333333333334,0.11514269326159723
6,bishkred|gastarb|laufkont,0.7475132275132275,0.1837813064710232,0.09989634916918584,0.02666666666666667,0.1549577073183411
6,gastarb|pers|wohnzeit,0.8082539682539682,0.15529728947990187,0.07480572663894174,0.013333333333333334,0.1086236794055618
6,beruf|hoehe|sparkont,0.8012698412698414,0.16426131821364487,0.08829732639413877,0.0,0.1162209589572917
6,beszeit|verm|weitkred,0.8078306878306878,0.15927159935146964,0.09224521653104072,0.006666666666666667,0.11353655114725195
6,verm|wohn|wohnzeit,0.8154497354497355,0.15446184649478592,0.10216057051543485,0.013333333333333334,0.10504479330603994
6,famges|laufzeit|telef,0.7777777777777777,0.16855089190729985,0.06875741338548906,0.006666666666666667,0.12723007592505828
6,buerge|famges|moral,0.7811640211640212,0.16932011499834,0.08079469310734111,0.006666666666666667,0.13232150187747682
6,rate|telef|weitkred,0.8002116402116402,0.17108671049612548,0.14509500530819908,0.006666666666666667,0.13631664137206062
7,rate|verw|wohn,0.7813756613756614,0.17218199163270706,0.06272932781737964,0.03333333333333333,0.12744484925925836
7,alter|telef|weitkred,0.8165079365079364,0.15545306702380246,0.13758516631986747,0.02,0.09833298631751346
7,bishkred|buerge|pers,0.824973544973545,0.15204281680403617,0.13016572204015925,0.02666666666666667,0.093456059386404
7,bishkred|famges|pers,0.8120634920634922,0.15935863546462334,0.10593776386745601,0.06666666666666667,0.1027816090640058
7,bishkred|pers|verw,0.7879365079365079,0.16803198631817448,0.10274171684778989,0.04,0.11961142535232587
7,gastarb|hoehe|laufkont,0.7570370370370371,0.20989700771564082,0.1832562263364925,0.08666666666666667,0.14856997256376997
7,gastarb|sparkont|wohnzeit,0.8194708994708995,0.15660895691210133,0.09262287708271456,0.013333333333333334,0.10336676068628256
7,buerge|hoehe|rate,0.8074074074074075,0.16472868174450078,0.08773699218008371,0.02,0.11087807250232848
7,beruf|bishkred|laufzeit,0.7985185185185185,0.15609508017551146,0.10312799724736633,0.04666666666666667,0.11635338281005264
7,beszeit|laufkont|moral,0.7326984126984126,0.19191660666452398,0.14377053505614756,0.07333333333333333,0.15176811648137145
7,beruf|gastarb|wohn,0.8131216931216931,0.15372373703031705,0.10063292953435114,0.03333333333333333,0.10561689236018898
7,laufzeit|moral|telef,0.7957671957671957,0.16069615348864164,0.09110629335651936,0.013333333333333334,0.11048761446179785
7,alter|bishkred|telef,0.8067724867724868,0.15917008302151592,0.14946059408516552,0.02666666666666667,0.10677849976809377
7,laufkont|rate|sparkont,0.7360846560846561,0.19133920645825508,0.12658619113843494,0.03333333333333333,0.1541420645401308
7,alter|telef|verw,0.7815873015873016,0.16825247395917856,0.10795835259514905,0.04,0.122279547034677
7,buerge|hoehe|verw,0.7851851851851851,0.16848900305001155,0.10369008623693267,0.03333333333333333,0.12029994541586525
7,hoehe|laufkont|pers,0.7542857142857142,0.2155807905532429,0.19101032092000866,0.10666666666666667,0.14568670760809715
7,buerge|gastarb|hoehe,0.8133333333333334,0.15540958040774158,0.10016430930941131,0.02666666666666667,0.10435476376830027
7,famges|gastarb|wohn,0.8057142857142857,0.16209590241345515,0.09018308686583124,0.03333333333333333,0.10677171018011258
7,laufkont|pers|telef,0.7750264550264551,0.1995141588671319,0.16592077968732008,0.08,0.1339692768080185
8,moral|wohn|wohnzeit,0.7976719576719576,0.15943894306620285,0.10939711245235274,0.0,0.11542720906131776
8,famges|laufzeit|wohn,0.8152380952380952,0.16443092981959395,0.10424452818189155,0.013333333333333334,0.11343712767591238
8,bishkred|buerge|moral,0.8044444444444444,0.15493410565194907,0.11406585090776868,0.006666666666666667,0.11668466772646809
8,bishkred|laufkont|telef,0.7274074074074074,0.18612180488529168,0.11878009562429032,0.04666666666666667,0.17448685548950948
8,gastarb|laufzeit|weitkred,0.804021164021164,0.16046479201618,0.09818485393695316,0.006666666666666667,0.11064131643388048
8,gastarb|hoehe|pers,0.8061375661375662,0.1536621420408383,0.0723518343816128,0.013333333333333334,0.11716956070374566
8,buerge|laufkont|moral,0.7255026455026455,0.17858903573847223,0.09423840108653318,0.02666666666666667,0.1998819921914547
8,famges|laufkont|telef,0.7187301587301589,0.1942014387721989,0.12619338556882612,0.06666666666666667,0.17628434360646195
8,alter|famges|wohn,0.7974603174603175,0.1628554328382937,0.07996679546933232,0.02,0.11596365284760005
8,alter|laufkont|sparkont,0.7108994708994709,0.18058705278480416,0.08110775919706524,0.04,0.1861251016051978
8,beruf|bishkred|wohnzeit,0.8112169312169312,0.15569252532090133,0.06273382911347739,0.013333333333333334,0.10899462946825486
8,laufkont|verm|weitkred,0.72,0.18840062367105082,0.12092960179923805,0.04666666666666667,0.18405172150860893
8,beruf|bishkred|laufkont,0.7348148148148148,0.18689463392947112,0.13873435176590118,0.04666666666666667,0.1728180329972625
8,alter|hoehe|weitkred,0.7974603174603175,0.15975745648033177,0.0886093353046561,0.006666666666666667,0.11592788687569214
8,bishkred|hoehe|verw,0.7879365079365079,0.16267418714762827,0.04888011042055597,0.02666666666666667,0.12599809106586218
8,moral|rate|sparkont,0.7693121693121693,0.1797079956698906,0.13538881144235998,0.0,0.15434969282598
8,bishkred|famges|rate,0.7983068783068783,0.1641517656137119,0.0727522961744219,0.006666666666666667,0.11642999340616496
8,moral|sparkont|wohn,0.7682539682539682,0.16953595248246145,0.13086634801652536,0.0,0.13567916476582484
8,alter|buerge|verw,0.7993650793650793,0.15673860735331033,0.05971275770631516,0.02,0.11664282565523469
8,buerge|gastarb|hoehe,0.8139682539682539,0.15156139513535127,0.0902432303938483,0.013333333333333334,0.10987296878148743
9,hoehe|verm|wohnzeit,0.7843386243386242,0.16834387972625148,0.08871025444004454,0.006666666666666667,0.13957223139681302
9,bishkred|famges|rate,0.762116402116402,0.17632761514693712,0.0982994373164952,0.006666666666666667,0.1467633604428184
9,sparkont|telef|wohn,0.7604232804232804,0.17294345799684757,0.07740476358592394,0.0,0.14700540958793443
9,bishkred|telef|weitkred,0.7765079365079365,0.17098044468555315,0.08278610893376777,0.0,0.13579638577638162
9,pers|verw|wohnzeit,0.7462433862433863,0.1767250323521939,0.07437925152852636,0.013333333333333334,0.16705888916314465
9,alter|buerge|rate,0.7424338624338624,0.17682754614851856,0.05647252628055476,0.006666666666666667,0.16323717900779525
9,alter|rate|wohn,0.7665608465608467,0.16980588453773515,0.06742212459990135,0.006666666666666667,0.15079253851822552
9,alter|laufzeit|sparkont,0.7297354497354498,0.18028640206480304,0.040120279592342344,0.0,0.1549127894288707
9,beszeit|bishkred|moral,0.780952380952381,0.17298750548812533,0.11353580550514843,0.0,0.138601690753575
9,famges|hoehe|moral,0.7536507936507936,0.17735234336443276,0.06603148579095197,0.0,0.15386595551203
9,gastarb|laufzeit|pers,0.7504761904761904,0.1760325156986876,0.09960231957250645,0.0,0.15018148380454355
9,alter|telef|wohnzeit,0.7650793650793649,0.1714511971699425,0.09771518655655811,0.013333333333333334,0.14776992268300765
9,beszeit|verm|verw,0.7422222222222222,0.17682499099307497,0.05827579975413955,0.0,0.15892693166397304
9,moral|pers|telef,0.7551322751322751,0.17444162760123055,0.07287258946375508,0.0,0.1511240309967543
9,famges|hoehe|pers,0.7593650793650794,0.17655717789571918,0.09485690309319719,0.006666666666666667,0.15170295468800982
9,laufzeit|rate|sparkont,0.7238095238095238,0.18166377929092087,0.07902557356848791,0.0,0.160215906603639
9,alter|buerge|laufzeit,0.748994708994709,0.1767045967975537,0.046694595155389984,0.0,0.14934699549130787
9,buerge|laufzeit|telef,0.7506878306878307,0.1760239682890366,0.05697539147475258,0.0,0.14681833296886976
9,beruf|hoehe|pers,0.7671957671957672,0.17177494093102222,0.0841634622252751,0.0,0.1439314830933277
9,alter|pers|verm,0.7661375661375661,0.17015945984444342,0.0493797342295911,0.006666666666666667,0.14901606357452868
10,laufkont|moral|pers,0.7873015873015873,0.18580745794967796,0.12261795476589317,0.006666666666666667,0.1385635499068671
10,pers|verw|wohn,0.8118518518518518,0.15708453006805506,0.07127420358539152,0.0,0.10729727078758844
10,beszeit|bishkred|telef,0.8224338624338624,0.15448848339985072,0.07917479525530724,0.0,0.10049294926812821
10,alter|sparkont|weitkred,0.83005291005291,0.15429559811407326,0.09644816313645442,0.0,0.09267245383917895
10,bishkred|famges|wohnzeit,0.8154497354497354,0.15835410034589767,0.0726721066665528,0.0,0.10731701859296885
10,alter|beszeit|verw,0.8171428571428572,0.15730757788703567,0.07246091356398204,0.0,0.10237219597064715
10,hoehe|laufzeit|moral,0.8158730158730159,0.15796255519557786,0.0802979823749822,0.006666666666666667,0.11207835030138975
10,gastarb|verm|wohn,0.8364021164021164,0.15203549287877233,0.09150871135224949,0.0,0.09347907261114935
10,moral|verm|weitkred,0.8433862433862434,0.14957123591118057,0.10451430384203778,0.0,0.0909939194991863
10,alter|beruf|wohnzeit,0.8406349206349206,0.1501297631853917,0.08837530075813801,0.0,0.08630697569003316
10,beszeit|hoehe|laufkont,0.7790476190476191,0.19513774192710642,0.1216318289319649,0.013333333333333334,0.13524024734244866
10,buerge|sparkont|verw,0.7928042328042328,0.167516170416264,0.09339843673808643,0.0,0.12084074649363252
10,famges|hoehe|rate,0.8103703703703704,0.16084698902577355,0.04737043653065952,0.0,0.11004557284313116
10,buerge|gastarb|wohn,0.815026455026455,0.1572709217618046,0.07763018741864552,0.0,0.10498126733362198
10,gastarb|rate|sparkont,0.8008465608465609,0.16683139688369278,0.09486737362006928,0.0,0.1148918486142527
10,beruf|beszeit|moral,0.8298412698412698,0.1544390300828553,0.09616876600257156,0.0,0.09790997968078277
10,gastarb|hoehe|wohn,0.8253968253968254,0.15481626143373153,0.07667776209777183,0.006666666666666667,0.10089738090501266
10,laufkont|pers|verw,0.7627513227513227,0.19055175974663924,0.12619358589260354,0.02,0.14994119837777287
10,beruf|beszeit|bishkred,0.827936507936508,0.1532654368280092,0.08093682167180424,0.006666666666666667,0.09799877269942155
10,beszeit|famges|verw,0.7953439153439154,0.16387862312232526,0.0648013282056495,0.006666666666666667,0.11707503910254088
11,buerge|famges|pers,0.7805291005291005,0.16675854846536756,0.11070768832746603,0.013333333333333334,0.12077221622998104
11,moral|verm|verw,0.7263492063492063,0.18203666922132558,0.07702715593997327,0.013333333333333334,0.15966753548344384
11,beszeit|moral|verm,0.747936507936508,0.17530370028195913,0.09398240753617962,0.006666666666666667,0.14418188472007812
11,alter|pers|wohnzeit,0.7606349206349207,0.16815404552432203,0.07880231800952467,0.02666666666666667,0.14356886627902748
11,beruf|famges|verw,0.7549206349206349,0.1767057420619955,0.07676612293557719,0.03333333333333333,0.14434862443075974
11,gastarb|pers|wohnzeit,0.7682539682539682,0.16846372736584317,0.06232790108888733,0.02,0.13374389260366085
11,beruf|gastarb|sparkont,0.7576719576719577,0.1745257781266455,0.08516892445982062,0.013333333333333334,0.1460170394534342
11,hoehe|sparkont|wohn,0.7276190476190477,0.1786767400671032,0.11394445989043826,0.03333333333333333,0.1711052608981037
11,bishkred|hoehe|verm,0.7255026455026455,0.18120346023796302,0.09741768277102325,0.05333333333333334,0.16282391289202952
11,alter|laufzeit|wohnzeit,0.7388359788359788,0.17493107520479328,0.06931859902440526,0.02666666666666667,0.15912258777863109
11,laufzeit|pers|verm,0.7407407407407408,0.17679242416939425,0.088385983750694,0.03333333333333333,0.1528108047758685
11,beszeit|telef|verw,0.744973544973545,0.17643232994756744,0.09000936819131175,0.006666666666666667,0.14867815737618614
11,gastarb|rate|sparkont,0.76,0.17971371472822734,0.11537215384395796,0.013333333333333334,0.1578562739755624
11,beszeit|laufkont|weitkred,0.7168253968253969,0.20219199583148625,0.14810648814328695,0.06666666666666667,0.18870492701713443
11,bishkred|verm|weitkred,0.7610582010582011,0.17418110224878133,0.09455477401207057,0.02666666666666667,0.1397182990409786
11,beruf|beszeit|wohnzeit,0.7657142857142857,0.1687004572962723,0.09238997065653128,0.013333333333333334,0.13838361232263832
11,buerge|gastarb|pers,0.7718518518518518,0.16986559722332775,0.0764649145942244,0.006666666666666667,0.1275158990556085
11,beruf|sparkont|wohnzeit,0.7551322751322751,0.1718489596023653,0.07864681979183533,0.02,0.15442065474374023
11,buerge|laufkont|wohnzeit,0.7164021164021164,0.20347119777638337,0.14910506130403506,0.08666666666666667,0.17431537755677812
11,buerge|moral|wohnzeit,0.7553439153439153,0.17532869597966352,0.1105629303549383,0.006666666666666667,0.14247165656498784
12,sparkont|verw|wohnzeit,0.6768253968253968,0.20375607381468547,0.0999619916334449,0.02,0.18529943302672552
12,hoehe|rate|weitkred,0.6256084656084656,0.21726714547470474,0.1541803979289875,0.03333333333333333,0.23215265290839776
12,laufkont|laufzeit|verw,0.6177777777777778,0.22784422174778612,0.16573151835050146,0.08,0.24679981128497802
12,beszeit|hoehe|verw,0.6647619047619047,0.20196491552101728,0.11351758764302651,0.04,0.2014475074649181
12,laufkont|pers|weitkred,0.6173544973544973,0.23071557506006363,0.18630538109584913,0.1,0.24380381783322794
12,alter|sparkont|wohn,0.6562962962962963,0.20673344459912774,0.13333433266744352,0.02666666666666667,0.20462565372587538
12,pers|sparkont|verm,0.6387301587301588,0.21891107671026963,0.15006858866612635,0.013333333333333334,0.21862689349265235
12,famges|gastarb|verm,0.652063492063492,0.212367097492729,0.11864131306075446,0.04,0.20564712154827183
12,bishkred|hoehe|wohnzeit,0.648042328042328,0.2140074271953001,0.15474589299608102,0.04,0.2154454679683427
12,buerge|rate|verm,0.624973544973545,0.22143688527990676,0.15661226825139168,0.02666666666666667,0.23887494024744493
12,alter|hoehe|rate,0.6277248677248677,0.21690788132968275,0.12856629039373707,0.02666666666666667,0.22163944895475518
12,beruf|verm|weitkred,0.6461375661375661,0.21706656165121482,0.11526102878964242,0.04,0.2135152397174525
12,moral|weitkred|wohn,0.6495238095238095,0.2121295057628616,0.11541060637065412,0.05333333333333334,0.21403727066077147
12,bishkred|hoehe|sparkont,0.6338624338624338,0.2175062687159476,0.15897018599380341,0.013333333333333334,0.21124201394122533
12,gastarb|telef|verw,0.6675132275132275,0.20313879934306436,0.1193298869183882,0.02666666666666667,0.20096511371508885
12,gastarb|sparkont|telef,0.6399999999999999,0.21667651985259762,0.12205176965323111,0.02,0.22169751823365555
12,beruf|sparkont|wohn,0.6603174603174603,0.20875271720226157,0.12748678195379595,0.02666666666666667,0.2047081809036071
12,beruf|beszeit|verm,0.6486772486772487,0.21051663955260247,0.14077800079184893,0.04,0.21098058999863825
12,beszeit|gastarb|laufkont,0.6156613756613756,0.22504501569353327,0.16859012026874878,0.09333333333333334,0.2498513405741581
12,beszeit|bishkred|rate,0.6313227513227513,0.21232162662882614,0.12325064277182704,0.04666666666666667,0.2206094860857372
13,bishkred|laufzeit|moral,0.6988359788359788,0.18806815468745489,0.08509169152395389,0.013333333333333334,0.17752246570302654
13,beruf|pers|verw,0.7212698412698412,0.1785615943464191,0.11428557547775064,0.04,0.18057852067833474
13,hoehe|laufkont|sparkont,0.6711111111111111,0.2000707576304003,0.1236246967397823,0.006666666666666667,0.18812703339851702
13,famges|moral|telef,0.6996825396825397,0.18989300165942966,0.06311526652031528,0.013333333333333334,0.17869085308835186
13,bishkred|laufkont|moral,0.6313227513227513,0.2098169723726145,0.10343868572460733,0.04,0.22985024921722916
13,beszeit|buerge|telef,0.6979894179894179,0.18735786271835222,0.07758098368045915,0.02,0.18041214985709986
13,verm|weitkred|wohn,0.7312169312169312,0.17619170006380216,0.06576069843566727,0.02666666666666667,0.18097444274075847
13,laufkont|weitkred|wohnzeit,0.6423280423280423,0.2111739316943426,0.11984625894424142,0.04,0.21843673708480393
13,pers|verw|weitkred,0.7178835978835978,0.18040333858636204,0.11109103131605129,0.04666666666666667,0.1885993987269706
13,bishkred|laufzeit|wohn,0.7111111111111111,0.18485003705789244,0.08679425163424359,0.02,0.16951440567154463
13,beszeit|buerge|telef,0.6979894179894179,0.18735786271835222,0.07758098368045915,0.02,0.18041214985709986
13,gastarb|laufkont|sparkont,0.6732275132275133,0.20033785799597315,0.10307555347505673,0.006666666666666667,0.1874500757782964
13,verw|weitkred|wohnzeit,0.717037037037037,0.18286943137667636,0.10549051173073362,0.04,0.18817067967324358
13,beszeit|buerge|laufzeit,0.695026455026455,0.18561248233327532,0.06607703617408608,0.02,0.1768833197537133
13,famges|gastarb|verw,0.7117460317460317,0.18453102657806086,0.06808785637227438,0.04,0.1790586943411015
13,moral|telef|verw,0.707936507936508,0.18470261795854084,0.09838018426457372,0.013333333333333334,0.18310635599145478
13,gastarb|moral|verm,0.72,0.18032097697242697,0.10073590055883647,0.02,0.18769084887589282
13,telef|verm|verw,0.7348148148148148,0.1739939895706126,0.11227931043060775,0.02666666666666667,0.18285581470538181
13,verm|verw|weitkred,0.7343915343915344,0.17447141752127593,0.0917518340661124,0.04666666666666667,0.1940276711525198
13,bishkred|buerge|verw,0.7073015873015873,0.18153280297226537,0.08431548524122012,0.04666666666666667,0.19069787558289086
14,hoehe|rate|sparkont,0.8332275132275133,0.1693817713200779,0.15655282843724863,0.006666666666666667,0.14193165145663764
14,pers|sparkont|telef,0.8025396825396824,0.16685218805230861,0.14002217211652715,0.006666666666666667,0.14971525561991073
14,beszeit|famges|verw,0.7932275132275133,0.16737895704900987,0.10952979876590516,0.02666666666666667,0.1557615049527042
14,beruf|laufzeit|telef,0.8088888888888889,0.15972112276777195,0.10491294871555461,0.013333333333333334,0.13294119606003685
14,alter|laufzeit|pers,0.7983068783068782,0.16276539720553265,0.10435131786247145,0.02,0.13433006724640117
14,laufzeit|sparkont|verm,0.8129100529100528,0.1625787327559767,0.11441455649186331,0.006666666666666667,0.13366330350566302
14,pers|telef|verw,0.8129100529100529,0.15641751545776927,0.13618350936133872,0.02,0.13416159238028486
14,beszeit|laufzeit|wohnzeit,0.804021164021164,0.16019829589614035,0.11419215361991558,0.013333333333333334,0.1340124403222368
14,beruf|verm|wohnzeit,0.8116402116402118,0.15446348182692418,0.08639610033826216,0.02,0.12543544567479198
14,buerge|laufzeit|moral,0.7578835978835979,0.17484277915866905,0.1037594801300873,0.013333333333333334,0.15469339452882333
14,beszeit|gastarb|verw,0.8107936507936507,0.15586469895766378,0.09844167745876015,0.02,0.13320984949628117
14,laufkont|laufzeit|rate,0.7477248677248677,0.17920769404536877,0.08194904331231719,0.013333333333333334,0.16673754518080075
14,buerge|gastarb|pers,0.8122751322751324,0.15540471446861318,0.0835832250490668,0.013333333333333334,0.11345703755846416
14,telef|verw|wohnzeit,0.8107936507936507,0.1575716680279208,0.12192234454813913,0.013333333333333334,0.13368557329833305
14,buerge|laufzeit|moral,0.7578835978835979,0.17484277915866905,0.1037594801300873,0.013333333333333334,0.15469339452882333
14,rate|weitkred|wohn,0.8317460317460317,0.15249648372972927,0.1404509620656359,0.006666666666666667,0.10676858332440768
14,beszeit|gastarb|laufkont,0.7375661375661376,0.18197528966580243,0.10376992303399245,0.02666666666666667,0.16886733359268777
14,alter|beruf|wohnzeit,0.7961904761904762,0.15963744457794693,0.11695120142943258,0.02,0.13295498138593756
14,laufzeit|pers|verm,0.8088888888888889,0.15839774762264242,0.12413152419307914,0.02,0.12821007206545879
14,laufzeit|telef|verm,0.8057142857142857,0.15989497581111767,0.12413656071320632,0.013333333333333334,0.1296363621986048
15,beszeit|laufkont|laufzeit,0.6827513227513228,0.21151627708311344,0.14968786037039816,0.04,0.17530148081642893
15,beszeit|famges|laufzeit,0.72,0.18335971351417849,0.09966235821757001,0.013333333333333334,0.15111052063169245
15,moral|rate|telef,0.7153439153439154,0.2093387276315187,0.14847751358863764,0.006666666666666667,0.20445283564341066
15,moral|pers|weitkred,0.7087830687830688,0.19185394459691954,0.1393018800015467,0.006666666666666667,0.16511877259061275
15,alter|verm|weitkred,0.7212698412698413,0.18457684771025565,0.12277286854648195,0.006666666666666667,0.1479338201767938
15,gastarb|telef|wohn,0.7064550264550264,0.19038244101241372,0.13825027654209263,0.006666666666666667,0.1588744806403115
15,bishkred|wohn|wohnzeit,0.7331216931216932,0.18378589971199655,0.09722268311703668,0.02,0.1407082518406888
15,beszeit|sparkont|telef,0.7255026455026454,0.18707796557509462,0.11082181965641766,0.0,0.14758755107378774
15,moral|weitkred|wohn,0.7007407407407408,0.19305717454403626,0.12601825043109816,0.006666666666666667,0.16900160135198716
15,beruf|moral|wohnzeit,0.7081481481481482,0.19214221618706054,0.14051723460828772,0.013333333333333334,0.17024859623345046
15,beruf|famges|moral,0.7041269841269842,0.1905529632876194,0.04279855945487667,0.013333333333333334,0.16640340125836212
15,beruf|bishkred|wohnzeit,0.7382010582010582,0.18199068365624843,0.10585039187664659,0.02,0.14066583204422506
15,gastarb|verw|wohnzeit,0.7011640211640211,0.19052480724235654,0.10854597454482068,0.02666666666666667,0.16258241469612067
15,famges|weitkred|wohn,0.7134391534391534,0.18726227548105168,0.0894279588624378,0.013333333333333334,0.1528435458212748
15,alter|bishkred|verm,0.7388359788359788,0.18187216901829392,0.13746772839623292,0.02,0.1380871991829199
15,bishkred|gastarb|laufkont,0.6922751322751323,0.20819529994802818,0.1726887231466593,0.06,0.16821523845435787
15,beszeit|rate|sparkont,0.7475132275132275,0.1870211319952332,0.09426466331972004,0.0,0.15412960978343973
15,beszeit|moral|verm,0.7195767195767195,0.1851494919715438,0.11501907221317254,0.013333333333333334,0.15644327197711047
15,gastarb|moral|wohnzeit,0.6992592592592592,0.19461709026111104,0.12858917644881115,0.013333333333333334,0.1758289592676106
15,beruf|famges|wohn,0.7155555555555556,0.1867478636296013,0.08618016490770614,0.013333333333333334,0.15183098220129607
16,bishkred|buerge|hoehe,0.7310052910052911,0.18733012984671404,0.11503780242418638,0.05333333333333334,0.1561244381225673
16,gastarb|moral|weitkred,0.7168253968253968,0.1925166535007663,0.09935258538925056,0.04,0.16952214062748758
16,alter|bishkred|sparkont,0.7242328042328042,0.19396835146796543,0.11111628732522504,0.04,0.1562857859648252
16,beruf|laufkont|wohn,0.69989417989418,0.23186776929010838,0.21034420708892268,0.14,0.17699127558936953
16,gastarb|laufkont|pers,0.6742857142857143,0.2353271675008663,0.2040777064193741,0.14,0.1910275026680484
16,beruf|beszeit|famges,0.7557671957671958,0.17796202702963987,0.14605263175655195,0.06,0.1397134663346529
16,alter|laufzeit|verm,0.7343915343915344,0.18447744999101442,0.11146313567891009,0.05333333333333334,0.15622821685652724
16,bishkred|pers|telef,0.7487830687830688,0.1827049606176612,0.11646885924327753,0.05333333333333334,0.14346086607760752
16,famges|pers|rate,0.755978835978836,0.1843283987689017,0.08423429341733459,0.02,0.13994901427020745
16,laufzeit|pers|rate,0.7511111111111111,0.18332951310926365,0.11412022281668147,0.03333333333333333,0.14654260058046004
16,beruf|famges|wohnzeit,0.7528042328042328,0.1829017346990333,0.1345046671541868,0.06,0.1422873381242324
16,beszeit|laufkont|laufzeit,0.670899470899471,0.2472717028513076,0.22518855978627447,0.16666666666666666,0.20109230778062032
16,beszeit|laufzeit|telef,0.7413756613756614,0.1844070463970095,0.0978450507280912,0.04666666666666667,0.1495561956095208
16,alter|beruf|rate,0.7754497354497355,0.17461184782654773,0.09786738093581732,0.013333333333333334,0.13288585843905765
16,beszeit|buerge|verw,0.7470899470899471,0.18242892890139145,0.1126751205316214,0.06,0.14408107196986666
16,rate|verw|wohn,0.7682539682539683,0.17511677681590376,0.08098843012320149,0.03333333333333333,0.12833490778570222
16,alter|hoehe|laufkont,0.6844444444444444,0.23922016438571858,0.21947144845043356,0.15333333333333332,0.18946938543171887
16,famges|verm|verw,0.7422222222222222,0.18422839827305665,0.08989464562368336,0.06666666666666667,0.1496265641200899
16,sparkont|telef|verw,0.7229629629629629,0.1904946434013183,0.12303190239461738,0.04666666666666667,0.15922454667299216
16,laufzeit|telef|wohn,0.7407407407407408,0.18291975455341156,0.11859869113456116,0.04,0.15076489087332967
17,moral|weitkred|wohnzeit,0.8321693121693122,0.15181629095217214,0.10915067129039038,0.0,0.09605557714973728
17,alter|bishkred|famges,0.8425396825396825,0.14856372325565653,0.06781659235422687,0.006666666666666667,0.0930283716507706
17,hoehe|pers|wohn,0.8349206349206348,0.1497760566453026,0.06746710996038156,0.0,0.09329127716442631
17,laufkont|moral|sparkont,0.7316402116402116,0.18658205688337018,0.09656277180985605,0.006666666666666667,0.16640380989470444
17,bishkred|moral|sparkont,0.8230687830687831,0.15841925578419544,0.12478271210275893,0.0,0.11621956490471103
17,buerge|laufzeit|wohn,0.8266666666666667,0.15208314911367823,0.08401273986668323,0.0,0.09778299067765078
17,gastarb|laufkont|verm,0.8357671957671958,0.18676315452283557,0.13876319496447542,0.013333333333333334,0.11218622518183845
17,beruf|buerge|famges,0.8374603174603173,0.14982739012522803,0.07402142571618488,0.0,0.09307979058368385
17,laufkont|laufzeit|rate,0.8101587301587301,0.17749980784229147,0.14034127321312526,0.013333333333333334,0.1260500277654382
17,beszeit|moral|sparkont,0.8162962962962963,0.16182460052158723,0.12061255666421353,0.0,0.11395943861647986
17,hoehe|laufkont|verm,0.806984126984127,0.1957490640936231,0.1437993097943884,0.03333333333333333,0.12923116773044263
17,laufkont|moral|weitkred,0.7718518518518518,0.18436505755121568,0.1062955810153762,0.013333333333333334,0.14843761824921856
17,beruf|gastarb|wohn,0.8397883597883599,0.1477573798809401,0.06053904552319208,0.0,0.09188966832907491
17,buerge|wohn|wohnzeit,0.8325925925925926,0.15138063903300408,0.10050658275173803,0.0,0.09526963925958744
17,beruf|hoehe|weitkred,0.833015873015873,0.15046876142078836,0.06901390067812117,0.006666666666666667,0.0993568479136532
17,beszeit|pers|wohn,0.8408465608465608,0.1483698667824596,0.08420314098620853,0.0,0.09144153173744012
17,alter|rate|telef,0.8486772486772486,0.14669274883651887,0.10538573522248366,0.0,0.08812596727565597
17,bishkred|hoehe|weitkred,0.8336507936507936,0.15130303232891548,0.06579929940240484,0.006666666666666667,0.09988356277770225
17,beszeit|gastarb|telef,0.8446560846560847,0.1474430017281544,0.11691630136345196,0.0,0.08756515942476603
17,hoehe|telef|verw,0.8332275132275132,0.15105296565418944,0.0833449146223684,0.006666666666666667,0.09839873414972543
18,beruf|beszeit|laufkont,0.7458201058201058,0.19335315439319734,0.11020029839492929,0.006666666666666667,0.15736751342253819
18,bishkred|telef|weitkred,0.7678306878306879,0.17077460151273888,0.06965296151621476,0.0,0.12765194937330276
18,gastarb|laufzeit|sparkont,0.7458201058201057,0.17736573955963716,0.12267990200428061,0.0,0.1333587911079616
18,hoehe|sparkont|telef,0.7544973544973544,0.17390844306873432,0.058012463073410736,0.0,0.13386756079492418
18,buerge|hoehe|rate,0.7580952380952382,0.17455032831379225,0.07068388994586723,0.0,0.1307428681902638
18,famges|laufzeit|verm,0.7553439153439152,0.178076012436112,0.09944238597230465,0.0,0.13293566811322802
18,gastarb|moral|pers,0.7405291005291006,0.1754518028742892,0.07637421322551075,0.0,0.14374620840395322
18,pers|weitkred|wohn,0.7591534391534392,0.17810897115244803,0.07120941898804754,0.006666666666666667,0.13920617751438008
18,bishkred|laufzeit|telef,0.7587301587301587,0.17499415278564545,0.09380582641195978,0.0,0.12961005350471502
18,beszeit|rate|weitkred,0.7741798941798941,0.17065780282800677,0.06715147761452016,0.0,0.13038432417231083
18,bishkred|gastarb|verm,0.7811640211640212,0.16861537081046057,0.0772228956683674,0.0,0.12091556310452567
18,beszeit|hoehe|verm,0.7496296296296296,0.17495279579922068,0.07361891725265203,0.0,0.14188793190510468
18,bishkred|pers|telef,0.783068783068783,0.16815616195144956,0.13859034434816495,0.0,0.11983239707288132
18,beruf|beszeit|buerge,0.773968253968254,0.16967317333301005,0.07430008097984403,0.0,0.1249913184710475
18,alter|hoehe|sparkont,0.7555555555555555,0.17515906221842736,0.07402182029982687,0.0,0.13370812183814645
18,famges|weitkred|wohnzeit,0.7674074074074074,0.17562960307218284,0.08488308188136857,0.0,0.13162575770141174
18,alter|laufzeit|rate,0.7551322751322751,0.17489071433237754,0.08455211193064431,0.0,0.1276934972744478
18,famges|telef|wohn,0.773968253968254,0.17802108106410341,0.08767440584277279,0.0,0.12811758611231716
18,beszeit|telef|verm,0.7773544973544974,0.16752597337804484,0.05067554379629442,0.0,0.12338188223999497
18,beszeit|hoehe|pers,0.7447619047619047,0.17696093531555113,0.05674866609349162,0.0,0.14335425932638818
19,alter|famges|hoehe,0.804021164021164,0.15591688114932842,0.11938010046397256,0.03333333333333333,0.12849739978982266
19,famges|hoehe|moral,0.7798941798941799,0.16685571994606774,0.0666460359200468,0.013333333333333334,0.12980129255982198
19,bishkred|weitkred|wohnzeit,0.8249735449735449,0.14793878354148285,0.09135794858459503,0.03333333333333333,0.12089322596112503
19,famges|laufkont|sparkont,0.7659259259259259,0.1831003493271905,0.11242954958099266,0.04666666666666667,0.16256518148931087
19,rate|verw|wohn,0.8148148148148147,0.14799813833631628,0.10122072969641799,0.02666666666666667,0.1298580338398556
19,beruf|laufzeit|weitkred,0.8361904761904762,0.14506667943021842,0.10234503268556422,0.02,0.1109434251757892
19,gastarb|hoehe|pers,0.8281481481481482,0.14695611111707024,0.10416157582951659,0.02,0.10617966812933617
19,alter|famges|wohn,0.8122751322751323,0.15371414008007728,0.12508085361385862,0.03333333333333333,0.13107354639688082
19,alter|laufkont|verw,0.7621164021164022,0.18478051214318045,0.12810609646542345,0.05333333333333334,0.17265205354053184
19,hoehe|laufkont|pers,0.8061375661375662,0.1795765793819355,0.1347273140832233,0.03333333333333333,0.14888112668235043
19,laufkont|sparkont|verw,0.7667724867724869,0.18394562271112422,0.11863721404256052,0.03333333333333333,0.15922871102791852
19,alter|laufkont|wohn,0.7894179894179896,0.17115707700215205,0.09808748989446922,0.02666666666666667,0.15051638195903996
19,beszeit|gastarb|laufzeit,0.8427513227513228,0.14452185649867857,0.0877216340521605,0.013333333333333334,0.10441424089454951
19,bishkred|gastarb|weitkred,0.8315343915343915,0.14678467570670706,0.08213575595414929,0.02666666666666667,0.11629382779173994
19,gastarb|moral|wohn,0.8131216931216931,0.15618529653801722,0.08227417034185994,0.013333333333333334,0.11128906989671405
19,gastarb|hoehe|sparkont,0.8217989417989418,0.1499839178084907,0.0998527974317396,0.006666666666666667,0.10557869180691797
19,hoehe|laufzeit|rate,0.8262433862433861,0.1442722182449276,0.12694908483322015,0.013333333333333334,0.10558169010890389
19,alter|beszeit|sparkont,0.8122751322751323,0.15832919948235308,0.11852360653484807,0.02,0.1422706409426717
19,famges|telef|verm,0.8091005291005291,0.15331359927599866,0.10920291477901736,0.03333333333333333,0.12950888837626387
19,bishkred|famges|telef,0.8184126984126984,0.15147619645323487,0.1445620322924067,0.03333333333333333,0.12085157487596584
